user_key,rt_source,weight
4ever1937,Kasparov63,1
4ever1937,KatasonovaMaria,1
4ever1937,dansenor,1
4ever1937,gabeschoenfeld,1
4ever1937,politico,1
4ever1937,rabid_child,1
4mysquad,DrJillStein,1
4mysquad,GunterGSharp,1
4mysquad,JeanetteJing,1
4mysquad,Phil_Lewis_,1
4mysquad,djiboutique,1
4mysquad,jjack9400,1
6druz,NevskyAlexandr,1
6druz,RomaAcorn,1
6druz,a_malahov,1
6druz,realDonaldTrump,1
6druz,tina_kandelaki,1
_billy_moyer_,patrick_hostis,1
_nickluna_,1FishingGoddess,1
_nickluna_,2ALAW,1
_nickluna_,4elissab,1
_nickluna_,AC360,1
_nickluna_,ACommonSenseWay,1
_nickluna_,AIIAmericanGirI,2
_nickluna_,AZPatriot01,1
_nickluna_,AbnInfVet,1
_nickluna_,AgendaOfEvil,1
_nickluna_,AlRobins2015,1
_nickluna_,AllRepublicans,1
_nickluna_,Always_Trump,1
_nickluna_,America_1st_,1
_nickluna_,AmericanMex067,1
_nickluna_,AmyMek,1
_nickluna_,AnnCoulter,2
_nickluna_,AnthonyVVeiner,1
_nickluna_,ArcticFox2016,1
_nickluna_,BTeboe,1
_nickluna_,BayShoreIsHome,1
_nickluna_,BestRDSP,1
_nickluna_,Beth4Freedom,1
_nickluna_,Bidenshairplugz,1
_nickluna_,BourgelasJen,1
_nickluna_,CBSNews,1
_nickluna_,CLARITY1963,1
_nickluna_,CUBASIKASTRONO,1
_nickluna_,Callisto1947,1
_nickluna_,CarmineZozzora,1
_nickluna_,CastingBallot,1
_nickluna_,Cernovich,1
_nickluna_,CherryFyre,1
_nickluna_,ChristiChat,1
_nickluna_,ChristieC733,1
_nickluna_,CodeAud,1
_nickluna_,ColbyST1,1
_nickluna_,CooknCooks,1
_nickluna_,CounterJihadUS,1
_nickluna_,DRUDGE_REPORT,1
_nickluna_,D_Dextra,1
_nickluna_,DanScavino,2
_nickluna_,Darren32895836,1
_nickluna_,Democrat_4Trump,3
_nickluna_,EnterQuotes,1
_nickluna_,EntheosShines,1
_nickluna_,Etherkat,1
_nickluna_,FLNJ312,1
_nickluna_,FaithBased92,1
_nickluna_,FiveRights,2
_nickluna_,Flufferstuff,1
_nickluna_,FoxNews,3
_nickluna_,FranCifelli,1
_nickluna_,FreeBeacon,1
_nickluna_,GarrettSimpson_,2
_nickluna_,GartrellLinda,1
_nickluna_,Ginlefebvre,1
_nickluna_,GiselleEvns,1
_nickluna_,GoldStarMomTX55,1
_nickluna_,GregJaye,3
_nickluna_,GrrrGraphics,1
_nickluna_,HEYWALIO21,1
_nickluna_,HahnAmerica,1
_nickluna_,HalleyBorderCol,2
_nickluna_,HillaryClinton,1
_nickluna_,HillaryLostMe,1
_nickluna_,HomerWhite,1
_nickluna_,HossReynolds,1
_nickluna_,HouseCracka,1
_nickluna_,IAmJohnSparks,2
_nickluna_,InGodIDoTrust,6
_nickluna_,Inforwarrior2,1
_nickluna_,Ivorysnow3567,1
_nickluna_,JCRaskaus,1
_nickluna_,JackBPR,1
_nickluna_,JamesOKeefeIII,1
_nickluna_,Janetlarose1,1
_nickluna_,JeffSanchezz,2
_nickluna_,JohnKStahlUSA,3
_nickluna_,JohnTurscak,1
_nickluna_,Jude_Lamb,1
_nickluna_,Judianna,1
_nickluna_,KellyannePolls,2
_nickluna_,KimJ1011,1
_nickluna_,KinMapper,1
_nickluna_,KurtSchlichter,1
_nickluna_,KyleWRowley,1
_nickluna_,LSUJEFF,1
_nickluna_,Lagartija_Nix,1
_nickluna_,Larryputt,2
_nickluna_,LatestAnonNews,1
_nickluna_,LauraWalkerKC,1
_nickluna_,LeroyLovesUSA,3
_nickluna_,LibertyBell1000,1
_nickluna_,LibertysFreedom,1
_nickluna_,Liljunjon,1
_nickluna_,LisaVikingstad,1
_nickluna_,Liz_Cheney,1
_nickluna_,Logan_WhatsUp,1
_nickluna_,LordKnighticus,1
_nickluna_,LorenzoCastane3,1
_nickluna_,LouDobbs,1
_nickluna_,MDidaskalos,1
_nickluna_,Maria1Florida1,1
_nickluna_,MarissaImStrong,1
_nickluna_,MarkAlmost,6
_nickluna_,MarkSKrikorian,1
_nickluna_,McDebida,1
_nickluna_,MiceeMouse,1
_nickluna_,MikeBates,1
_nickluna_,Mil0Blake,1
_nickluna_,MkSpeaksHisMind,2
_nickluna_,MooAnn64,1
_nickluna_,MuNcH1Ez,1
_nickluna_,NoPrisoners08,1
_nickluna_,NolteNC,1
_nickluna_,NozNewz_com,1
_nickluna_,NubianAwakening,1
_nickluna_,OnMessageForHer,1
_nickluna_,P0TUSTrump,1
_nickluna_,PJStrikeForce,1
_nickluna_,PVeritas_Action,1
_nickluna_,PamelaGeller,1
_nickluna_,PatDollard,5
_nickluna_,PatriotBlake,2
_nickluna_,PeterAlexander,1
_nickluna_,Portosj81J,1
_nickluna_,PriceForPierce,2
_nickluna_,PrisonPlanet,1
_nickluna_,RT_com,1
_nickluna_,Raphael_Don_,2
_nickluna_,RealDJTrumpTeam,1
_nickluna_,RedNationRising,1
_nickluna_,RepublicanChick,1
_nickluna_,RichardWeaving,1
_nickluna_,RiverronE,2
_nickluna_,Roark__,1
_nickluna_,Robertfata1,1
_nickluna_,RyanMaxwell_1,4
_nickluna_,STRONG_OPED,1
_nickluna_,S_T_O_P_TERROR,1
_nickluna_,SammyJr07,1
_nickluna_,SchottMama,1
_nickluna_,ScottPresler,1
_nickluna_,SebGorka,1
_nickluna_,Ssmfarley777,1
_nickluna_,Stanley_Cox_,2
_nickluna_,StatesPoll,1
_nickluna_,Stevenwhirsch99,3
_nickluna_,Sue_Brown,1
_nickluna_,SusaYung,1
_nickluna_,TEN_GOP,1
_nickluna_,TRUMPMOVEMENTUS,1
_nickluna_,TeamTrump,5
_nickluna_,TedJoy71,1
_nickluna_,TerryBPark1,1
_nickluna_,TheCoffeeQueen2,1
_nickluna_,TheLastRefuge2,1
_nickluna_,TheRebelTV,1
_nickluna_,TheRickWilson,1
_nickluna_,The_Anti_Fox,2
_nickluna_,Third_Position,1
_nickluna_,Tom_Francois,1
_nickluna_,TorstenSjoberg,1
_nickluna_,TroyBlayne,1
_nickluna_,TrumpPassion16,1
_nickluna_,TrumpVolume,1
_nickluna_,USAHipster,1
_nickluna_,US_Army_Vet,2
_nickluna_,VA_GOP,1
_nickluna_,Vote4Life2016,1
_nickluna_,VoteTrumpPics,2
_nickluna_,WDFx2EU7,2
_nickluna_,WDFx2EU8,2
_nickluna_,WayneDupreeShow,2
_nickluna_,WeNeedHillary,1
_nickluna_,_HankRearden,1
_nickluna_,_Makada_,1
_nickluna_,_Proud_American,1
_nickluna_,akawhit1,1
_nickluna_,albybrava,2
_nickluna_,amrightnow,1
_nickluna_,anonymityone,1
_nickluna_,anthony76730120,1
_nickluna_,asamjulian,2
_nickluna_,avermillion,1
_nickluna_,basedmattforney,1
_nickluna_,beny_benson,1
_nickluna_,bfraser747,3
_nickluna_,blaubok,1
_nickluna_,bluestwocents,1
_nickluna_,brunelldonald,1
_nickluna_,cathydit,1
_nickluna_,ceasarishome,1
_nickluna_,clairlemon,1
_nickluna_,commonpatriot,1
_nickluna_,cristinalaila1,1
_nickluna_,daxtonbrown,1
_nickluna_,debraraes,1
_nickluna_,debraslack,1
_nickluna_,dexton7,1
_nickluna_,dixiefortrump,1
_nickluna_,dkm177,1
_nickluna_,dmartosko,1
_nickluna_,donald_j_durden,1
_nickluna_,dosdelimas,1
_nickluna_,dpdp303,1
_nickluna_,drginareghetti,1
_nickluna_,drscott_atlanta,1
_nickluna_,fairNtrue,1
_nickluna_,farai,1
_nickluna_,galanfink,1
_nickluna_,gerfingerpoken,5
_nickluna_,gerfingerpoken2,1
_nickluna_,hale_razor,1
_nickluna_,hectormorenco,1
_nickluna_,heyits_toby,1
_nickluna_,hollandpatrickk,1
_nickluna_,hughhewitt,1
_nickluna_,hyddrox,1
_nickluna_,iResistAll,1
_nickluna_,immigrant4trump,2
_nickluna_,instapundit,1
_nickluna_,ipscone,1
_nickluna_,jackson3pack,1
_nickluna_,jamieleecurtis,1
_nickluna_,jbmesser53,3
_nickluna_,jefflcohen,1
_nickluna_,jerome_corsi,2
_nickluna_,jewishalways,2
_nickluna_,joeyyeo13,1
_nickluna_,jonhabart,1
_nickluna_,jstines3,1
_nickluna_,justonepatriot,1
_nickluna_,koupdetat,1
_nickluna_,kttk234567,1
_nickluna_,kvictoria1103,1
_nickluna_,ladymacbeth1212,1
_nickluna_,lakewoodbob,1
_nickluna_,lalauraru777,1
_nickluna_,landofmind1,1
_nickluna_,lauracgilleslil,1
_nickluna_,lellygal,1
_nickluna_,leonpui_,1
_nickluna_,lookupfolks,1
_nickluna_,loremeltz,1
_nickluna_,lorischovanec,1
_nickluna_,lybr3,1
_nickluna_,maddezmom,1
_nickluna_,manny_ottawa,1
_nickluna_,marilynkj,1
_nickluna_,maryfloor,1
_nickluna_,mauriciod44,1
_nickluna_,michaelbeatty3,1
_nickluna_,missouriwolfman,1
_nickluna_,mitchellvii,2
_nickluna_,mtracey,1
_nickluna_,mzee26,1
_nickluna_,newtgingrich,1
_nickluna_,nolefan01,1
_nickluna_,normagenie,1
_nickluna_,nycsouthpaw,1
_nickluna_,ophidianpilot,1
_nickluna_,pastormarkburns,1
_nickluna_,paxdickinson,1
_nickluna_,powerglobalus,1
_nickluna_,prospectia,1
_nickluna_,pulpark,1
_nickluna_,pupiczech,1
_nickluna_,realDonaldTrump,7
_nickluna_,realFirearms,2
_nickluna_,realJohnGibbs,1
_nickluna_,realkingrobbo,1
_nickluna_,remnantnews,1
_nickluna_,riogithief,1
_nickluna_,seanhannity,1
_nickluna_,sebastian1965,1
_nickluna_,sluggoD54,1
_nickluna_,ssullivan315,1
_nickluna_,stone2050,1
_nickluna_,tasteofaz,1
_nickluna_,tea0704,1
_nickluna_,teapartylive,1
_nickluna_,tedcruz,1
_nickluna_,thehill,1
_nickluna_,trumpquility1,2
_nickluna_,tvogvo,1
_nickluna_,uberyacht,1
_nickluna_,uncarich854,1
_nickluna_,usa2016election,1
_nickluna_,vasanna11,1
_nickluna_,wesntex,1
_nickluna_,worldgoneweird,1
_nickluna_,xBenJamminx,1
_nickluna_,yankeebrit77,1
_nickluna_,yessireeclay,1
_nickluna_,ync1994,1
_sashalapin,IntheNow_tweet,1
_sashalapin,RT_America,4
_sashalapin,RT_com,3
_sashalapin,The_Trump_Train,1
_sashalapin,WeNeedTrump,1
_sashalapin,realDonaldTrump,1
_sashalapin,zerohedge,1
aantiracist,ATLBlackStar,1
aantiracist,BleacherReport,1
aantiracist,DJ_LEGION_ONE,1
aantiracist,EPWVLaw,1
aantiracist,HipHopNewsOne,1
aantiracist,JamilSmith,1
aantiracist,JoyAnnReid,2
aantiracist,KelleyLCarter,1
aantiracist,LorenzaOrrin,1
aantiracist,MTVNews,1
aantiracist,MissJupiter1957,1
aantiracist,MotherJones,1
aantiracist,MsPackyetti,1
aantiracist,OANN,1
aantiracist,PeoplesReport,1
aantiracist,PostPolls,1
aantiracist,SherSpooner,1
aantiracist,TheDailyEdge,1
aantiracist,TheRevAl,1
aantiracist,TruthOuter,1
aantiracist,blicqer,4
aantiracist,djolder,1
aantiracist,docrocktex26,1
aantiracist,em2wice,1
aantiracist,fivefifths,1
aantiracist,justinjm1,1
aantiracist,kurteichenwald,1
aantiracist,paix120,1
aantiracist,pooter03,1
aantiracist,rolandsmartin,1
aantiracist,theintercept,1
aantiracist,trueblacknews,1
abigailssilk,ATHEIST_Blessed,1
abigailssilk,HassanMoKhan,1
abigailssilk,HeHasntTweeted,1
abigailssilk,LoLo_OOC,1
abigailssilk,MelvinSRoberts,1
abigailssilk,Michael_Oh2L,1
abigailssilk,PresidentJeffPJ,1
abigailssilk,Redlinesi10,1
abigailssilk,TaraSetmayer,1
abigailssilk,ginger621853,1
abigailssilk,mrmischiefnz,1
abigailssilk,randilynisin,1
abigailssilk,screechmonkey,1
acejinev,2DopeBoyz,1
acejinev,ABC,2
acejinev,Africanfighter,1
acejinev,BkSherm1,1
acejinev,BruceBartlett,1
acejinev,FiveThirtyEight,1
acejinev,GreenPartyUS,2
acejinev,HaroldItz,1
acejinev,HaroldWNelson,1
acejinev,HillaryClinton,2
acejinev,JamilSmith,1
acejinev,JuddLegum,1
acejinev,KeithOlbermann,1
acejinev,Kimberly124,1
acejinev,L4urynKing,1
acejinev,MoreAndAgain,1
acejinev,MrNegroMilitant,2
acejinev,OOsal,1
acejinev,RawStory,1
acejinev,RevBooksChi,1
acejinev,RichelleCarey,1
acejinev,SarahDnycity,1
acejinev,SenDanSullivan,1
acejinev,SocialIssueNews,1
acejinev,TherealTaraji,1
acejinev,TransGriot,1
acejinev,Wary12,1
acejinev,Xpressionable,1
acejinev,ZaidJilani,1
acejinev,angela_rye,1
acejinev,blackplanet,1
acejinev,blackrepublican,1
acejinev,blicqer,2
acejinev,brianstelter,1
acejinev,dagr8fm,1
acejinev,dcexaminer,1
acejinev,drmistercody,1
acejinev,drudgeheadlines,1
acejinev,es_snipes,1
acejinev,ggreenwald,1
acejinev,grahamgdogg,1
acejinev,igorvolsky,1
acejinev,indieeverythang,1
acejinev,jojokejohn,1
acejinev,jonfavs,1
acejinev,kurteichenwald,1
acejinev,laurie_hilliard,1
acejinev,leahmcelrath,1
acejinev,lifeandmorelife,1
acejinev,mosaicgraffiti,1
acejinev,nine_oh,2
acejinev,radicalhearts,1
acejinev,rolandsmartin,1
acejinev,sarahsophief,1
acejinev,sinfulweeknd,1
acejinev,tchop__StL,1
acejinev,timkmak,1
acejinev,turrbohirsch,1
acejinev,vicenews,1
adamchapmanjr,BLK_DIASPORAS,1
adamchapmanjr,BobSouth2012,1
adamchapmanjr,ChuckModi1,1
adamchapmanjr,Fusion,1
adamchapmanjr,HappilyNappily,1
adamchapmanjr,HotBlkCoffee,1
adamchapmanjr,JamilSmith,2
adamchapmanjr,JohnRMoffitt,1
adamchapmanjr,KeithOlbermann,1
adamchapmanjr,Ms_Brina,1
adamchapmanjr,Newsweek,1
adamchapmanjr,NicholsUprising,1
adamchapmanjr,POLITICOMag,1
adamchapmanjr,StopMassIncNet,1
adamchapmanjr,TalibKweli,1
adamchapmanjr,TransGriot,2
adamchapmanjr,Wu_Tang_Finance,1
adamchapmanjr,astridtv1,1
adamchapmanjr,blackplanet,1
adamchapmanjr,blicqer,2
adamchapmanjr,chanelpuke,1
adamchapmanjr,colbertlateshow,1
adamchapmanjr,darrensands,1
adamchapmanjr,djolder,1
adamchapmanjr,drumbeats4peace,1
adamchapmanjr,freeandclear1,1
adamchapmanjr,ggreenwald,1
adamchapmanjr,latimes,1
adamchapmanjr,limitlesskait,1
adamchapmanjr,paulnuttallukip,1
adamchapmanjr,promisedamutant,1
adamchapmanjr,rochelleriley,1
adamchapmanjr,thehill,1
adamchapmanjr,vj44,2
adrgreerr,AnandWrites,1
adrgreerr,BlackYouthProj,1
adrgreerr,JoyAnnReid,1
adrgreerr,Luvvie,1
adrgreerr,OANN,1
adrgreerr,TalibKweli,1
adrgreerr,TheFinalCall,1
adrgreerr,djolder,2
adrgreerr,evanasmith,2
adrgreerr,richardhine,1
adrgreerr,thehill,1
adrienne_gg,1losthillbilly,1
adrienne_gg,AndyHashtagger,1
adrienne_gg,AnnoGalactic,1
adrienne_gg,Born_To_DYE,1
adrienne_gg,ChrixMorgan,1
adrienne_gg,Gamiliell,1
adrienne_gg,Jarmadillos,1
adrienne_gg,KeswickPinhead,1
adrienne_gg,Latent_Fury,1
adrienne_gg,MauriceMichael,1
adrienne_gg,MelvinSRoberts,1
adrienne_gg,OnPirateSat,1
adrienne_gg,SandiBurkhart,1
adrienne_gg,SebastianBae,1
adrienne_gg,SeeDaneRun,1
adrienne_gg,TaraSetmayer,1
adrienne_gg,Thor_2000,1
adrienne_gg,TimKcomic,1
adrienne_gg,chiefplan1,1
adrienne_gg,effiekling,1
adrienne_gg,im_srishabh21,1
adrienne_gg,lyndseybell98,1
adrienne_gg,midnight,1
adrienne_gg,randilynisin,1
adrienne_gg,squatchdiary,1
adrienne_gg,stormynights10,1
adrienne_gg,therealezway,2
adrienne_gg,xNICKTAYLORx,1
aiden7757,AndyHashtagger,1
aiden7757,CumuloPhallus,2
aiden7757,DanaGeezus,1
aiden7757,Dreamweasel,1
aiden7757,Enjoneer01,1
aiden7757,FiveRights,1
aiden7757,GG70882020,1
aiden7757,GeffGefferson1,1
aiden7757,Jarmadillos,1
aiden7757,KipperNY42,1
aiden7757,LLCalrissian,1
aiden7757,Loca2733Mc,1
aiden7757,MelvinSRoberts,1
aiden7757,Nick_Pettigrew,1
aiden7757,PepeSupremist,1
aiden7757,SandiBurkhart,1
aiden7757,SugarGretel,1
aiden7757,T_Bonezzz_,1
aiden7757,Townsend_S_W,1
aiden7757,WHOAwhatthefuck,1
aiden7757,WhatIsJeopardy,1
aiden7757,WonderWoman934,1
aiden7757,chiefplan1,2
aiden7757,cynthiajones11,1
aiden7757,ddindy04,1
aiden7757,effiekling,1
aiden7757,im_srishabh21,1
aiden7757,kevin_m_hart,1
aiden7757,kuzco890,1
aiden7757,meyer2311,1
aiden7757,rhonlirob,1
aiden7757,samkalidi,1
aiden7757,stephens_pt,1
aiden7757,stormynights10,2
aiden7757,theTonyGee,1
aiden7757,theclobra,1
aiden7757,therealezway,1
aiden7757,tncomedy,1
aldrich420,1VoiceMatters,1
aldrich420,2late4bed,1
aldrich420,Bliss_Ville,1
aldrich420,DanScavino,1
aldrich420,DataBoots,1
aldrich420,DonaldJTrumpJr,2
aldrich420,DrienaSixto,1
aldrich420,GiselleEvns,1
aldrich420,InGodIDoTrust,5
aldrich420,Jenn_Abrams,1
aldrich420,McDebida,1
aldrich420,MichelleArry,1
aldrich420,PatDollard,1
aldrich420,RobManess,1
aldrich420,StatesPoll,1
aldrich420,Third_Position,1
aldrich420,TorstenSjoberg,1
aldrich420,UnPoliticalPrty,1
aldrich420,Youxia88,1
aldrich420,akawhit1,2
aldrich420,gerfingerpoken,3
aldrich420,mikandynothem,1
aldrich420,pcr241,1
aldrich420,pgpfoundation,1
aldrich420,sethweathers,1
aldrich420,wikileaks,1
alecmooooody,2016Opinion,1
alecmooooody,262MEBrown,1
alecmooooody,3yeAmHe,1
alecmooooody,ABCWorldNews,1
alecmooooody,APBusiness,1
alecmooooody,AchmarBinSchibi,1
alecmooooody,AdamParkhomenko,1
alecmooooody,AdamsFlaFan,1
alecmooooody,AdeleK8771,1
alecmooooody,Aframerica,1
alecmooooody,AirborneChick,1
alecmooooody,AliciaBeck20,1
alecmooooody,AmyDugan,1
alecmooooody,Annikaleia,1
alecmooooody,BBCRealityCheck,1
alecmooooody,Backstorymom1,2
alecmooooody,BeardedDre,1
alecmooooody,BeautyBind,1
alecmooooody,Bencjacobs,1
alecmooooody,Big6domino,1
alecmooooody,Bipartisanism,2
alecmooooody,Blackamazon,1
alecmooooody,Blavity,2
alecmooooody,BloombergTV,1
alecmooooody,Bluegirl_3,1
alecmooooody,BradleyOwen2,1
alecmooooody,BrianPaulStuart,1
alecmooooody,BrunoAmato_1,1
alecmooooody,CDZ_999,1
alecmooooody,CNN,1
alecmooooody,CNNPolitics,1
alecmooooody,CapehartJ,1
alecmooooody,CatholicDems,1
alecmooooody,CherokeeNative3,1
alecmooooody,CocoPazzo,1
alecmooooody,ColossILL,1
alecmooooody,CorrectRecord,1
alecmooooody,Crankyerma,1
alecmooooody,DCleaks_,1
alecmooooody,DLin71,1
alecmooooody,DRUDGE_REPORT,1
alecmooooody,DanniGeeNYC,1
alecmooooody,Davewellwisher,1
alecmooooody,DavidCornDC,1
alecmooooody,Deadlyalpaca,1
alecmooooody,DebbiDelicious,1
alecmooooody,DebiDkruse,1
alecmooooody,Delo_Taylor,1
alecmooooody,DemocraticLifer,2
alecmooooody,DrJasonJohnson,1
alecmooooody,DrJenGunter,1
alecmooooody,EdAsante77,1
alecmooooody,ElijahLowe43,1
alecmooooody,Eric_Jotkoff,1
alecmooooody,EuliEul,1
alecmooooody,ForQ2,1
alecmooooody,FoxNews,1
alecmooooody,Freeyourmindkid,1
alecmooooody,FuckBarrel_PAC,1
alecmooooody,GideonResnick,1
alecmooooody,GottiLavida,1
alecmooooody,GrooveSDC,1
alecmooooody,Gus_802,1
alecmooooody,HalloweenBlogs,1
alecmooooody,HarvardBiz,1
alecmooooody,HawaiiDelilah,1
alecmooooody,HeerJeet,1
alecmooooody,HillaryClinton,3
alecmooooody,Honey17011,1
alecmooooody,HotLiberalGuy,1
alecmooooody,HumanRtsV,1
alecmooooody,HunterHRC2016,1
alecmooooody,HuskyBro_Inc,1
alecmooooody,JRKiefer1,1
alecmooooody,JRehling,1
alecmooooody,JSavoly,1
alecmooooody,JamesJordy,1
alecmooooody,JamilSmith,1
alecmooooody,JaniceGW,3
alecmooooody,JasonMillerinDC,1
alecmooooody,Jax6655,1
alecmooooody,JeanetteJing,1
alecmooooody,Jen_Marden,1
alecmooooody,JessieGorovitz,1
alecmooooody,JimDabakis,1
alecmooooody,JoeBiden,1
alecmooooody,JordanChariton,1
alecmooooody,JordanDane,1
alecmooooody,JoyAnnReid,2
alecmooooody,JustinRaimondo,1
alecmooooody,KaivanShroff,1
alecmooooody,Karoli,1
alecmooooody,KatMcKinley,1
alecmooooody,Kaygirl8Lawana,1
alecmooooody,KeithOlbermann,2
alecmooooody,KenGoldsholl,1
alecmooooody,KillerMartinis,1
alecmooooody,Kris_Sacrebleu,1
alecmooooody,KyleKulinski,1
alecmooooody,LOLGOP,1
alecmooooody,LadyOnTheMuna,1
alecmooooody,LarrySabato,1
alecmooooody,LatinoUSA,1
alecmooooody,LawyerRogelio,1
alecmooooody,LeeJasper,1
alecmooooody,LiberalMmama,1
alecmooooody,LifeOfThad,2
alecmooooody,Lis_Smith,1
alecmooooody,Lloyd_Oski,2
alecmooooody,LouisFarrakhan,2
alecmooooody,MEPFuller,1
alecmooooody,MLKstudios,1
alecmooooody,MadAboutYou77,1
alecmooooody,MarlowNYC,2
alecmooooody,Mary4MN,1
alecmooooody,McBlondeLand,1
alecmooooody,MichaelTCoffee,1
alecmooooody,MoaninMary,1
alecmooooody,MohamedGhilan,1
alecmooooody,MoreAndAgain,1
alecmooooody,MotherJones,1
alecmooooody,MtnMD,1
alecmooooody,NJMSeattle,1
alecmooooody,NRO,1
alecmooooody,NYDNgossip,1
alecmooooody,NaYaKnoMi,1
alecmooooody,Nate_Cohn,1
alecmooooody,NewDay,1
alecmooooody,Niggaspiracies,1
alecmooooody,OKCFOX,1
alecmooooody,Only4RM,1
alecmooooody,ParkerMolloy,1
alecmooooody,PrisonPlanet,1
alecmooooody,Progress4OHIO,3
alecmooooody,PutinistaJonez,1
alecmooooody,QrsChocolate,2
alecmooooody,RVAfuture,1
alecmooooody,Rain_Surname,1
alecmooooody,RawStory,3
alecmooooody,ReverendWrath,1
alecmooooody,RonHall46,1
alecmooooody,Rxbun,1
alecmooooody,SankofaMind,1
alecmooooody,ScofieldDidIt89,1
alecmooooody,SeaDimon,1
alecmooooody,SeanMcElwee,1
alecmooooody,SheWhoVotes,1
alecmooooody,SilERabbit,1
alecmooooody,Slate,4
alecmooooody,SocialPowerOne1,2
alecmooooody,SophiaCannon,1
alecmooooody,SouthSeaGold,1
alecmooooody,SpringerKM,1
alecmooooody,StephieGilley,1
alecmooooody,Suma4720,1
alecmooooody,Suntimes,1
alecmooooody,TEK_OG,1
alecmooooody,TUSK81,1
alecmooooody,TalibKweli,3
alecmooooody,Taniel,1
alecmooooody,TeeTweetsHere,1
alecmooooody,TheAcronymMaker,1
alecmooooody,TheBaxterBean,1
alecmooooody,ThePlumLineGS,1
alecmooooody,TheRealNews,1
alecmooooody,TheRickyDavila,1
alecmooooody,TheUndefeated,1
alecmooooody,TheWomensWatch,1
alecmooooody,TheXclass,1
alecmooooody,TheYoungTurks,3
alecmooooody,TinaDupuy,1
alecmooooody,ToriAdams1,1
alecmooooody,Truth247,1
alecmooooody,TulsiGabbard,2
alecmooooody,Twitlertwit,1
alecmooooody,UncleRUSH,1
alecmooooody,VABVOX,1
alecmooooody,VLRAmyCurtis,1
alecmooooody,VV4Change,1
alecmooooody,Valdensius,1
alecmooooody,Variety,1
alecmooooody,Vcondley2,1
alecmooooody,W7VOA,1
alecmooooody,WEKetchum,1
alecmooooody,Walldo,2
alecmooooody,Ward4Anderson,2
alecmooooody,WhiteHouse,1
alecmooooody,XMorphPhoenix,1
alecmooooody,YaoMingMtEverst,1
alecmooooody,ZaibatsuNews,1
alecmooooody,_Makada_,1
alecmooooody,_Malikalovess,1
alecmooooody,_blackintellect,1
alecmooooody,abresler,1
alecmooooody,abutler04,1
alecmooooody,activist360,1
alecmooooody,adbridgeforth,1
alecmooooody,amaditalks,1
alecmooooody,ananavarro,1
alecmooooody,angelenoesther,1
alecmooooody,avatarsucks,1
alecmooooody,benchmarkpol,1
alecmooooody,bennydiego,2
alecmooooody,bfraser747,1
alecmooooody,bigmacher,1
alecmooooody,blackflag_2012,1
alecmooooody,blacqer,1
alecmooooody,blakehounshell,1
alecmooooody,blicqer,5
alecmooooody,borzou,1
alecmooooody,bpolitics,1
alecmooooody,brandonbaskin,1
alecmooooody,brianefallon,1
alecmooooody,brikeilarcnn,1
alecmooooody,cafedotcom,1
alecmooooody,carolburris,1
alecmooooody,chellegaylor24,1
alecmooooody,chesterbadger3,1
alecmooooody,chillinginLV,1
alecmooooody,chrislhayes,1
alecmooooody,cp2austin,2
alecmooooody,crookedgop,1
alecmooooody,cut_50,1
alecmooooody,daveentrentmann,1
alecmooooody,daveweigel,1
alecmooooody,davidbeckwith,1
alecmooooody,davidfrum,1
alecmooooody,davidsirota,2
alecmooooody,dawnellemurray,1
alecmooooody,dcexaminer,1
alecmooooody,democracynow,1
alecmooooody,deray,1
alecmooooody,destiny221961,1
alecmooooody,dissentingj,1
alecmooooody,docrocktex26,3
alecmooooody,dodi70,1
alecmooooody,donald_g,2
alecmooooody,emilyrs,1
alecmooooody,existentialfish,1
alecmooooody,ezlusztig,2
alecmooooody,ezraklein,1
alecmooooody,gabriel_gmaraes,1
alecmooooody,girlsreallyrule,1
alecmooooody,gracels,1
alecmooooody,grahamputation,1
alecmooooody,granisnark12,1
alecmooooody,grimalkinrn,1
alecmooooody,guycecil,1
alecmooooody,helmicmom,1
alecmooooody,idiocracyworld,1
alecmooooody,igorvolsky,2
alecmooooody,jbarro,1
alecmooooody,jfreewright,1
alecmooooody,jilevin,1
alecmooooody,johnastoehr,1
alecmooooody,jonfavs,2
alecmooooody,joyceporterdunn,1
alecmooooody,jstnbradley,1
alecmooooody,jupiter896,1
alecmooooody,kemet2000,1
alecmooooody,kimmie99,1
alecmooooody,kristi_jmh,1
alecmooooody,kurteichenwald,1
alecmooooody,kylegriffin1,1
alecmooooody,lafantome,1
alecmooooody,lesliermyers,1
alecmooooody,libby_breen,1
alecmooooody,ma_nyc7,1
alecmooooody,maddyjrbrown,1
alecmooooody,markknoller,1
alecmooooody,mattdpearce,1
alecmooooody,mattzap,1
alecmooooody,mckaycoppins,1
alecmooooody,natespuewell,1
alecmooooody,natturnerx65,3
alecmooooody,nhdogmom,1
alecmooooody,nochillary2016,1
alecmooooody,nytimes,1
alecmooooody,onlxn,1
alecmooooody,people,1
alecmooooody,perfectsliders,1
alecmooooody,pkni,1
alecmooooody,politico,1
alecmooooody,prioritiesUSA,1
alecmooooody,puppymnkey,1
alecmooooody,rabihalameddine,1
alecmooooody,rachology216,2
alecmooooody,randygdub,1
alecmooooody,realDenaldTrump,1
alecmooooody,realDonaldTrump,2
alecmooooody,realGeorgeTorr,1
alecmooooody,richardhine,1
alecmooooody,ricky_raw,1
alecmooooody,rlavin10,1
alecmooooody,robertfranek,1
alecmooooody,rochelleriley,1
alecmooooody,rolling_2,1
alecmooooody,roriIZfunny,1
alecmooooody,runawaytrain16,1
alecmooooody,ryncarnate,1
alecmooooody,samcm1,1
alecmooooody,sarahkendzior,1
alecmooooody,sardnas51,1
alecmooooody,sean_keneipp,1
alecmooooody,shomaristone,1
alecmooooody,slappywhyte,1
alecmooooody,smaddoxsr,1
alecmooooody,smoothkobra,2
alecmooooody,staciemritchie,1
alecmooooody,starfirst,1
alecmooooody,stopbeingfamous,1
alecmooooody,studentactivism,1
alecmooooody,thehill,29
alecmooooody,thenation,2
alecmooooody,theonlyadult,1
alecmooooody,timkaine,1
alecmooooody,tonyschwartz,1
alecmooooody,trcfwtt,1
alecmooooody,unlewis,1
alecmooooody,vivelafra,1
alecmooooody,washingtonpost,1
alecmooooody,wesleyl,1
alecmooooody,wikileaks,2
alecmooooody,wspiv001,1
alecmooooody,yottapoint,1
alecmooooody,yvessmith,1
alecmooooody,zz2aa,1
aleksey_sokol_,DanielleRyanJ,1
aleksey_sokol_,IntheNow_tweet,2
aleksey_sokol_,RT_America,4
aleksey_sokol_,RT_com,5
aleksey_sokol_,_2777489098552,1
aleksey_sokol_,engineer_silver,1
aleksey_sokol_,joshrogin,1
aleksey_sokol_,thehill,1
alexharritonov,AlexR_DC,1
alexharritonov,Cernovich,1
alexharritonov,IntheNow_tweet,2
alexharritonov,LindaSuhler,1
alexharritonov,NewswithEd,1
alexharritonov,RT_America,6
alexharritonov,RT_com,9
alexharritonov,RealAlexJones,1
alexharritonov,haaretzcom,1
alexharritonov,vai001,1
alexsvladimirov,Aleksandr1212B,1
alexsvladimirov,LoveDomine,1
alexsvladimirov,RT_America,4
alexsvladimirov,RT_com,1
alexsvladimirov,TEN_GOP,1
alexsvladimirov,wikileaks,1
amandavgreen,AnnoGalactic,1
amandavgreen,BookmanDan,1
amandavgreen,ChrixMorgan,2
amandavgreen,CumuloPhallus,2
amandavgreen,CurtCBryant,1
amandavgreen,DanaGeezus,2
amandavgreen,Dreamweasel,3
amandavgreen,Gamiliell,1
amandavgreen,HillaryClinton,1
amandavgreen,Jarmadillos,2
amandavgreen,JoeyRAnderson,1
amandavgreen,JoyAnnReid,1
amandavgreen,KenGh5,1
amandavgreen,KeshaTedder,1
amandavgreen,Latent_Fury,1
amandavgreen,LouGeese,1
amandavgreen,Martukin,1
amandavgreen,OmnicientIam,1
amandavgreen,OnPirateSat,1
amandavgreen,Shane_Rodenbeck,1
amandavgreen,TTino_boi,1
amandavgreen,TheMichaelRock,1
amandavgreen,ThisSideOp,1
amandavgreen,Thor_2000,1
amandavgreen,WHOAwhatthefuck,2
amandavgreen,alexypkeaton,1
amandavgreen,basmoetjevoelen,1
amandavgreen,batshake1,1
amandavgreen,bunnyhugger75,2
amandavgreen,chiefplan1,9
amandavgreen,codyalanreel,1
amandavgreen,jamesmarie33,1
amandavgreen,lgmaterna,1
amandavgreen,pandamania_121,1
amandavgreen,pattonoswalt,1
amandavgreen,screechmonkey,1
amandavgreen,theclobra,1
amandavgreen,therealezway,3
amandavgreen,truthusmaximus,1
amandavgreen,wikileaks,1
ameliebaldwin,007cigarjoe,1
ameliebaldwin,0HOUR1__,4
ameliebaldwin,0HOUR1___,1
ameliebaldwin,0hour,1
ameliebaldwin,100PercFEDUP,1
ameliebaldwin,1111graphics,1
ameliebaldwin,1611Paul,1
ameliebaldwin,18Winning,1
ameliebaldwin,1FishingGoddess,3
ameliebaldwin,1Kimsey,1
ameliebaldwin,1Rubra,1
ameliebaldwin,1VirtualPixie,2
ameliebaldwin,1VoiceMatters,2
ameliebaldwin,1_American_Girl,2
ameliebaldwin,1craftyfox,1
ameliebaldwin,1jelliott1,1
ameliebaldwin,1more4_Trump,1
ameliebaldwin,2016Americans,1
ameliebaldwin,207Curtin,1
ameliebaldwin,20committee,1
ameliebaldwin,222t,1
ameliebaldwin,22Americanfirst,3
ameliebaldwin,2ALAW,7
ameliebaldwin,2ArrowArcher,1
ameliebaldwin,2Pats2,1
ameliebaldwin,2_PARTY_CONTROL,1
ameliebaldwin,2thon,1
ameliebaldwin,350,2
ameliebaldwin,45_Committee,1
ameliebaldwin,4AmericaToday,1
ameliebaldwin,4TruthAndReason,2
ameliebaldwin,50th_President,1
ameliebaldwin,536Clowns,1
ameliebaldwin,55Lidsville,1
ameliebaldwin,623Sis,1
ameliebaldwin,6549lmartin,1
ameliebaldwin,6bird4,3
ameliebaldwin,74f5c728e7d446d,1
ameliebaldwin,7Sirano,1
ameliebaldwin,7misspriss7,1
ameliebaldwin,911news,1
ameliebaldwin,9ed78b6265ac4c7,1
ameliebaldwin,ABC,2
ameliebaldwin,ABCPolitics,3
ameliebaldwin,ABinaryNews,1
ameliebaldwin,AC360,1
ameliebaldwin,ACTBrigitte,1
ameliebaldwin,ACommonSenseWay,1
ameliebaldwin,AERatterree,1
ameliebaldwin,AFSCME,1
ameliebaldwin,AGMcThugabobs,1
ameliebaldwin,AG_Conservative,1
ameliebaldwin,AIIAmericanGirI,4
ameliebaldwin,AJDelgado13,9
ameliebaldwin,AJOnlyBetter,1
ameliebaldwin,AJentleson,1
ameliebaldwin,AMTrump4PRES,4
ameliebaldwin,ANA4PEACE2016,1
ameliebaldwin,ANOMALY1,6
ameliebaldwin,AP,1
ameliebaldwin,APRTX2016,1
ameliebaldwin,AP_Politics,1
ameliebaldwin,APatriotDude,1
ameliebaldwin,ARmastrangelo,1
ameliebaldwin,ARnews1936,4
ameliebaldwin,ASatyanarayanan,1
ameliebaldwin,AShustock,1
ameliebaldwin,ASterling,1
ameliebaldwin,ASwoyer,1
ameliebaldwin,AWRHawkins,1
ameliebaldwin,AZ_Susan,1
ameliebaldwin,AZjbc,1
ameliebaldwin,A_Wise_Latina,2
ameliebaldwin,Aaron_RS,1
ameliebaldwin,AbbyMartin,2
ameliebaldwin,AbnInfVet,1
ameliebaldwin,AccuracyInMedia,1
ameliebaldwin,AcemTem,1
ameliebaldwin,AceofSpadesHQ,1
ameliebaldwin,Acosta,1
ameliebaldwin,ActualFlatticus,5
ameliebaldwin,Adam_Taxin,3
ameliebaldwin,Adjustedwell,1
ameliebaldwin,Admiral_Hau,1
ameliebaldwin,Adriennebertuc1,1
ameliebaldwin,AgentHarambe,1
ameliebaldwin,AidaBehira,1
ameliebaldwin,Akemm2Annette,1
ameliebaldwin,AlPunto,1
ameliebaldwin,AlRobins2015,1
ameliebaldwin,Al_Gorelioni,1
ameliebaldwin,AlanKrautPoker,1
ameliebaldwin,AldoZupp,1
ameliebaldwin,Alejandro_Muji,1
ameliebaldwin,AlexPThorn,2
ameliebaldwin,Alfred47412469,1
ameliebaldwin,AlicePolidoro,1
ameliebaldwin,AlisonSpalding2,1
ameliebaldwin,AllSidesNow,1
ameliebaldwin,AllenWest,3
ameliebaldwin,AlliCinema,1
ameliebaldwin,AltRightInfo,1
ameliebaldwin,AltRights,3
ameliebaldwin,AltStreamMedia,4
ameliebaldwin,AlwaysActions,1
ameliebaldwin,Always_Trump,13
ameliebaldwin,AlyLovesMovies,4
ameliebaldwin,AmActionNews,1
ameliebaldwin,AmbJohnBolton,1
ameliebaldwin,AmberForAmerica,1
ameliebaldwin,AmberGirl3,1
ameliebaldwin,America_1st_,3
ameliebaldwin,AmericanIndian8,2
ameliebaldwin,AmericanMex067,5
ameliebaldwin,AmericanNews200,1
ameliebaldwin,AmericanVoterUS,1
ameliebaldwin,American_Woman4,1
ameliebaldwin,AmyKremer,1
ameliebaldwin,AmyMek,11
ameliebaldwin,AmyOtto8,1
ameliebaldwin,AmyWMIGOPTeam,1
ameliebaldwin,An0malyMusic,1
ameliebaldwin,AnaBulger1,1
ameliebaldwin,AndGermaine,1
ameliebaldwin,AndreBauerSC,1
ameliebaldwin,AndrewHClark,1
ameliebaldwin,AndrewKH85,2
ameliebaldwin,AndrewQuackson,1
ameliebaldwin,AndyAR_15,1
ameliebaldwin,AndyKirn,1
ameliebaldwin,Anewhomestar,2
ameliebaldwin,AngDonlon,1
ameliebaldwin,Ange6H777,2
ameliebaldwin,AngelOfficial,1
ameliebaldwin,Angelemichelle,1
ameliebaldwin,Angelmdunn1961,1
ameliebaldwin,AngryEditorials,1
ameliebaldwin,AngryVoters,8
ameliebaldwin,AnitaDWhite,2
ameliebaldwin,AnnBatiza,1
ameliebaldwin,AnnCoulter,8
ameliebaldwin,AnnaApp91838450,1
ameliebaldwin,AnnaOta43,1
ameliebaldwin,AnneBayefsky,1
ameliebaldwin,AnnieMelBrooks,1
ameliebaldwin,AnotherDawg,1
ameliebaldwin,Another_craig,1
ameliebaldwin,Anthony,1
ameliebaldwin,AnthonyEinzig,1
ameliebaldwin,AnthonyPerrone,1
ameliebaldwin,AnthonyVVeiner,1
ameliebaldwin,Apipwhisperer,1
ameliebaldwin,AppSame,2
ameliebaldwin,AprilLaJune,1
ameliebaldwin,ArcticFox2016,1
ameliebaldwin,AriFleischer,1
ameliebaldwin,AriaWilsonGOP,1
ameliebaldwin,ArimDerVelt,1
ameliebaldwin,ArtistWorldEnt,1
ameliebaldwin,AssangeFreedom,1
ameliebaldwin,AtheistJacob,1
ameliebaldwin,AtheistWWonka,1
ameliebaldwin,AtomasVictory,1
ameliebaldwin,AtomicMexican,1
ameliebaldwin,Avery1776,1
ameliebaldwin,AvonIsDonnasBiz,1
ameliebaldwin,AziaeLion,1
ameliebaldwin,B04t_Tr45h,1
ameliebaldwin,BAMAPERRY,1
ameliebaldwin,BB1fanTambra,1
ameliebaldwin,BBCBreaking,1
ameliebaldwin,BDAMN77,1
ameliebaldwin,BERNintoNITE,1
ameliebaldwin,BLACKFLAGchi,1
ameliebaldwin,BLUIZK81,1
ameliebaldwin,BLUpfront,1
ameliebaldwin,BRodakowski,1
ameliebaldwin,BSVLMJ,1
ameliebaldwin,BULLschitz,1
ameliebaldwin,Babbsgirl2,3
ameliebaldwin,BajaHoncho,1
ameliebaldwin,Bane1349,2
ameliebaldwin,Barabbas1971,1
ameliebaldwin,BarbMuenchen,3
ameliebaldwin,BarbieKeleigh,1
ameliebaldwin,BarbinUT,1
ameliebaldwin,BarneyFranken,3
ameliebaldwin,BarracudaMama,3
ameliebaldwin,Bass705,1
ameliebaldwin,BayArea4Bernie,1
ameliebaldwin,BeSafe2017,1
ameliebaldwin,BeachCity55,2
ameliebaldwin,BeachyKate69,2
ameliebaldwin,BecketAdams,2
ameliebaldwin,BeckyWuThere,1
ameliebaldwin,BeladonnaRogers,1
ameliebaldwin,Bellagiotime,1
ameliebaldwin,BellicoseGarvey,1
ameliebaldwin,BenHowe,1
ameliebaldwin,BenjaminNorton,1
ameliebaldwin,Benross75,9
ameliebaldwin,BeppiButler1,1
ameliebaldwin,BernieArtists,1
ameliebaldwin,BernieCrats1,1
ameliebaldwin,BernieFireball,2
ameliebaldwin,BernieJill2016,1
ameliebaldwin,BernieOrBust,1
ameliebaldwin,BernieOrBust2,5
ameliebaldwin,BernieOrBustLA,1
ameliebaldwin,BernieOrGreen1,4
ameliebaldwin,BernieOrJill1,6
ameliebaldwin,BernieSanders,3
ameliebaldwin,BernieTheBest1,2
ameliebaldwin,Bernie_Facts,1
ameliebaldwin,BerniesTeachers,1
ameliebaldwin,BethCol77455974,1
ameliebaldwin,Bettz49,1
ameliebaldwin,BevComstock,2
ameliebaldwin,BibleReloaded,1
ameliebaldwin,BigDouchebag,1
ameliebaldwin,BigKahuna919191,1
ameliebaldwin,BigStick2013,6
ameliebaldwin,BikerSuitAndTie,1
ameliebaldwin,Bikers4Trump,2
ameliebaldwin,BikinInMaine,1
ameliebaldwin,Bill7360,1
ameliebaldwin,BillCVA64,1
ameliebaldwin,BillKristol1,2
ameliebaldwin,Bill_Cimbrelo,3
ameliebaldwin,Billradman,1
ameliebaldwin,Billright50,1
ameliebaldwin,Bim_Star,1
ameliebaldwin,Bizaster,1
ameliebaldwin,BlackShiite,1
ameliebaldwin,BlackWomen4Bern,1
ameliebaldwin,BlacknRight,1
ameliebaldwin,BlacksWithTrump,1
ameliebaldwin,BlazeBerner,2
ameliebaldwin,BlissTabitha,4
ameliebaldwin,BlkMenForBernie,2
ameliebaldwin,Bloggasaurus,2
ameliebaldwin,BluegrassPundit,1
ameliebaldwin,Bluelives1,1
ameliebaldwin,Bluesman57,1
ameliebaldwin,Boazziz,2
ameliebaldwin,BobTolin,1
ameliebaldwin,BocaLegend,2
ameliebaldwin,BocaRatonRC,1
ameliebaldwin,BonnieGranny,1
ameliebaldwin,BostonForTrump,1
ameliebaldwin,BraendeyMolson,1
ameliebaldwin,BraveConWarrior,1
ameliebaldwin,Braveheart_USA,2
ameliebaldwin,Breaking911,1
ameliebaldwin,BreitbartNews,1
ameliebaldwin,BrentBozell,1
ameliebaldwin,BrentUsry,1
ameliebaldwin,BretBaier,1
ameliebaldwin,BrianCoxLowKick,1
ameliebaldwin,BrianPaulStuart,1
ameliebaldwin,BringBernieBack,6
ameliebaldwin,Brn2Wander1,1
ameliebaldwin,BrockBittner,1
ameliebaldwin,BrotherVet,1
ameliebaldwin,BruceBartlett,1
ameliebaldwin,BrumbleyBarbara,1
ameliebaldwin,BryanJFischer,1
ameliebaldwin,BudMeyers99,2
ameliebaldwin,Bulldogg444,1
ameliebaldwin,Bullitino,1
ameliebaldwin,ByatchRH,1
ameliebaldwin,Byrlyne,2
ameliebaldwin,ByronYork,1
ameliebaldwin,C4Constitution,2
ameliebaldwin,C4Palin,1
ameliebaldwin,CBSNews,2
ameliebaldwin,CBScheel,1
ameliebaldwin,CCCINNC,2
ameliebaldwin,CDZ_999,1
ameliebaldwin,CErdley,1
ameliebaldwin,CGAdamo,1
ameliebaldwin,CIDdrWHO,4
ameliebaldwin,CJSensible,1
ameliebaldwin,CLewandowski_,2
ameliebaldwin,CNN,4
ameliebaldwin,CNNPolitics,1
ameliebaldwin,CNY_4_Trump,2
ameliebaldwin,CTFleaMarkets,1
ameliebaldwin,Cacadura753,1
ameliebaldwin,CajunKangaroo,1
ameliebaldwin,CaliforniaPanda,1
ameliebaldwin,CallMeDawn1,1
ameliebaldwin,CallawayBOT,8
ameliebaldwin,Callisto1947,1
ameliebaldwin,Calvin1418,1
ameliebaldwin,Canada4Bernie,1
ameliebaldwin,CandaceSmith_,2
ameliebaldwin,Canine_Rights,1
ameliebaldwin,CannonballRoll,3
ameliebaldwin,CarlAntoine,1
ameliebaldwin,CarlBeijer,1
ameliebaldwin,CarlNyberg312,1
ameliebaldwin,CarlyFiorina,1
ameliebaldwin,CarmineZozzora,8
ameliebaldwin,CarolHusband,1
ameliebaldwin,Carolde,1
ameliebaldwin,CaroleGilman,1
ameliebaldwin,CarolineWalkerB,1
ameliebaldwin,CassandraRules,1
ameliebaldwin,CatBollar,3
ameliebaldwin,CatherineZink1,1
ameliebaldwin,CathieMarie2014,1
ameliebaldwin,CathyHolladay1,1
ameliebaldwin,CatsofVelvet,1
ameliebaldwin,CelebrateTheWin,2
ameliebaldwin,CentFL4Trump,1
ameliebaldwin,Cernovich,20
ameliebaldwin,CesarVargas365,1
ameliebaldwin,Chad_Schiel,1
ameliebaldwin,ChanceJerry,1
ameliebaldwin,CharMckenney,2
ameliebaldwin,CharlesGrimm8,1
ameliebaldwin,CharlesOrtel,1
ameliebaldwin,Charlie4Trump,2
ameliebaldwin,ChatRevolve,5
ameliebaldwin,Chbz_,1
ameliebaldwin,CherokeeBlueTP,1
ameliebaldwin,Chesam57,1
ameliebaldwin,Chic_Cheric,2
ameliebaldwin,ChooseToBFree,2
ameliebaldwin,ChrisCoon4,4
ameliebaldwin,ChrisCuomo,1
ameliebaldwin,ChrisRBarron,1
ameliebaldwin,ChrisSnyderFox,2
ameliebaldwin,ChrisTw1tterman,1
ameliebaldwin,Chris_1791,2
ameliebaldwin,Chrissy06699126,2
ameliebaldwin,ChristiChat,14
ameliebaldwin,ChristieC733,6
ameliebaldwin,Christo06767222,1
ameliebaldwin,ChuckMarks2,1
ameliebaldwin,ChuckNellis,3
ameliebaldwin,ChuckNoyes,1
ameliebaldwin,ChunkyTWshngtn,1
ameliebaldwin,ChunkyYogurtKGB,1
ameliebaldwin,CindyTindell,1
ameliebaldwin,Circle_R185,1
ameliebaldwin,Citizens_United,1
ameliebaldwin,ClassicTbird,1
ameliebaldwin,ClassySnobbb,1
ameliebaldwin,ClaudesBBQ,1
ameliebaldwin,Cliff_Sims,1
ameliebaldwin,CodeAud,4
ameliebaldwin,ColMorrisDavis,1
ameliebaldwin,Cold1957,1
ameliebaldwin,ColeMcNeely,1
ameliebaldwin,ColoradoJosie,1
ameliebaldwin,ConcernedHigh,1
ameliebaldwin,Coney70s,1
ameliebaldwin,ConnieCase56,1
ameliebaldwin,ConservaMomUSA,1
ameliebaldwin,Conservatexian,15
ameliebaldwin,Conservative_OK,1
ameliebaldwin,Conservative_VW,7
ameliebaldwin,ConstanceQueen8,14
ameliebaldwin,ContrarianConan,1
ameliebaldwin,Coondawg68,1
ameliebaldwin,Corporatocrazy,5
ameliebaldwin,CorrectRecord,1
ameliebaldwin,Cory_1077,1
ameliebaldwin,CounterJihadUS,1
ameliebaldwin,CounterMoonbat,3
ameliebaldwin,CoyHamp,1
ameliebaldwin,CoyotesFansClub,1
ameliebaldwin,Craigthepatriot,1
ameliebaldwin,Crankyerma,1
ameliebaldwin,Crimsonmile,1
ameliebaldwin,CristalLorianne,3
ameliebaldwin,CrittendenMk,2
ameliebaldwin,CronkiteSays,1
ameliebaldwin,CrossOtherSide,3
ameliebaldwin,CrowdFundGurus,3
ameliebaldwin,Crunched4time,1
ameliebaldwin,CuckSlayer,1
ameliebaldwin,Curtissboyy,1
ameliebaldwin,Cutiepi2u,1
ameliebaldwin,Cville2Cville,1
ameliebaldwin,CzechsforTrump,1
ameliebaldwin,DANEgerus,2
ameliebaldwin,DBHnBuckhead,1
ameliebaldwin,DBTheChristian,1
ameliebaldwin,DBloom451,16
ameliebaldwin,DCClothesline,1
ameliebaldwin,DCMoshe,1
ameliebaldwin,DCleaks_,1
ameliebaldwin,DJD_Allday,1
ameliebaldwin,DJ_Tecato,1
ameliebaldwin,DKElections,1
ameliebaldwin,DLN7527,1
ameliebaldwin,DMashak,3
ameliebaldwin,DPRK_News,1
ameliebaldwin,DRUDGE_REPORT,14
ameliebaldwin,DSmith08472721,1
ameliebaldwin,D_Dextra,1
ameliebaldwin,DaHonestyPolicy,1
ameliebaldwin,DailyCaller,9
ameliebaldwin,DailyNewsOfUSA,1
ameliebaldwin,Dallas4Bernie,1
ameliebaldwin,DammitMarkus,1
ameliebaldwin,DanRiehl,3
ameliebaldwin,DanScavino,17
ameliebaldwin,Daniel_Ohana,2
ameliebaldwin,Danno_a_Jyd,1
ameliebaldwin,DarkArchery,1
ameliebaldwin,DarkNetXX,1
ameliebaldwin,DarkStream,3
ameliebaldwin,Darren32895836,21
ameliebaldwin,Dave4FtMyers,1
ameliebaldwin,DaveNYviii,3
ameliebaldwin,Davewellwisher,6
ameliebaldwin,DavidKWilliams,1
ameliebaldwin,DavidLauter,1
ameliebaldwin,DavidMastio,1
ameliebaldwin,DavidRomo1968,1
ameliebaldwin,DavidSemel,1
ameliebaldwin,DavidShuster,3
ameliebaldwin,DavidSm66372547,1
ameliebaldwin,DavidTanner2000,1
ameliebaldwin,DaystoTrump,3
ameliebaldwin,Dbargen,6
ameliebaldwin,DbrownVoteTrump,1
ameliebaldwin,DeanOfMusic,1
ameliebaldwin,DeanSchanzel,8
ameliebaldwin,DeannaChristia9,2
ameliebaldwin,DebAlwaystrump,4
ameliebaldwin,DebbGV,1
ameliebaldwin,Debramax,3
ameliebaldwin,DeePort28,1
ameliebaldwin,DefendingtheUSA,1
ameliebaldwin,Deir_in_DC,4
ameliebaldwin,DelcoGal,1
ameliebaldwin,Democrat_4Trump,5
ameliebaldwin,DenisePouchet,1
ameliebaldwin,DennisCahal,1
ameliebaldwin,DennisCarothers,1
ameliebaldwin,DennisMurphy15,3
ameliebaldwin,DenverChannel,1
ameliebaldwin,Depasquallers,1
ameliebaldwin,DeplorableChri1,1
ameliebaldwin,DeplorableFelix,1
ameliebaldwin,DeplorableTrain,1
ameliebaldwin,Dereksnow51Snow,2
ameliebaldwin,Desert2theSea,1
ameliebaldwin,Desheay,1
ameliebaldwin,DesignerDeb3,4
ameliebaldwin,Devildog771,1
ameliebaldwin,DharmaBum77,2
ameliebaldwin,DiCristo13,1
ameliebaldwin,DiamondandSilk,10
ameliebaldwin,Diamondrosegrfx,1
ameliebaldwin,DianaChic1,1
ameliebaldwin,DianeKNY,1
ameliebaldwin,DianePierce532,2
ameliebaldwin,DianeRainie1,1
ameliebaldwin,Dianestraley,1
ameliebaldwin,DimitriNosarev,1
ameliebaldwin,DineshDSouza,5
ameliebaldwin,DioneSmith13,1
ameliebaldwin,DisabledVetsCPX,1
ameliebaldwin,DizzyPizzy2,2
ameliebaldwin,Dleather25_,4
ameliebaldwin,Dman767,1
ameliebaldwin,DogoodII,1
ameliebaldwin,Don_Vito_08,5
ameliebaldwin,DonaldGBoudreau,1
ameliebaldwin,DonaldJTrump45,1
ameliebaldwin,DonaldJTrumpJr,12
ameliebaldwin,DonaldPrezTrump,1
ameliebaldwin,DonaldT4Prez,1
ameliebaldwin,DonaldTrumpWall,1
ameliebaldwin,DonaldsAngel,1
ameliebaldwin,DonderolibtR,1
ameliebaldwin,DonnaMartinNeth,2
ameliebaldwin,DonovanGwinn,1
ameliebaldwin,Doory25911,1
ameliebaldwin,DorH84607784,1
ameliebaldwin,DoubleEagle49,1
ameliebaldwin,DougDoodles,10
ameliebaldwin,Doughravme,1
ameliebaldwin,DouglasMesnard,1
ameliebaldwin,Douglasmaher,1
ameliebaldwin,DouthatNYT,2
ameliebaldwin,DownWithHillary,1
ameliebaldwin,DrDavidDuke,3
ameliebaldwin,DrDooleyMD,1
ameliebaldwin,DrEstella,1
ameliebaldwin,DrJillStein,20
ameliebaldwin,DrJohn76533054,1
ameliebaldwin,DrMartyFox,5
ameliebaldwin,DrSueDVM,1
ameliebaldwin,DrWhoisin,2
ameliebaldwin,DragonflyJonez,1
ameliebaldwin,DrewSmith_33,1
ameliebaldwin,DrewTweetsNow,1
ameliebaldwin,DrhjohnPhd,2
ameliebaldwin,DrinkNForte,1
ameliebaldwin,DrjorgesuarezJ,1
ameliebaldwin,Drone1969,1
ameliebaldwin,DroneAssange,1
ameliebaldwin,DuffanesePISD,1
ameliebaldwin,DustieDahl,1
ameliebaldwin,DuxMagnum,1
ameliebaldwin,DykstraDame,1
ameliebaldwin,EECC506,1
ameliebaldwin,EJRaoulduke1976,1
ameliebaldwin,ELF1955,1
ameliebaldwin,Earthangel7558,1
ameliebaldwin,EastwoodUSA,1
ameliebaldwin,Eaton18Linda,2
ameliebaldwin,Ebird2015,1
ameliebaldwin,EcuadorDeb,1
ameliebaldwin,EdEd38265951,1
ameliebaldwin,EdWorthy10,2
ameliebaldwin,EireKav,1
ameliebaldwin,EjHirschberger,1
ameliebaldwin,ElVatoTeporocho,1
ameliebaldwin,Elect_Justice,1
ameliebaldwin,EliLake,1
ameliebaldwin,ElianaBenador,7
ameliebaldwin,Eliz_Hightower,1
ameliebaldwin,EllisDeanHovey,2
ameliebaldwin,Ellison4DNChair,1
ameliebaldwin,ElseMarilyn,2
ameliebaldwin,EmilyMiller,1
ameliebaldwin,EmmaVigeland,1
ameliebaldwin,EmmyA2,1
ameliebaldwin,EmperorOfEarth1,1
ameliebaldwin,Emy4Trump,2
ameliebaldwin,EnragedNY,1
ameliebaldwin,EntheosShines,4
ameliebaldwin,EpicBear,1
ameliebaldwin,Eric99a,1
ameliebaldwin,EricBoehlert,1
ameliebaldwin,EricTrump,5
ameliebaldwin,ErikH526,1
ameliebaldwin,ErinLichnovsky,1
ameliebaldwin,EvalinaBlue,1
ameliebaldwin,Eye4Eye,1
ameliebaldwin,Eyes_of_justice,3
ameliebaldwin,FAIRImmigration,1
ameliebaldwin,FAntunez,1
ameliebaldwin,FBRASWELL,1
ameliebaldwin,FLNJ312,2
ameliebaldwin,FLNativeDeb,1
ameliebaldwin,FNC_Ladies_Rule,1
ameliebaldwin,FOIAnews,5
ameliebaldwin,FacMagnaAmerica,1
ameliebaldwin,FaceTheNation,1
ameliebaldwin,FakeTonyAbbott1,3
ameliebaldwin,Fatfred10,1
ameliebaldwin,Fb1Marissa,10
ameliebaldwin,FeelTheBern11,1
ameliebaldwin,FeelTheBernNL,1
ameliebaldwin,FeldmanWorldGrp,1
ameliebaldwin,FemalesForTrump,6
ameliebaldwin,FergOSU,2
ameliebaldwin,Fidelity364,1
ameliebaldwin,FightNowAmerica,1
ameliebaldwin,FilmGmbh,1
ameliebaldwin,Finnbar5000,1
ameliebaldwin,Firegirl_415,1
ameliebaldwin,FishFunSun,1
ameliebaldwin,FishManwaters,1
ameliebaldwin,Fitzbythesea,1
ameliebaldwin,FiveRights,3
ameliebaldwin,Fixer_guy,2
ameliebaldwin,Flewbys,1
ameliebaldwin,Flkittie,1
ameliebaldwin,Follow_Trump,1
ameliebaldwin,Fox4Now,1
ameliebaldwin,FoxBusiness,11
ameliebaldwin,FoxNews,30
ameliebaldwin,FoxPhotofox25,1
ameliebaldwin,FranCifelli,5
ameliebaldwin,FranSeenWrites,1
ameliebaldwin,France24_en,1
ameliebaldwin,France4Hillary,1
ameliebaldwin,FrancesFrancine,1
ameliebaldwin,FrankLuntz,2
ameliebaldwin,FrankSc13565230,1
ameliebaldwin,FrankTunde64,1
ameliebaldwin,Frank_Huguenard,1
ameliebaldwin,FrankieRusso1,1
ameliebaldwin,FredFredna,1
ameliebaldwin,FredZeppelin12,1
ameliebaldwin,FreeBeacon,1
ameliebaldwin,FreeDavidKing,5
ameliebaldwin,Freedom1776__,2
ameliebaldwin,FreedomChild3,1
ameliebaldwin,FreedomGetuSome,1
ameliebaldwin,Freedom_Daily,1
ameliebaldwin,FreedomofPress,1
ameliebaldwin,Freedomologist,1
ameliebaldwin,FreemarketSara,1
ameliebaldwin,FrenchForTrump,2
ameliebaldwin,FriendlyJMC,1
ameliebaldwin,FundacjaPieniar,1
ameliebaldwin,FunnyTshirts101,1
ameliebaldwin,Fusion,1
ameliebaldwin,FutureDanger6,1
ameliebaldwin,GA_X58A,1
ameliebaldwin,GDLtothePDX,2
ameliebaldwin,GEastep,1
ameliebaldwin,GLFOP,1
ameliebaldwin,GODBLESSAMERIC,1
ameliebaldwin,GOP,2
ameliebaldwin,GOPCatLady,1
ameliebaldwin,GOPConservativ3,1
ameliebaldwin,GOPocalypseNow,1
ameliebaldwin,GOPsuckss,1
ameliebaldwin,GPN14,1
ameliebaldwin,GaGUIDESTONES,1
ameliebaldwin,GabbyInCa,2
ameliebaldwin,GadflyMorse,2
ameliebaldwin,GaetaSusan,1
ameliebaldwin,Galactic_Elite,2
ameliebaldwin,GaloreVida,2
ameliebaldwin,GaltsGultch,1
ameliebaldwin,GartrellLinda,2
ameliebaldwin,GaryFSmith411,1
ameliebaldwin,Garylrichards2,1
ameliebaldwin,Gather_TheBlog,1
ameliebaldwin,GatorsEite23,3
ameliebaldwin,GeeOhPees2,1
ameliebaldwin,GeekEndWarrior,1
ameliebaldwin,GeenaJagger,1
ameliebaldwin,GemMar333,1
ameliebaldwin,GenFlynn,5
ameliebaldwin,GeneMcVay,1
ameliebaldwin,Genghisthekhan,1
ameliebaldwin,Genie115,2
ameliebaldwin,GenieG37,1
ameliebaldwin,Geonna42,1
ameliebaldwin,GerrishLisa,1
ameliebaldwin,Gibbsdithers,1
ameliebaldwin,GingerLWills,1
ameliebaldwin,Girls4urtrump,2
ameliebaldwin,GlennFranco68,2
ameliebaldwin,GlennThrush,1
ameliebaldwin,Glertsgal,2
ameliebaldwin,Glittermegangel,1
ameliebaldwin,GlitzyGirlsMag,1
ameliebaldwin,GloomandDoom1,4
ameliebaldwin,GoDonaldTrump,1
ameliebaldwin,GodJesusHS,1
ameliebaldwin,GodandtheBear,2
ameliebaldwin,Godndguns,1
ameliebaldwin,GodzWorld,1
ameliebaldwin,Goingtobelka,1
ameliebaldwin,GoldStarMomTX55,7
ameliebaldwin,Goldthinkers,1
ameliebaldwin,Goleno,1
ameliebaldwin,GolightlyGrl427,3
ameliebaldwin,GoodMenProject,1
ameliebaldwin,Gop3rd,2
ameliebaldwin,Gop42016,2
ameliebaldwin,GopAaron,3
ameliebaldwin,GottaBernNow,2
ameliebaldwin,GrahamDavidA,1
ameliebaldwin,GrammaShan,1
ameliebaldwin,Grant503,1
ameliebaldwin,Greekstudent12,1
ameliebaldwin,GreenAmbition,1
ameliebaldwin,GreenPartyUS,5
ameliebaldwin,GregAbbott_TX,1
ameliebaldwin,GrrrGraphics,2
ameliebaldwin,Grungeeefairies,1
ameliebaldwin,GulfAtlanticInd,1
ameliebaldwin,GulfDogs,1
ameliebaldwin,Gumball55668882,3
ameliebaldwin,GunOwners,1
ameliebaldwin,GuruBluXVIII,1
ameliebaldwin,HAGOODMANAUTHOR,13
ameliebaldwin,HRCJailCell,1
ameliebaldwin,HRClintonPrison,1
ameliebaldwin,Hack031958,1
ameliebaldwin,HairbyJennE,2
ameliebaldwin,HalleyBorderCol,8
ameliebaldwin,Hardlanding,1
ameliebaldwin,Harlan,6
ameliebaldwin,HarmonicaHound,1
ameliebaldwin,Hashtag1USA,1
ameliebaldwin,HawaiiPeople,1
ameliebaldwin,HawkinsUSA,1
ameliebaldwin,HbdNrx,1
ameliebaldwin,He_Has_Failed,1
ameliebaldwin,Heatherhamama,1
ameliebaldwin,HeidiAlpine,1
ameliebaldwin,Hermitjohn,1
ameliebaldwin,HeyMart5,1
ameliebaldwin,HeyTammyBruce,1
ameliebaldwin,Hey___its___me,1
ameliebaldwin,Highcentered,1
ameliebaldwin,HilaryForTrump,1
ameliebaldwin,Hillarizer,1
ameliebaldwin,HillaryClinton,5
ameliebaldwin,HillaryLostMe,2
ameliebaldwin,HispanicsTrump,1
ameliebaldwin,Hoboken_Dave,1
ameliebaldwin,HollyAnswers,1
ameliebaldwin,Honest_Hillary,1
ameliebaldwin,HopefulPatriots,1
ameliebaldwin,Hopeisalive66,2
ameliebaldwin,HornigCynthia,1
ameliebaldwin,HorseShort,1
ameliebaldwin,HouseCracka,5
ameliebaldwin,Hublife,1
ameliebaldwin,HuffingtonPost,1
ameliebaldwin,Hutch_USA,2
ameliebaldwin,ILoveBernie1,7
ameliebaldwin,IMAO_,1
ameliebaldwin,INTJutsu,1
ameliebaldwin,ISISpressAgent,1
ameliebaldwin,IWV,1
ameliebaldwin,I_AmAmerica,3
ameliebaldwin,IamJSmith001,1
ameliebaldwin,IamQueenAri,1
ameliebaldwin,Ian56789,5
ameliebaldwin,IanMolony,4
ameliebaldwin,IanSams,1
ameliebaldwin,Ianderson444,1
ameliebaldwin,Ike19777,1
ameliebaldwin,ImAnReporter,1
ameliebaldwin,ImLatino4Trump,1
ameliebaldwin,Impolitics,1
ameliebaldwin,InGodIDoTrust,2
ameliebaldwin,Infidel_Frankie,1
ameliebaldwin,IngrahamAngle,7
ameliebaldwin,Innomen,1
ameliebaldwin,Interradeserta,2
ameliebaldwin,IrcinkSuzanne,1
ameliebaldwin,IrishTexan2009,1
ameliebaldwin,IstaciStaci,1
ameliebaldwin,Italians4Trump,15
ameliebaldwin,ItsAboutTime18,1
ameliebaldwin,ItsAngryBob,1
ameliebaldwin,ItzaCicero,1
ameliebaldwin,IvankaTrump,1
ameliebaldwin,IvoryDove,1
ameliebaldwin,Ivorysnow3567,1
ameliebaldwin,JACK__SHAW,2
ameliebaldwin,JAPITTER,2
ameliebaldwin,JAndretta,4
ameliebaldwin,JBaileysMom,1
ameliebaldwin,JBaker31826004,4
ameliebaldwin,JDB10101,1
ameliebaldwin,JDaltonUKIP,1
ameliebaldwin,JDiamond1,1
ameliebaldwin,JEFF4TRUMP2016,2
ameliebaldwin,JFABtm,2
ameliebaldwin,JKinneyBundy,1
ameliebaldwin,JL00t,1
ameliebaldwin,JOMainEvent,3
ameliebaldwin,JPM17,1
ameliebaldwin,JRubinBlogger,1
ameliebaldwin,JSMBodywork,1
ameliebaldwin,JStoddardYoung1,1
ameliebaldwin,JT_Padilla,1
ameliebaldwin,Jacie249,1
ameliebaldwin,JackPosobiec,3
ameliebaldwin,JacloPac,2
ameliebaldwin,JacquelinSusann,1
ameliebaldwin,JadedByPolitics,1
ameliebaldwin,JamesBham,1
ameliebaldwin,JamesKentjr,1
ameliebaldwin,JamesOKeefeIII,4
ameliebaldwin,JamesS020770,2
ameliebaldwin,Jamesyontrofsky,1
ameliebaldwin,Jan4USA,1
ameliebaldwin,JaneFranklin5,1
ameliebaldwin,JanetOrendorff,3
ameliebaldwin,JanetRoss,1
ameliebaldwin,Janetlarose1,4
ameliebaldwin,JaredBeck,2
ameliebaldwin,JaredWyand,13
ameliebaldwin,JasonMillerinDC,11
ameliebaldwin,Java_penguin,1
ameliebaldwin,JayCaruso,1
ameliebaldwin,JayDub1210,2
ameliebaldwin,JayL973,1
ameliebaldwin,JayS2629,4
ameliebaldwin,JaySharpe15,1
ameliebaldwin,Jaycin71,1
ameliebaldwin,JaynePenelope,2
ameliebaldwin,Jayniejayjune,1
ameliebaldwin,Jazzallover,1
ameliebaldwin,JeSuisBernie,1
ameliebaldwin,JeanetteJing,4
ameliebaldwin,JeffJPetermann,1
ameliebaldwin,JeffLee2020,1
ameliebaldwin,JeffMontes5,2
ameliebaldwin,JeffreyGuterman,1
ameliebaldwin,Jenn_Abrams,1
ameliebaldwin,JerryBrimhall,1
ameliebaldwin,JerryMcBeth2,1
ameliebaldwin,JesseKellyDC,2
ameliebaldwin,JesseLaGreca,1
ameliebaldwin,JessieJaneDuff,2
ameliebaldwin,Jesus_isPeace,1
ameliebaldwin,JewsChooseTrump,2
ameliebaldwin,Jezzie_K,1
ameliebaldwin,JillNotHill1,1
ameliebaldwin,JimPolk,2
ameliebaldwin,JimRobinsonSEA,3
ameliebaldwin,JimmyEarlWard,1
ameliebaldwin,JimmySnakes,1
ameliebaldwin,Jnbarke,1
ameliebaldwin,JodiTarvin,1
ameliebaldwin,Jody_Rossel,1
ameliebaldwin,JoeConchaTV,1
ameliebaldwin,JoeFreedomLove,2
ameliebaldwin,JoeNBC,1
ameliebaldwin,JoeSaferly,1
ameliebaldwin,JoeSmithSDK,1
ameliebaldwin,JoeTrippi,1
ameliebaldwin,JoeWMiller,1
ameliebaldwin,Joe_America1776,20
ameliebaldwin,JohnEWadeII,1
ameliebaldwin,JohnFromCranber,16
ameliebaldwin,JohnGGalt,2
ameliebaldwin,JohnGab69864771,4
ameliebaldwin,JohnGort,1
ameliebaldwin,JohnKStahlUSA,11
ameliebaldwin,JohnNews4us,1
ameliebaldwin,JohnRMoffitt,1
ameliebaldwin,JohnRiversToo,1
ameliebaldwin,JohnTur47932726,1
ameliebaldwin,John_T_Gaskill,1
ameliebaldwin,Johnatsrs1949,3
ameliebaldwin,Johngalt1231,1
ameliebaldwin,Jolitico,1
ameliebaldwin,JonathanArnott,1
ameliebaldwin,JordanChariton,13
ameliebaldwin,JoseD89344985,2
ameliebaldwin,JoshHollingsw10,1
ameliebaldwin,JoshNoneYaBiz,3
ameliebaldwin,Jossfjh,1
ameliebaldwin,JoyfulGrandma,1
ameliebaldwin,JrcheneyJohn,5
ameliebaldwin,Jsue2U,1
ameliebaldwin,JuddLegum,1
ameliebaldwin,JudgeJeanine,1
ameliebaldwin,JudgeMoroz,1
ameliebaldwin,JudicialWatch,1
ameliebaldwin,JudyBaldasaro,2
ameliebaldwin,Judydgoff1,1
ameliebaldwin,JuicyPieTaster,1
ameliebaldwin,JulesRollTide,1
ameliebaldwin,Juliet777777,3
ameliebaldwin,JustDonPerla,1
ameliebaldwin,Justica4all,1
ameliebaldwin,Justified_Not,1
ameliebaldwin,Jwalkertide,1
ameliebaldwin,K1erry,3
ameliebaldwin,KCTV5,1
ameliebaldwin,KDORR_USA,1
ameliebaldwin,KDScioscia,1
ameliebaldwin,KFILE,1
ameliebaldwin,KGBVeteran,2
ameliebaldwin,KLSouth,2
ameliebaldwin,KNP2BP,7
ameliebaldwin,KPIN14,1
ameliebaldwin,KSP_Collins,1
ameliebaldwin,KaceyIlliot1669,1
ameliebaldwin,Kaladious,2
ameliebaldwin,KalalBarry,1
ameliebaldwin,KamVTV,2
ameliebaldwin,KaschRobert,1
ameliebaldwin,KatTimpf,1
ameliebaldwin,KaterinaKaterna,1
ameliebaldwin,KathyCeurter,1
ameliebaldwin,KatiePavlich,3
ameliebaldwin,KatrinaPierson,3
ameliebaldwin,KatrinalWhite04,2
ameliebaldwin,KatyTurNBC,3
ameliebaldwin,KazeSkyz,2
ameliebaldwin,KazmierskiR,1
ameliebaldwin,KeithMiller_,1
ameliebaldwin,KeithSchiller45,1
ameliebaldwin,Keljo1991,1
ameliebaldwin,KellyannePolls,32
ameliebaldwin,Kes_Nation,1
ameliebaldwin,KevinJacksonTBS,1
ameliebaldwin,KevinMKruse,1
ameliebaldwin,Key_Ministries,1
ameliebaldwin,Kimsparrow13,1
ameliebaldwin,KimwithpanacheG,4
ameliebaldwin,KissAFroggy,1
ameliebaldwin,KissDaSexyMama,1
ameliebaldwin,Kit__Duncan,1
ameliebaldwin,KittyBhagat,1
ameliebaldwin,KlayVolk,1
ameliebaldwin,Knight276,1
ameliebaldwin,KnucklDraginSam,1
ameliebaldwin,KodaWahya,1
ameliebaldwin,Kootice,1
ameliebaldwin,Kotcha301,2
ameliebaldwin,Kredo0,1
ameliebaldwin,KrisParonto,1
ameliebaldwin,Kris_Sacrebleu,1
ameliebaldwin,KristianneMrsC,1
ameliebaldwin,KristinP22,2
ameliebaldwin,KristineQ930,2
ameliebaldwin,KristinnFR,1
ameliebaldwin,Ktywack1,1
ameliebaldwin,KyleWOrton,1
ameliebaldwin,KyleWRowley,7
ameliebaldwin,LAGraham64,2
ameliebaldwin,LARUBIANY1014,1
ameliebaldwin,LDoren,1
ameliebaldwin,LGBTFORTRUMP,2
ameliebaldwin,LGray1979,1
ameliebaldwin,LIBsouthernGRL,1
ameliebaldwin,LLinWood,1
ameliebaldwin,LMM1952,1
ameliebaldwin,LMurphy140,1
ameliebaldwin,LPNational,1
ameliebaldwin,LRedderso,1
ameliebaldwin,LS_Moretti,1
ameliebaldwin,LVNancy,3
ameliebaldwin,La1N5yKiVG1Mzwf,2
ameliebaldwin,LaTaN1231,1
ameliebaldwin,LadyG8tor51,1
ameliebaldwin,LadyLiberTea,2
ameliebaldwin,Lady_Lbrty,1
ameliebaldwin,LadyofFe,1
ameliebaldwin,Laffincrow,1
ameliebaldwin,Lagartija_Nix,15
ameliebaldwin,LanceSilver1,1
ameliebaldwin,LandOfOzzie,1
ameliebaldwin,LandoFree,2
ameliebaldwin,LandofFreeBrave,1
ameliebaldwin,LaraLeaTrump,1
ameliebaldwin,LarryFreeborn,1
ameliebaldwin,LastWave2014,1
ameliebaldwin,LatestAnonNews,1
ameliebaldwin,LatinoOtherSide,1
ameliebaldwin,Latinos4Bernie,1
ameliebaldwin,LauraWilsonGal,1
ameliebaldwin,Laura_A_Diaz,1
ameliebaldwin,LaurenJonesGOP,3
ameliebaldwin,LaurenWern,1
ameliebaldwin,Laus_Deo4ever,1
ameliebaldwin,LawrenceReid08,1
ameliebaldwin,LdyGuin,2
ameliebaldwin,LeahR77,5
ameliebaldwin,LeahRBoss,3
ameliebaldwin,Leaha_Luv,1
ameliebaldwin,Lee_KGB_Junn,1
ameliebaldwin,LeftSentThis,1
ameliebaldwin,LegitimateGeek,1
ameliebaldwin,LeksIIIRadio,1
ameliebaldwin,LemonHazeSat,1
ameliebaldwin,LepineLynne,1
ameliebaldwin,LeslieMTaylor1,1
ameliebaldwin,Letters4America,3
ameliebaldwin,LeydigAngel,1
ameliebaldwin,LiberalLaChick,3
ameliebaldwin,LiberalsSuckx10,2
ameliebaldwin,LibertyHacking,1
ameliebaldwin,LibertyNews1776,3
ameliebaldwin,LibertySeeds,3
ameliebaldwin,LibsAreInsane,1
ameliebaldwin,LifeNewsHQ,1
ameliebaldwin,LifeZette,3
ameliebaldwin,LifecoachNV16,1
ameliebaldwin,LindaSuhler,58
ameliebaldwin,LionelMedia,1
ameliebaldwin,Lisa77720,2
ameliebaldwin,LisaBloom,1
ameliebaldwin,LisaFoster321,1
ameliebaldwin,LisaScher,1
ameliebaldwin,LisaVikingstad,2
ameliebaldwin,LivNow,3
ameliebaldwin,LivingOnChi,4
ameliebaldwin,LizCalcagni,2
ameliebaldwin,Liz_Wheeler,1
ameliebaldwin,LizzJustLizz,1
ameliebaldwin,Lizzette007,2
ameliebaldwin,LizzzT,1
ameliebaldwin,Lmk_1952,1
ameliebaldwin,LodiSilverado,1
ameliebaldwin,LogicalCampaign,6
ameliebaldwin,LookingLucky,1
ameliebaldwin,LooneyGk,1
ameliebaldwin,LoriNor85730053,1
ameliebaldwin,LorraineTrimbo,1
ameliebaldwin,LostDiva,1
ameliebaldwin,LouDobbs,30
ameliebaldwin,LouLasher,1
ameliebaldwin,LouisTakiando,1
ameliebaldwin,Lovablejerk07,1
ameliebaldwin,LoveMeLuLu22,1
ameliebaldwin,LovetheBasement,1
ameliebaldwin,LovetoflyTom,1
ameliebaldwin,Lpr1944W,1
ameliebaldwin,Lrihendry,19
ameliebaldwin,LtStevenLRogers,1
ameliebaldwin,LuannKellyRudd,1
ameliebaldwin,LuciHoneychurch,1
ameliebaldwin,LucidHurricane_,4
ameliebaldwin,LuciferLeftHand,1
ameliebaldwin,LuckyMomIAm,1
ameliebaldwin,LucyForLiberty,1
ameliebaldwin,LuigiValentino,2
ameliebaldwin,LuisMGuerra1,1
ameliebaldwin,LukeBrinker,1
ameliebaldwin,LukewSavage,1
ameliebaldwin,LuluWalcott1,1
ameliebaldwin,LulusParty,1
ameliebaldwin,LuvlyLadyTrump,1
ameliebaldwin,LyingLiberals,1
ameliebaldwin,LyndaAtchison,1
ameliebaldwin,LyndaG1963,4
ameliebaldwin,Lyricsterical,1
ameliebaldwin,M3DAZE,1
ameliebaldwin,MADE__USA,2
ameliebaldwin,MAGA3X,2
ameliebaldwin,MAGA_1958,1
ameliebaldwin,MAnotGinger,2
ameliebaldwin,MCCNP,1
ameliebaldwin,MDidaskalos,1
ameliebaldwin,MDontheright,1
ameliebaldwin,MJoemal19,1
ameliebaldwin,MLJimenezMD,1
ameliebaldwin,MLKstudios,1
ameliebaldwin,MLM_Mayhem,1
ameliebaldwin,MMaria03146111,1
ameliebaldwin,MMassalas,1
ameliebaldwin,MONAKatOILS,3
ameliebaldwin,MOVEFORWARDHUGE,7
ameliebaldwin,MOmoms4Trump,1
ameliebaldwin,MOstudent4TRUMP,1
ameliebaldwin,MPPregent,1
ameliebaldwin,MRMitchnet,1
ameliebaldwin,MRNyc2015,1
ameliebaldwin,MZHemingway,1
ameliebaldwin,M_Montalvo_2011,1
ameliebaldwin,Ma1973sk,1
ameliebaldwin,MacBethSpeaks,1
ameliebaldwin,Maddog5827,2
ameliebaldwin,MagicRoyalty,2
ameliebaldwin,MakeAmericaGre4,1
ameliebaldwin,MalyndaNyc,2
ameliebaldwin,MamaReg2,2
ameliebaldwin,MangusColorado,1
ameliebaldwin,Manni_syd,1
ameliebaldwin,MannieMforever,1
ameliebaldwin,Mansstory2,1
ameliebaldwin,MarcoGutierrez,1
ameliebaldwin,MargaretMcgui16,2
ameliebaldwin,Maria4America,1
ameliebaldwin,MariaMe42546452,2
ameliebaldwin,MarieHyde,1
ameliebaldwin,MarieLeff,1
ameliebaldwin,MarieMa49685063,2
ameliebaldwin,Mariel_Bailey,1
ameliebaldwin,MarioSig1,1
ameliebaldwin,MarkDice,2
ameliebaldwin,MarkRocon,1
ameliebaldwin,MarkSimoneNY,2
ameliebaldwin,Markalleus,1
ameliebaldwin,Marmel,1
ameliebaldwin,MartinShkreli,1
ameliebaldwin,MarvLBluechip,2
ameliebaldwin,MarvinAmelie,1
ameliebaldwin,MaryAbrahams,1
ameliebaldwin,MaryEH428,1
ameliebaldwin,MaryEllenJazwin,1
ameliebaldwin,MaryPatriotNews,1
ameliebaldwin,Massasoit1620,1
ameliebaldwin,MasterHellKat,1
ameliebaldwin,Mathiasian,1
ameliebaldwin,MattMackowiak,1
ameliebaldwin,MattRSchaefer,2
ameliebaldwin,MaxBoot,1
ameliebaldwin,MaxHayzz,1
ameliebaldwin,Maximus_Paulus,1
ameliebaldwin,McAlisterRisa,1
ameliebaldwin,McDermottMike1,1
ameliebaldwin,McPizzaPie,1
ameliebaldwin,Mchomeopath,1
ameliebaldwin,MdlMurray,3
ameliebaldwin,MeLectable,1
ameliebaldwin,MeaSongbird,2
ameliebaldwin,MeatScales,1
ameliebaldwin,MediaNewsPost,1
ameliebaldwin,Mediaite,2
ameliebaldwin,MedianPolitics,4
ameliebaldwin,Meeeedge,1
ameliebaldwin,Megafauna2,1
ameliebaldwin,MeganSmiles,1
ameliebaldwin,Melaniesue56,1
ameliebaldwin,MelissaH2016,1
ameliebaldwin,MengtheCat,1
ameliebaldwin,Mercedes2077112,1
ameliebaldwin,Miami4Trump,14
ameliebaldwin,MiamiHerald,1
ameliebaldwin,MichaelCLFields,1
ameliebaldwin,MichaelCohen212,2
ameliebaldwin,MichaelDelauzon,4
ameliebaldwin,MichaelSalamone,1
ameliebaldwin,Michaelmrw,1
ameliebaldwin,MichaelvdGalien,1
ameliebaldwin,MicheleKozal,1
ameliebaldwin,MichelleKOrts10,1
ameliebaldwin,Michmoma,1
ameliebaldwin,MickyGluck,1
ameliebaldwin,MidOhioMilitia,1
ameliebaldwin,MidgardDragon,2
ameliebaldwin,Midgespeaks,1
ameliebaldwin,MightyBusterBro,1
ameliebaldwin,Mihero,1
ameliebaldwin,MikeBastasch,1
ameliebaldwin,MikeBates,1
ameliebaldwin,MikeCiandella,1
ameliebaldwin,MikeHudema,1
ameliebaldwin,MikePenceVP,3
ameliebaldwin,Mike_Beacham,1
ameliebaldwin,Mike_USPatriot,1
ameliebaldwin,MilJenmarie,1
ameliebaldwin,Milieis,1
ameliebaldwin,Military4Trump,1
ameliebaldwin,MiltonWolfMD,1
ameliebaldwin,Mimsyrme,1
ameliebaldwin,MiskaPhillip,1
ameliebaldwin,MissAmericaPie,1
ameliebaldwin,MissLizzyNJ,8
ameliebaldwin,MissMandi00,1
ameliebaldwin,MissRhetta,1
ameliebaldwin,MittRomney,1
ameliebaldwin,ModelNikeeLynn,1
ameliebaldwin,ModernBullWagyu,1
ameliebaldwin,ModisGeneral,1
ameliebaldwin,Momfullofhope,1
ameliebaldwin,MommaLeones,1
ameliebaldwin,MonicaCrowley,4
ameliebaldwin,Montana0323,2
ameliebaldwin,Monty_H_Mathis,1
ameliebaldwin,MoodySlayerUK,1
ameliebaldwin,MooiachiRios,1
ameliebaldwin,Morning_Joe,1
ameliebaldwin,MotherJones,1
ameliebaldwin,MountaineerFan4,1
ameliebaldwin,MousseauJim,1
ameliebaldwin,MoveOn,1
ameliebaldwin,MrCurious2011,1
ameliebaldwin,MrEdTrain,3
ameliebaldwin,MrNbody1000,1
ameliebaldwin,MrPapiChulo2U,1
ameliebaldwin,MrSinnister91,1
ameliebaldwin,MrUSA10,1
ameliebaldwin,MrVeritas,1
ameliebaldwin,Mr_Nielsen_5309,1
ameliebaldwin,Mrsmmtbeauty,1
ameliebaldwin,MsDianaFrances,1
ameliebaldwin,MsMistyMarie,1
ameliebaldwin,MsNanae5,1
ameliebaldwin,MsRock4Ever,1
ameliebaldwin,Mt_Seleya,1
ameliebaldwin,MustDeportTrump,1
ameliebaldwin,My3Dogzz,1
ameliebaldwin,MyrnaIvette1224,1
ameliebaldwin,MzCicy,1
ameliebaldwin,NATIVEg8r,1
ameliebaldwin,NB0819,1
ameliebaldwin,NBCNews,1
ameliebaldwin,NBCNightlyLies,1
ameliebaldwin,NCCollegians,1
ameliebaldwin,NCGOP,1
ameliebaldwin,NDCTrump,2
ameliebaldwin,NEOBRUTALIST,1
ameliebaldwin,NEVER4Hillary,1
ameliebaldwin,NO_RapeFugees,1
ameliebaldwin,NRA,1
ameliebaldwin,NRO,1
ameliebaldwin,NSAshill,1
ameliebaldwin,NYGAL76,1
ameliebaldwin,NYTnickc,1
ameliebaldwin,NahBabyNah,2
ameliebaldwin,Nancy007F,1
ameliebaldwin,NancyJoys,1
ameliebaldwin,NaomiAKlein,1
ameliebaldwin,NatCounterPunch,1
ameliebaldwin,NatShupe,1
ameliebaldwin,NaughtyBeyotch,1
ameliebaldwin,Navyboy08021,1
ameliebaldwin,NebulousUnaware,1
ameliebaldwin,NeilTurner_,7
ameliebaldwin,NeilYoungSaveUs,1
ameliebaldwin,NeroFB,1
ameliebaldwin,NetworksManager,21
ameliebaldwin,Never_Tyranny,1
ameliebaldwin,NewSonsLiberty,1
ameliebaldwin,NewSpeakisLies,2
ameliebaldwin,New_England_,1
ameliebaldwin,NewportLost,1
ameliebaldwin,NewsTodayUS,1
ameliebaldwin,NewtTrump,1
ameliebaldwin,NickPringle6,1
ameliebaldwin,NickWTOP,1
ameliebaldwin,NikLentz,1
ameliebaldwin,NikkiAgain,1
ameliebaldwin,NikkiGoeser,1
ameliebaldwin,NimbleNavgater,1
ameliebaldwin,NinaDontPlayMtG,3
ameliebaldwin,NoKill20kmLife,1
ameliebaldwin,NoMorePolitical,1
ameliebaldwin,NoSilentConsent,1
ameliebaldwin,NoWayGray,1
ameliebaldwin,NoahCRothman,1
ameliebaldwin,NobamaDotCom,1
ameliebaldwin,NolteNC,26
ameliebaldwin,NomikiKonst,1
ameliebaldwin,NoobamaC,1
ameliebaldwin,NotJoshEarnest,3
ameliebaldwin,NuAgePatriot,1
ameliebaldwin,NubianAwakening,11
ameliebaldwin,OBAMA_GAMES,1
ameliebaldwin,OCAmericans,1
ameliebaldwin,OMAROSA,1
ameliebaldwin,ObamaStopTPP,1
ameliebaldwin,Obamaisnuts,1
ameliebaldwin,ObligedFriend,4
ameliebaldwin,Of_the_People7,1
ameliebaldwin,OffGridInThePNW,1
ameliebaldwin,OffGridMedia,1
ameliebaldwin,Ohboyboy22,1
ameliebaldwin,Oil_Guns_Merica,1
ameliebaldwin,Oil_Ranger,1
ameliebaldwin,Okie08,1
ameliebaldwin,OldLinePatriot,1
ameliebaldwin,OldMarine1,1
ameliebaldwin,OldSaltCityAce,1
ameliebaldwin,Old_Bern_Kenobi,5
ameliebaldwin,OlderWiseOne,1
ameliebaldwin,OmegaMan58,1
ameliebaldwin,OneChrist1Truth,1
ameliebaldwin,OnlineMagazin,2
ameliebaldwin,OnlyTruthReign,5
ameliebaldwin,OpenThePrimary,3
ameliebaldwin,OpinionOnion7,2
ameliebaldwin,Oscaretta,1
ameliebaldwin,OsirisAvatarLol,2
ameliebaldwin,OurPoliticalRev,1
ameliebaldwin,OurRevolution2,2
ameliebaldwin,OuttaBaghdad4Nw,1
ameliebaldwin,OverTheMoonbat,6
ameliebaldwin,P0TUSTrump,4
ameliebaldwin,PALOMINOFASHION,1
ameliebaldwin,PC1170,1
ameliebaldwin,PJStrikeForce,8
ameliebaldwin,PMgeezer,2
ameliebaldwin,POLILLITAM,1
ameliebaldwin,POLITICAL_Jeff,1
ameliebaldwin,PP15146407,3
ameliebaldwin,PPact,1
ameliebaldwin,PREiscope,1
ameliebaldwin,PTreasonReport,1
ameliebaldwin,PVeritas_Action,1
ameliebaldwin,Paladin4Justice,1
ameliebaldwin,PamelaGeller,1
ameliebaldwin,Pamela_Moore13,6
ameliebaldwin,Paratisi,1
ameliebaldwin,Parker_Votes,2
ameliebaldwin,Partisangirl,1
ameliebaldwin,PascoRevolution,10
ameliebaldwin,PatDollard,9
ameliebaldwin,PatGinSD,1
ameliebaldwin,PatVPeters,1
ameliebaldwin,Patrici15767099,4
ameliebaldwin,PatrickSvitek,1
ameliebaldwin,PatriotByGod,1
ameliebaldwin,PatriotCzar,1
ameliebaldwin,PatriotNewswir,1
ameliebaldwin,PatriotTrumpet,1
ameliebaldwin,PatrioticTexas,5
ameliebaldwin,Patriotic_Me,1
ameliebaldwin,Patrioticgirl86,1
ameliebaldwin,PattiSM74,1
ameliebaldwin,PattiaGarder,2
ameliebaldwin,PattyWhite_NYM,1
ameliebaldwin,PaulMit03680299,1
ameliebaldwin,Pauly040,1
ameliebaldwin,Pawservative,1
ameliebaldwin,PeaceR3VOLUTION,1
ameliebaldwin,PeacefulChrist,1
ameliebaldwin,PeakOfTruth,1
ameliebaldwin,Peggy7172,1
ameliebaldwin,PennyHicks13,1
ameliebaldwin,PersianTrumpian,1
ameliebaldwin,PeteNicodemus,1
ameliebaldwin,PetePetretich,1
ameliebaldwin,Pete_Geller,1
ameliebaldwin,PeterDoljanin1,1
ameliebaldwin,PeterTownsend7,2
ameliebaldwin,PhdFor,2
ameliebaldwin,PhillipoRick,1
ameliebaldwin,PhxKen,1
ameliebaldwin,PinkAvis,1
ameliebaldwin,PinkBelgium,1
ameliebaldwin,Pjdahling,1
ameliebaldwin,PlaysTrumpCard,2
ameliebaldwin,PodQuestionable,1
ameliebaldwin,PoliglotMr,1
ameliebaldwin,PolitiBunny,1
ameliebaldwin,PolitiCompass,1
ameliebaldwin,Politic2k,1
ameliebaldwin,PoliticalAnt,2
ameliebaldwin,PoliticalFreak_,1
ameliebaldwin,PoliticalShort,1
ameliebaldwin,PoliticalTropes,1
ameliebaldwin,Politicalmuck,1
ameliebaldwin,Politician_News,3
ameliebaldwin,Politick_Rick,1
ameliebaldwin,PoliticsGhost,1
ameliebaldwin,PoliticsNewsUS4,1
ameliebaldwin,PoliticsNewz,1
ameliebaldwin,PoliticsPeach,3
ameliebaldwin,PoliticsToday_,1
ameliebaldwin,PolitiwhatBlog,1
ameliebaldwin,PolitixGal,2
ameliebaldwin,PollyTickal,4
ameliebaldwin,PooberKitty,1
ameliebaldwin,Portosj81J,5
ameliebaldwin,PositivelyJoan,5
ameliebaldwin,PpollingNumbers,8
ameliebaldwin,PresTrump24,1
ameliebaldwin,Prezidentmeme,1
ameliebaldwin,Prime_Politics_,1
ameliebaldwin,PrisonPlanet,23
ameliebaldwin,PrisonPlanetTV,1
ameliebaldwin,ProNerdSemiGeek,1
ameliebaldwin,ProfessorDNA,2
ameliebaldwin,ProgressiveJill,1
ameliebaldwin,ProphetPX,3
ameliebaldwin,Psalm62_8,1
ameliebaldwin,PubliusNV,1
ameliebaldwin,QBDAD,1
ameliebaldwin,QlaraQontra,2
ameliebaldwin,QueenKafirBitch,1
ameliebaldwin,Quicksilver2723,2
ameliebaldwin,QuinnBx,1
ameliebaldwin,RBeus,1
ameliebaldwin,RJTheRealOne,1
ameliebaldwin,RNRConnecticut,1
ameliebaldwin,RNRIowa,1
ameliebaldwin,RNRNCarolina,1
ameliebaldwin,RNROregon,1
ameliebaldwin,ROB4TRUMP,1
ameliebaldwin,ROCKONDUDE2,2
ameliebaldwin,RReckoner,1
ameliebaldwin,RRod5517,1
ameliebaldwin,RSBNetwork,2
ameliebaldwin,RT_America,1
ameliebaldwin,RT_com,1
ameliebaldwin,RWAndresen1974,1
ameliebaldwin,Race_Realist,1
ameliebaldwin,RachelsNews,1
ameliebaldwin,RadioFreeTom,2
ameliebaldwin,RaheemKassam,1
ameliebaldwin,Rammer_Jammer84,1
ameliebaldwin,Randman41,1
ameliebaldwin,Randy_Shannon,1
ameliebaldwin,RaniaKhalek,2
ameliebaldwin,RavenHUWolf,1
ameliebaldwin,RawStory,3
ameliebaldwin,RayKoagel,1
ameliebaldwin,RazorHog66,1
ameliebaldwin,ReActon1,1
ameliebaldwin,ReaganGood1st,2
ameliebaldwin,RealAlexJones,9
ameliebaldwin,RealClearSatire,1
ameliebaldwin,RealDJTrumpTeam,7
ameliebaldwin,RealDonald4Pres,2
ameliebaldwin,RealDrGina,1
ameliebaldwin,RealHeatherRoss,1
ameliebaldwin,RealJBradly,2
ameliebaldwin,RealJamesWoods,9
ameliebaldwin,RealNewsTarget,1
ameliebaldwin,RealRJParker,1
ameliebaldwin,RealRickyVaughn,1
ameliebaldwin,RealScottErnst,2
ameliebaldwin,RealTimBlack,6
ameliebaldwin,RealTrumpDoc,1
ameliebaldwin,RealVinnieJames,2
ameliebaldwin,Real_User_F451,1
ameliebaldwin,Reality_n_Truth,1
ameliebaldwin,RebeccaL1955,1
ameliebaldwin,RebeccaShabad,1
ameliebaldwin,RebootDNC,1
ameliebaldwin,RedHotSquirrel,1
ameliebaldwin,RedNationRising,2
ameliebaldwin,RedPillGraphix,1
ameliebaldwin,RedState,1
ameliebaldwin,RefugeeWatcher,1
ameliebaldwin,ReignsFreedom,3
ameliebaldwin,Rellyhappening,1
ameliebaldwin,RelvuntMan,1
ameliebaldwin,ReneeRose723,1
ameliebaldwin,RepStevenSmith,3
ameliebaldwin,RepublicanChick,1
ameliebaldwin,RepublicanPunk,1
ameliebaldwin,ResethO,1
ameliebaldwin,ResistTyranny,1
ameliebaldwin,ReutersBrazil,1
ameliebaldwin,ReutersPolitics,1
ameliebaldwin,ReversingASD,1
ameliebaldwin,RevolutionReprt,1
ameliebaldwin,RhonUSA,2
ameliebaldwin,Richard74195773,1
ameliebaldwin,RichardGrenell,6
ameliebaldwin,RichardTBurnett,4
ameliebaldwin,RichardWeaving,3
ameliebaldwin,RickGesler13,1
ameliebaldwin,RickRWells,6
ameliebaldwin,RickRapscallion,1
ameliebaldwin,RickyX29,1
ameliebaldwin,Ricky_Vaughn99,6
ameliebaldwin,Rictracee,2
ameliebaldwin,RiflemansCreed,1
ameliebaldwin,RightWingAshley,2
ameliebaldwin,RightWingWatch,2
ameliebaldwin,Rikkirhoten,1
ameliebaldwin,RinoRooter,1
ameliebaldwin,RitchieJodi,1
ameliebaldwin,RitzyBacon2,4
ameliebaldwin,RobLentini1,1
ameliebaldwin,RobertHamza8,1
ameliebaldwin,RobertJohnDavi,1
ameliebaldwin,RobertMCrossley,1
ameliebaldwin,Rocco_FNC,1
ameliebaldwin,Rockprincess818,4
ameliebaldwin,RodgerVarley,1
ameliebaldwin,RogerJStoneJr,5
ameliebaldwin,RonAldof,1
ameliebaldwin,RonSantoFan,1
ameliebaldwin,RonsNewsFeed,1
ameliebaldwin,RoseAnnDeMoro,3
ameliebaldwin,RoseCarol3,1
ameliebaldwin,RoseDru63,1
ameliebaldwin,Roses_RedWhite,1
ameliebaldwin,RotNScoundrel,1
ameliebaldwin,RubinReport,1
ameliebaldwin,RussVet1,1
ameliebaldwin,Russell_941,1
ameliebaldwin,RustytubswiDoug,1
ameliebaldwin,RuthHHopkins,1
ameliebaldwin,Ruthieaustin,1
ameliebaldwin,Ruthperricone,1
ameliebaldwin,RuthsFiance,4
ameliebaldwin,RyJamesG,1
ameliebaldwin,Rz88Tom,1
ameliebaldwin,S0N0FDAD,1
ameliebaldwin,SAMMIESMILES8,2
ameliebaldwin,SAMMTittle2016,1
ameliebaldwin,SCTeamTrump,1
ameliebaldwin,SDGMasterglass,1
ameliebaldwin,SDNorthShore2,1
ameliebaldwin,SEAAdams2,2
ameliebaldwin,SEC_SAM,3
ameliebaldwin,SKLindseyArtist,1
ameliebaldwin,SPRTG1,2
ameliebaldwin,SSBackfin,1
ameliebaldwin,STRONG_OPED,1
ameliebaldwin,STimpromptu,1
ameliebaldwin,SafeLibraries,1
ameliebaldwin,SallyJupiterRA,1
ameliebaldwin,SamAndujar,1
ameliebaldwin,SamuelWhiskey2,1
ameliebaldwin,SandraHartle,2
ameliebaldwin,SandraTXAS,6
ameliebaldwin,SandyHermannJ,1
ameliebaldwin,Sandylatin16,1
ameliebaldwin,Sanjay25_,1
ameliebaldwin,SantasTavern,1
ameliebaldwin,SarahGi00782242,1
ameliebaldwin,SarahPalinUSA,1
ameliebaldwin,SarahW8723,1
ameliebaldwin,Sarah__Reynolds,1
ameliebaldwin,Sari_Swensen,1
ameliebaldwin,SassyPantsjj,2
ameliebaldwin,SavageNation,1
ameliebaldwin,SaveUSA1776,1
ameliebaldwin,Savedangel61,1
ameliebaldwin,SavionWright,1
ameliebaldwin,SaysMissy,2
ameliebaldwin,Sblaine77,1
ameliebaldwin,Scapmichelle,1
ameliebaldwin,Scaramucci,1
ameliebaldwin,Scarlett210,2
ameliebaldwin,Scattermae777M,1
ameliebaldwin,ScheyChris,1
ameliebaldwin,ScottAdamsSays,7
ameliebaldwin,ScottBaio,1
ameliebaldwin,ScottPresler,9
ameliebaldwin,ScottSaxman1,1
ameliebaldwin,ScreenwriterAU,1
ameliebaldwin,ScrumpTheTexan,1
ameliebaldwin,SeaDimon,1
ameliebaldwin,SeanIra_,1
ameliebaldwin,SeattleBern,3
ameliebaldwin,SebGorka,4
ameliebaldwin,SecureTheVote,1
ameliebaldwin,Seirra75,1
ameliebaldwin,SenSanders,1
ameliebaldwin,SenatorReid,1
ameliebaldwin,Sensei__J5,1
ameliebaldwin,Septgurl28,1
ameliebaldwin,SethAMandel,1
ameliebaldwin,Shaftan,1
ameliebaldwin,Shane106320,1
ameliebaldwin,SharonMcCutchan,2
ameliebaldwin,SharplyRight,1
ameliebaldwin,SharylAttkisson,1
ameliebaldwin,Shaughn_A,1
ameliebaldwin,ShawnMichaelR,1
ameliebaldwin,SheaVrshea,1
ameliebaldwin,Shells889,1
ameliebaldwin,ShennaFoxMusic,2
ameliebaldwin,SheriffClarke,10
ameliebaldwin,SherylMeissner,1
ameliebaldwin,ShigShig123,2
ameliebaldwin,Shimmyfab,2
ameliebaldwin,Shon_Wilson,1
ameliebaldwin,Shoogs18,2
ameliebaldwin,Shooters_Wife,1
ameliebaldwin,ShoreProgress,1
ameliebaldwin,Showdown20161,1
ameliebaldwin,ShredderBabe,1
ameliebaldwin,ShwahKram,1
ameliebaldwin,Siggmak,1
ameliebaldwin,SilERabbit,11
ameliebaldwin,Siouxperman86,1
ameliebaldwin,SkaiJacksonxoxo,1
ameliebaldwin,SkittyxKat,1
ameliebaldwin,SkyNews,1
ameliebaldwin,Slate,1
ameliebaldwin,SmallBiz4Trump,1
ameliebaldwin,SmallgGay,1
ameliebaldwin,Smitchem,1
ameliebaldwin,Smokey_thecat3,1
ameliebaldwin,SmurfBoobs,6
ameliebaldwin,Sn0wBallz,1
ameliebaldwin,Snowden,1
ameliebaldwin,SoCalProf,2
ameliebaldwin,So_Tweetie,1
ameliebaldwin,Soapfangh50,1
ameliebaldwin,SonOfLiberte,1
ameliebaldwin,SoniaKatiMota,1
ameliebaldwin,SonofLiberty357,1
ameliebaldwin,SopanDeb,1
ameliebaldwin,SophiaHelwani,2
ameliebaldwin,Sopreciouslady,1
ameliebaldwin,SouthBoulder,1
ameliebaldwin,SouthrnJabber,1
ameliebaldwin,Southrngirl77,1
ameliebaldwin,SpeakerRyan,1
ameliebaldwin,SpecialKMB1969,9
ameliebaldwin,Spinn360,2
ameliebaldwin,SportsPlusShow,1
ameliebaldwin,SscottSsmith84,3
ameliebaldwin,StacyBrewer18,3
ameliebaldwin,StanleyECook,3
ameliebaldwin,StatesPoll,41
ameliebaldwin,Statistar30,1
ameliebaldwin,StefanMolyneux,8
ameliebaldwin,StefanoBertozz8,1
ameliebaldwin,StephMcMurphy,1
ameliebaldwin,StephieGilley,1
ameliebaldwin,Steve60712,1
ameliebaldwin,SteveBo22,1
ameliebaldwin,SteveDeaceShow,1
ameliebaldwin,SteveDevoy,1
ameliebaldwin,SteveL202,1
ameliebaldwin,SteveThomasNow,1
ameliebaldwin,Steven31015146,1
ameliebaldwin,Stevenwhirsch99,4
ameliebaldwin,Stitchress,1
ameliebaldwin,Stonewall_77,8
ameliebaldwin,StopHillaryPAC,1
ameliebaldwin,StopStopHillary,7
ameliebaldwin,Stormtroepen,1
ameliebaldwin,Streeval_Caleb,1
ameliebaldwin,StylishRentals,1
ameliebaldwin,SuckMyLEFTJuan,1
ameliebaldwin,Sue97014760,1
ameliebaldwin,SunKissdNerd,1
ameliebaldwin,Sunny4pics,1
ameliebaldwin,Sunrise51052,1
ameliebaldwin,SupaScoopa_,5
ameliebaldwin,SuperckookLarry,1
ameliebaldwin,SupportDonald,2
ameliebaldwin,SupportMelania,1
ameliebaldwin,SurfPHX,5
ameliebaldwin,SurferChicify,1
ameliebaldwin,SurvivorMed,1
ameliebaldwin,Susan2412,1
ameliebaldwin,SusanStopsongs,1
ameliebaldwin,SuzzieCarey,1
ameliebaldwin,SwaderPolly,2
ameliebaldwin,SwampBabe813,1
ameliebaldwin,SweetTweettDude,1
ameliebaldwin,Sweetcaramel_71,2
ameliebaldwin,Syreena2,1
ameliebaldwin,TAGOS22,1
ameliebaldwin,TBoBrewdog,1
ameliebaldwin,TCB_AK,1
ameliebaldwin,TDennis17,1
ameliebaldwin,TEJANOS4TRUMP,1
ameliebaldwin,TEN_GOP,21
ameliebaldwin,THESHARKTANK1,1
ameliebaldwin,TIME,1
ameliebaldwin,TINAHILLSTROM1,1
ameliebaldwin,TPNN_ThePoint,1
ameliebaldwin,TPoliticmanager,6
ameliebaldwin,TRUMPMOVEMENTUS,7
ameliebaldwin,TRUMP_PREZ,1
ameliebaldwin,TR_Lives,1
ameliebaldwin,TSEPPIJR,1
ameliebaldwin,TXIconoclast,1
ameliebaldwin,TXIndepndnt1836,1
ameliebaldwin,TYTNetwork,1
ameliebaldwin,TalkNerdyToMe72,1
ameliebaldwin,TallahForTrump,7
ameliebaldwin,Tamaralynn212,2
ameliebaldwin,Tania9NYC,1
ameliebaldwin,Tanya_USA,1
ameliebaldwin,TarekFatah,1
ameliebaldwin,TeaPartyNevada,1
ameliebaldwin,TeaPartyOrg,2
ameliebaldwin,TeachersForBern,3
ameliebaldwin,TeamMcMullin,1
ameliebaldwin,TeamTrump,26
ameliebaldwin,TeamTrumpAZ,2
ameliebaldwin,Teapublicanways,1
ameliebaldwin,TearsInHeaven09,1
ameliebaldwin,Teasha609,1
ameliebaldwin,Tee_Quake,1
ameliebaldwin,TeresaEdelglass,2
ameliebaldwin,Teresabryterbri,1
ameliebaldwin,TeressaRichLang,1
ameliebaldwin,Teri423,1
ameliebaldwin,Tevorbowles,1
ameliebaldwin,TezlynFigaro,1
ameliebaldwin,ThaRightStuff,1
ameliebaldwin,ThankYouBernie,3
ameliebaldwin,ThankYouDonald,3
ameliebaldwin,TheALX,1
ameliebaldwin,TheAnonnMessage,1
ameliebaldwin,TheBaxterBean,1
ameliebaldwin,TheBeat_Boss,1
ameliebaldwin,TheBrandonMorse,1
ameliebaldwin,TheBriefing2016,1
ameliebaldwin,TheDaleJackson,1
ameliebaldwin,TheDonaldNews,3
ameliebaldwin,TheFix,1
ameliebaldwin,TheFoundingSon,1
ameliebaldwin,TheGOPReport,1
ameliebaldwin,TheGatekeeper37,1
ameliebaldwin,TheGreatFeather,1
ameliebaldwin,TheIrishDame,1
ameliebaldwin,TheLastRefuge2,1
ameliebaldwin,TheLibRepublic,1
ameliebaldwin,TheMarkRomano,1
ameliebaldwin,TheNewsDigital2,1
ameliebaldwin,ThePatriot143,9
ameliebaldwin,ThePeanutFiends,2
ameliebaldwin,TheRReport,1
ameliebaldwin,TheRealBoTz718,1
ameliebaldwin,TheRickWilson,1
ameliebaldwin,TheRickyDavila,1
ameliebaldwin,TheRickyVaughn,1
ameliebaldwin,TheSmartAssery,1
ameliebaldwin,TheThreeFuries,1
ameliebaldwin,TheTinselQueen,1
ameliebaldwin,TheTrumpArmy,1
ameliebaldwin,TheTrumpLady,4
ameliebaldwin,TheTweetest,1
ameliebaldwin,TheUnitedWest,1
ameliebaldwin,TheValuesVoter,1
ameliebaldwin,TheWay2TheHeart,2
ameliebaldwin,TheWelshTwitt,1
ameliebaldwin,TheWonkaTonka,1
ameliebaldwin,TheYoungTurks,2
ameliebaldwin,The_Last_NewsPa,1
ameliebaldwin,The_NewRight,1
ameliebaldwin,The_RevolutionL,1
ameliebaldwin,The_Taxdude,1
ameliebaldwin,The_Trump_Fans,2
ameliebaldwin,The_Trump_Train,5
ameliebaldwin,TheeCurrentYear,1
ameliebaldwin,TheresaMechele,6
ameliebaldwin,Theymightbegian,1
ameliebaldwin,Theypolitician,1
ameliebaldwin,ThinkivistBlog,1
ameliebaldwin,Thomas1774Paine,5
ameliebaldwin,ThomasARoberts,1
ameliebaldwin,ThomasPKennedy3,2
ameliebaldwin,ThomasPickens1,1
ameliebaldwin,ThunderBlazing,1
ameliebaldwin,Tiffythompy,1
ameliebaldwin,TimBartender,1
ameliebaldwin,TimRunsHisMouth,3
ameliebaldwin,TimSClark,1
ameliebaldwin,Tim_Canova,2
ameliebaldwin,TimeforTruth16,3
ameliebaldwin,TimesofIsrael,1
ameliebaldwin,Timtravels007,2
ameliebaldwin,TinaGolaszewsk1,1
ameliebaldwin,TinaWest123321,1
ameliebaldwin,Tj1701a,1
ameliebaldwin,TnL09,1
ameliebaldwin,Tnspud1,2
ameliebaldwin,ToConservatives,1
ameliebaldwin,ToddHeadleeAZ,1
ameliebaldwin,ToddWade71,1
ameliebaldwin,TomOrr777,2
ameliebaldwin,Tom_Francois,2
ameliebaldwin,TomiLahren,2
ameliebaldwin,TommyfromMalden,1
ameliebaldwin,Tomvegas1,3
ameliebaldwin,TonyStory6,1
ameliebaldwin,TonyUnplugged,1
ameliebaldwin,TonysTake,1
ameliebaldwin,TopDogNews,1
ameliebaldwin,ToscaAusten,1
ameliebaldwin,Toupsfamily,1
ameliebaldwin,TraceyTheisen,2
ameliebaldwin,TracieRohrbache,1
ameliebaldwin,TravisRuger,1
ameliebaldwin,TressaMann3,1
ameliebaldwin,TrishIntel,2
ameliebaldwin,TrishaSchriner,1
ameliebaldwin,Trmpwin,1
ameliebaldwin,TroutRUs,1
ameliebaldwin,Tru5tn0_1,1
ameliebaldwin,TrueCharLen,1
ameliebaldwin,TrueEO,1
ameliebaldwin,TrumPence16,1
ameliebaldwin,Trump2016Donald,1
ameliebaldwin,Trump2016HQ,1
ameliebaldwin,Trump4America3,2
ameliebaldwin,Trump4Hollywood,1
ameliebaldwin,Trump4Hope,4
ameliebaldwin,TrumpCard555,1
ameliebaldwin,TrumpD2016,1
ameliebaldwin,TrumpDynastyUSA,4
ameliebaldwin,TrumpFever2016,2
ameliebaldwin,TrumpForBoston,1
ameliebaldwin,TrumpIsTheTrue,1
ameliebaldwin,TrumpIsWithUSA,1
ameliebaldwin,TrumpLady,1
ameliebaldwin,TrumpMyPres,3
ameliebaldwin,TrumpNewss,1
ameliebaldwin,TrumpOceanCity,1
ameliebaldwin,TrumpPassion16,2
ameliebaldwin,TrumpPenceUSA1,6
ameliebaldwin,TrumpResults,1
ameliebaldwin,TrumpSpeaks4US,1
ameliebaldwin,TrumpStudents,1
ameliebaldwin,TrumpSuperPAC,7
ameliebaldwin,TrumpSupport_,1
ameliebaldwin,TrumpThe45th,2
ameliebaldwin,TrumpTrainNewss,1
ameliebaldwin,TrumpVolume,4
ameliebaldwin,TrumpVsHilary,15
ameliebaldwin,TrumpWeLikeYou,3
ameliebaldwin,TrumpWomensTour,1
ameliebaldwin,Trump_Nation16,1
ameliebaldwin,Trump_Rvt,1
ameliebaldwin,Trump_VP,1
ameliebaldwin,Trump_Videos,2
ameliebaldwin,Trump_World,6
ameliebaldwin,Trump_ette2016,1
ameliebaldwin,Trumpazona,1
ameliebaldwin,TrumpedUpTv,1
ameliebaldwin,TrumpinIndiana,1
ameliebaldwin,TrumpsGucciGirl,1
ameliebaldwin,TrumpsNewsDaily,1
ameliebaldwin,Trumpster4Trump,1
ameliebaldwin,Trumpster5,2
ameliebaldwin,Trumptbird,5
ameliebaldwin,Trumpwall2016,2
ameliebaldwin,Trumpwinner,1
ameliebaldwin,TrussElise,2
ameliebaldwin,TrustyGordon,1
ameliebaldwin,TruthFeedNews,3
ameliebaldwin,TruthSeeker____,1
ameliebaldwin,TruthSpark,1
ameliebaldwin,Truthdojo,1
ameliebaldwin,TweetAboutAny,1
ameliebaldwin,TweetBrettMac,6
ameliebaldwin,TweetingYarnie,7
ameliebaldwin,TwitchyTeam,2
ameliebaldwin,Typhon40,1
ameliebaldwin,UPROXX,1
ameliebaldwin,USAHipster,2
ameliebaldwin,USAUSAUSA1776,1
ameliebaldwin,USA_Gunslinger,1
ameliebaldwin,USAforTrump2016,14
ameliebaldwin,USAneedsTRUMP,11
ameliebaldwin,USFreedomArmy,1
ameliebaldwin,USJeffersonianA,1
ameliebaldwin,USSANews,1
ameliebaldwin,US_Army_Vet,8
ameliebaldwin,US_Intel,1
ameliebaldwin,UTHornsRawk,4
ameliebaldwin,UTT_USA,1
ameliebaldwin,UTVReview,1
ameliebaldwin,UchiMatta,1
ameliebaldwin,UmaPemmaraju,1
ameliebaldwin,UnPoliticalPrty,10
ameliebaldwin,UncleSamsChild,1
ameliebaldwin,UnityActivist,1
ameliebaldwin,UsamaBenjiLadin,1
ameliebaldwin,UvKLvr47,1
ameliebaldwin,VOTE4TRUMP_2016,2
ameliebaldwin,V_of_Europe,1
ameliebaldwin,VaStumper,1
ameliebaldwin,Vanfleetbj,1
ameliebaldwin,VanityFair,1
ameliebaldwin,Varneyco,8
ameliebaldwin,Vegans4Trump,1
ameliebaldwin,Vendetta92429,3
ameliebaldwin,Veritas1776,1
ameliebaldwin,Vet4trump16,6
ameliebaldwin,Veteran4Trump,6
ameliebaldwin,ViciTrue,1
ameliebaldwin,VickyBrush,4
ameliebaldwin,Victori71012315,1
ameliebaldwin,VijayIngam,1
ameliebaldwin,VioletaCarieles,2
ameliebaldwin,VirginiaInCal,1
ameliebaldwin,VistaJake,1
ameliebaldwin,VivaLaAmes,9
ameliebaldwin,Vnzla4Trump,1
ameliebaldwin,Vote4JillStein1,5
ameliebaldwin,Vote4TrumpPrez,1
ameliebaldwin,VoteAngryNow,1
ameliebaldwin,VoteTrumpPics,6
ameliebaldwin,Vt31008,1
ameliebaldwin,WAS_THAT_C4,1
ameliebaldwin,WDFx2EU7,10
ameliebaldwin,WDFx2EU8,3
ameliebaldwin,WD_Newton,1
ameliebaldwin,WGinetta,1
ameliebaldwin,WSJ,1
ameliebaldwin,WSpriggs,1
ameliebaldwin,WaboMadohondo,1
ameliebaldwin,Wade_Turnbull,1
ameliebaldwin,WalshFreedom,4
ameliebaldwin,WalterTippie,1
ameliebaldwin,WarAgainstWomen,1
ameliebaldwin,WardBoomboom,1
ameliebaldwin,WardDPatrick,1
ameliebaldwin,WarrenIsDead,1
ameliebaldwin,WashTimes,2
ameliebaldwin,WatsonSkip,1
ameliebaldwin,WayneDupreeShow,20
ameliebaldwin,WayneSense,2
ameliebaldwin,WeLoveBernie1,1
ameliebaldwin,WeLoveJillStein,12
ameliebaldwin,WeNeedTrump,13
ameliebaldwin,We_R_Trump,1
ameliebaldwin,We_are_Milo,1
ameliebaldwin,WearRed4Trump,1
ameliebaldwin,Welly_World,1
ameliebaldwin,WendyPrince2,8
ameliebaldwin,WesleyDodds1,1
ameliebaldwin,WesleyRickard,10
ameliebaldwin,WestJournalism,1
ameliebaldwin,WestLinnEagleAH,1
ameliebaldwin,WhineNot,1
ameliebaldwin,WhiteJacketPink,1
ameliebaldwin,WhoWolfe,2
ameliebaldwin,Whoo_Gravy,1
ameliebaldwin,WiBuckster,1
ameliebaldwin,WickedLefty,1
ameliebaldwin,WickedPatriot,1
ameliebaldwin,WidowFike,1
ameliebaldwin,Wildeyezextreme,1
ameliebaldwin,WilfredTobias,2
ameliebaldwin,Will_Bunch,1
ameliebaldwin,Willabray5286,1
ameliebaldwin,Wingzblessed,1
ameliebaldwin,Wisakijak,1
ameliebaldwin,WomanVote,1
ameliebaldwin,Women4Trump,1
ameliebaldwin,WoobieTuesday,1
ameliebaldwin,WoolardLynda,1
ameliebaldwin,WordSmithGuy,1
ameliebaldwin,WorldForBernie,1
ameliebaldwin,Writeintrump,1
ameliebaldwin,Wutevuh,1
ameliebaldwin,Wuuds_man,1
ameliebaldwin,Wxrded,1
ameliebaldwin,XPravdaX,1
ameliebaldwin,YahooNews,1
ameliebaldwin,Yair_Rosenberg,1
ameliebaldwin,Yeeeeeech,1
ameliebaldwin,YorkieMom4Trump,1
ameliebaldwin,YoungBLKRepub,1
ameliebaldwin,YoungDems4Trump,9
ameliebaldwin,YourAnonNews,3
ameliebaldwin,ZRaeburn,1
ameliebaldwin,ZaRdOz420WPN,1
ameliebaldwin,ZaidJilani,6
ameliebaldwin,ZarkoElDiablo,1
ameliebaldwin,ZayasAl,1
ameliebaldwin,Ziplok_,3
ameliebaldwin,_CFJ_,1
ameliebaldwin,_HankRearden,2
ameliebaldwin,_Makada_,7
ameliebaldwin,_PoliticsNews_,1
ameliebaldwin,_Proud_American,2
ameliebaldwin,_Teufelshunde,1
ameliebaldwin,___Lorraine__,1
ameliebaldwin,__abramovich,1
ameliebaldwin,_belle_curve_,1
ameliebaldwin,_eager_beaver,1
ameliebaldwin,_feel_the_bern_,1
ameliebaldwin,_wintergirl93,1
ameliebaldwin,a3auntie,2
ameliebaldwin,aaalexjohns1,2
ameliebaldwin,aaronsrgenus,2
ameliebaldwin,abc13houston,1
ameliebaldwin,abc15,1
ameliebaldwin,abowersock,1
ameliebaldwin,actu_reality,2
ameliebaldwin,actualGOP,2
ameliebaldwin,adafocobo,1
ameliebaldwin,adair_brion,1
ameliebaldwin,adbridgeforth,1
ameliebaldwin,adjunctprofessr,1
ameliebaldwin,adulthuman1,2
ameliebaldwin,afcchampsagain,1
ameliebaldwin,afezio1952,2
ameliebaldwin,africanroaster,2
ameliebaldwin,agimcorp,1
ameliebaldwin,agreatercountry,2
ameliebaldwin,ahomeforlayla,1
ameliebaldwin,aiden231,1
ameliebaldwin,ajamubaraka,1
ameliebaldwin,akawhit1,1
ameliebaldwin,alanagoodman,1
ameliebaldwin,alanahoff144,1
ameliebaldwin,alaskantexanQCT,1
ameliebaldwin,alcardfan,1
ameliebaldwin,alexander1ane,1
ameliebaldwin,alfonslopeztena,1
ameliebaldwin,alhenderson1,1
ameliebaldwin,allabouttrump,1
ameliebaldwin,allenerobs,1
ameliebaldwin,alltooclear,1
ameliebaldwin,almostjingo,1
ameliebaldwin,alwaystheself,1
ameliebaldwin,alwaystimothy,1
ameliebaldwin,alysenwonderlnd,1
ameliebaldwin,am77933250,1
ameliebaldwin,amandacarpenter,1
ameliebaldwin,amborin,1
ameliebaldwin,america_trump,6
ameliebaldwin,amerisys1776,1
ameliebaldwin,amiraminiMD,3
ameliebaldwin,amrightnow,55
ameliebaldwin,amsteelpres,2
ameliebaldwin,amyasherk,1
ameliebaldwin,ananavarro,1
ameliebaldwin,ancerrone,1
ameliebaldwin,ancientgame,1
ameliebaldwin,andendall,1
ameliebaldwin,andersonDrLJA,1
ameliebaldwin,andieiamwhoiam,2
ameliebaldwin,andrewbostom,1
ameliebaldwin,angeladunn2006,1
ameliebaldwin,anne19brown,3
ameliebaldwin,anne_norton,1
ameliebaldwin,anthony76730120,1
ameliebaldwin,anti_globalists,1
ameliebaldwin,antoniosabatojr,2
ameliebaldwin,apostlelaurinda,1
ameliebaldwin,apurposefulwife,1
ameliebaldwin,arrowsmithwoman,2
ameliebaldwin,artblam,1
ameliebaldwin,asamjulian,19
ameliebaldwin,aseitzwald,1
ameliebaldwin,atensnut,6
ameliebaldwin,atlaswon,2
ameliebaldwin,atrueamerican60,1
ameliebaldwin,auggone811,1
ameliebaldwin,aurorasanches12,1
ameliebaldwin,avanconia,6
ameliebaldwin,az_valentine,2
ameliebaldwin,azrider1,1
ameliebaldwin,azrocks1111,1
ameliebaldwin,b_mullaney,1
ameliebaldwin,baalter,1
ameliebaldwin,babaOsamie,1
ameliebaldwin,babushka_tasi,2
ameliebaldwin,babysgramma,5
ameliebaldwin,bad_bad_bernie,10
ameliebaldwin,badger3030,2
ameliebaldwin,bakedalaska,1
ameliebaldwin,bandasaul9544,1
ameliebaldwin,barbos2,1
ameliebaldwin,barelypolitix,1
ameliebaldwin,barracuda78,1
ameliebaldwin,baseballcrank,1
ameliebaldwin,basedmattforney,6
ameliebaldwin,bassomar_omy,1
ameliebaldwin,baydigger,1
ameliebaldwin,bbl58,1
ameliebaldwin,bbretonwindham,1
ameliebaldwin,bcayberg,1
ameliebaldwin,bcnaturelady,1
ameliebaldwin,bdc223,1
ameliebaldwin,beelman_matt,1
ameliebaldwin,beesstng,1
ameliebaldwin,beingrichard,1
ameliebaldwin,bellesouth826,1
ameliebaldwin,benshapiro,3
ameliebaldwin,bernie_journal,1
ameliebaldwin,berniewins2016,1
ameliebaldwin,bernvolution,1
ameliebaldwin,bethd_k,2
ameliebaldwin,bexology_,1
ameliebaldwin,bfraser747,28
ameliebaldwin,bigbluestu42,1
ameliebaldwin,bigboater88,2
ameliebaldwin,bigpicguy,1
ameliebaldwin,bigwinTrump,1
ameliebaldwin,bikinimowing,1
ameliebaldwin,billg5050,1
ameliebaldwin,bizzle_scott,1
ameliebaldwin,bkd0001,1
ameliebaldwin,blackdeplorable,1
ameliebaldwin,blackplans,1
ameliebaldwin,blakehounshell,1
ameliebaldwin,blaubok,2
ameliebaldwin,blessenkat,1
ameliebaldwin,bloodless_coup,2
ameliebaldwin,bluehawkenator,1
ameliebaldwin,bluelighttv,1
ameliebaldwin,bluewings442,1
ameliebaldwin,bob_owens,1
ameliebaldwin,bobbark,1
ameliebaldwin,bocavista2016,9
ameliebaldwin,bodybynance,1
ameliebaldwin,bogiebeagle2,1
ameliebaldwin,bonniemurphy,1
ameliebaldwin,bonnyfletcher5,1
ameliebaldwin,bony_rabbit,1
ameliebaldwin,boomerforbernie,2
ameliebaldwin,boringfileclerk,1
ameliebaldwin,borndarling,1
ameliebaldwin,bothma_chris,1
ameliebaldwin,bowhunter_va,1
ameliebaldwin,brainouty,1
ameliebaldwin,braintwat,1
ameliebaldwin,brassmonkey3434,2
ameliebaldwin,brenz1,1
ameliebaldwin,brithume,1
ameliebaldwin,brooklynnygirl,2
ameliebaldwin,brucehallsports,1
ameliebaldwin,brujeff77,1
ameliebaldwin,brunelldonald,2
ameliebaldwin,bshockley2,2
ameliebaldwin,buck14pt,1
ameliebaldwin,bullionvault,1
ameliebaldwin,burberryant,2
ameliebaldwin,business,1
ameliebaldwin,bwildusa,1
ameliebaldwin,cameronmac1951,1
ameliebaldwin,careerdr,1
ameliebaldwin,carlajo1947,1
ameliebaldwin,carlislecockato,1
ameliebaldwin,carmela563,1
ameliebaldwin,carmen_piscopo,1
ameliebaldwin,carolehers,4
ameliebaldwin,carolinagirl217,2
ameliebaldwin,carollemieux,1
ameliebaldwin,carpediem1013,1
ameliebaldwin,carrieksada,5
ameliebaldwin,catalina5735,1
ameliebaldwin,catpiasente,1
ameliebaldwin,catwahler,2
ameliebaldwin,cbeelman,1
ameliebaldwin,cbprincess5,1
ameliebaldwin,ccmac0902,1
ameliebaldwin,cdhat211,1
ameliebaldwin,cerenomri,1
ameliebaldwin,cgrapski,1
ameliebaldwin,chaffin_robert,2
ameliebaldwin,charlespm777,1
ameliebaldwin,charliebown305,1
ameliebaldwin,charliespiering,1
ameliebaldwin,chassie0094,1
ameliebaldwin,chellitis1,1
ameliebaldwin,chercarlop,2
ameliebaldwin,cherokeeleather,1
ameliebaldwin,cherylduitsman,2
ameliebaldwin,chetbtester,1
ameliebaldwin,childoflight4,1
ameliebaldwin,chillinginLV,4
ameliebaldwin,choisser,1
ameliebaldwin,chowdallas,1
ameliebaldwin,chp3871,1
ameliebaldwin,chrislhayes,1
ameliebaldwin,chrismanderson,1
ameliebaldwin,christymatson64,1
ameliebaldwin,chuckwoolery,1
ameliebaldwin,ci_tech,1
ameliebaldwin,cindy_crawley,1
ameliebaldwin,cirstenw,1
ameliebaldwin,citizenpolitic,1
ameliebaldwin,cjthefineartist,1
ameliebaldwin,ckensingtn,1
ameliebaldwin,clairlemon,1
ameliebaldwin,clarissamehler,1
ameliebaldwin,claudiascompan1,1
ameliebaldwin,cliffordmd2112,1
ameliebaldwin,cliffordtopham,3
ameliebaldwin,clw4packers,1
ameliebaldwin,cmbeachbum,1
ameliebaldwin,cmd1969,1
ameliebaldwin,cmw7133,1
ameliebaldwin,cnni,1
ameliebaldwin,cnnwriter69,1
ameliebaldwin,coachcubs,1
ameliebaldwin,coachdowa,1
ameliebaldwin,coffeegurl60,3
ameliebaldwin,col_nj,5
ameliebaldwin,colinjones,1
ameliebaldwin,collectdollsale,1
ameliebaldwin,colvinj,2
ameliebaldwin,comermd,4
ameliebaldwin,commonguy123,1
ameliebaldwin,conserv_tribune,1
ameliebaldwin,corockymtns,1
ameliebaldwin,coryxoxo,1
ameliebaldwin,couragefound,2
ameliebaldwin,cparham65,1
ameliebaldwin,cristinalaila1,1
ameliebaldwin,croneclone,1
ameliebaldwin,crt39437,1
ameliebaldwin,cruchofcofee,1
ameliebaldwin,cruzmode_2020,1
ameliebaldwin,crwelk82,1
ameliebaldwin,cunninghamneilb,1
ameliebaldwin,cunningtom,1
ameliebaldwin,cyber_ghost1267,1
ameliebaldwin,cyvault,1
ameliebaldwin,d_fucile,1
ameliebaldwin,d_roneal,4
ameliebaldwin,d_seaman,2
ameliebaldwin,dailykos,2
ameliebaldwin,danrolle,1
ameliebaldwin,darkhorsenews,1
ameliebaldwin,datrumpnation1,3
ameliebaldwin,davejshea,1
ameliebaldwin,daveleifer,1
ameliebaldwin,davidaxelrod,1
ameliebaldwin,davidnist,1
ameliebaldwin,davidoliveira99,1
ameliebaldwin,davidseamanweb,1
ameliebaldwin,davidsirota,18
ameliebaldwin,davidwebbshow,1
ameliebaldwin,davidwright1957,1
ameliebaldwin,dawnellemurray,3
ameliebaldwin,dawngpsalm63,5
ameliebaldwin,dazednolonger,1
ameliebaldwin,dblack15nc,1
ameliebaldwin,dcexaminer,17
ameliebaldwin,dcfairbank,2
ameliebaldwin,dcontroversal,1
ameliebaldwin,ddale8,1
ameliebaldwin,dean_treadway,1
ameliebaldwin,deaninwaukesha,1
ameliebaldwin,deathrep,1
ameliebaldwin,deb_palmer,1
ameliebaldwin,deblalaa,2
ameliebaldwin,debra55555,1
ameliebaldwin,debra_derienzo,1
ameliebaldwin,debrew5396,1
ameliebaldwin,debsellsslc,2
ameliebaldwin,dee3620,1
ameliebaldwin,deedee862,1
ameliebaldwin,deejohnston53,1
ameliebaldwin,deirdrewalshcnn,1
ameliebaldwin,demexit,1
ameliebaldwin,democracynow,2
ameliebaldwin,deplorablelori,2
ameliebaldwin,desiluci8,1
ameliebaldwin,devinedianakins,1
ameliebaldwin,devinhardin6,1
ameliebaldwin,dgjewel,1
ameliebaldwin,dhfull50,1
ameliebaldwin,dhrxsol1234,1
ameliebaldwin,dhume,1
ameliebaldwin,diamondsnjeans,1
ameliebaldwin,disspat,4
ameliebaldwin,dixiefortrump,3
ameliebaldwin,dkrwilliams,2
ameliebaldwin,dmartosko,2
ameliebaldwin,dmckinney218,1
ameliebaldwin,dmon4ever,5
ameliebaldwin,docmorry,1
ameliebaldwin,docmurdock,2
ameliebaldwin,don_arete,1
ameliebaldwin,don_gutierrez,1
ameliebaldwin,dovesandletters,1
ameliebaldwin,downsouth505,1
ameliebaldwin,downwithtyranny,1
ameliebaldwin,dpie44,1
ameliebaldwin,drewwyatt,1
ameliebaldwin,drgarynull,1
ameliebaldwin,drivinggoof,1
ameliebaldwin,drscott_atlanta,1
ameliebaldwin,dsjensen12,1
ameliebaldwin,dsshep1959,1
ameliebaldwin,dtonguis,1
ameliebaldwin,duchess1201,1
ameliebaldwin,dustin_temple10,3
ameliebaldwin,dwsedona,1
ameliebaldwin,dystopia47,1
ameliebaldwin,eREM1600,1
ameliebaldwin,eavesdropann,1
ameliebaldwin,ed_grimly,5
ameliebaldwin,ed_hooley,3
ameliebaldwin,eddiern,1
ameliebaldwin,edwrather,1
ameliebaldwin,eeb1,1
ameliebaldwin,eeynouf,2
ameliebaldwin,effiekling,1
ameliebaldwin,ejoy2270,3
ameliebaldwin,elainelayabout,1
ameliebaldwin,eliseviebeck,1
ameliebaldwin,emrutherford90,1
ameliebaldwin,eossipov,1
ameliebaldwin,epps7epps,1
ameliebaldwin,ernieHHI,2
ameliebaldwin,es_snipes,1
ameliebaldwin,ethanrbarton,1
ameliebaldwin,eveirecarolina,1
ameliebaldwin,eyerighton18,2
ameliebaldwin,ezlusztig,1
ameliebaldwin,ezralevant,1
ameliebaldwin,faagifts,2
ameliebaldwin,faevalentina,1
ameliebaldwin,fibarda,1
ameliebaldwin,finnishvodka,1
ameliebaldwin,fishinchickga,1
ameliebaldwin,flamingoHeels,1
ameliebaldwin,flappybernie001,5
ameliebaldwin,floridaguy267,1
ameliebaldwin,fluffynutters,1
ameliebaldwin,flyer1618,1
ameliebaldwin,forcerecon430,1
ameliebaldwin,forexpcb,1
ameliebaldwin,foxandfriends,13
ameliebaldwin,foxfire2112,1
ameliebaldwin,foxnation,3
ameliebaldwin,foxnewsradio,1
ameliebaldwin,francisdominicu,1
ameliebaldwin,frankgaffney,1
ameliebaldwin,franz_soapbar,1
ameliebaldwin,fredalmighty22,1
ameliebaldwin,freedlander,1
ameliebaldwin,freedomtimesorg,1
ameliebaldwin,fullerlondon,1
ameliebaldwin,fungrl1111,1
ameliebaldwin,g_66mpco,1
ameliebaldwin,gabageebee,1
ameliebaldwin,gabriellahope_,1
ameliebaldwin,galerobinson16,1
ameliebaldwin,gansaw,1
ameliebaldwin,garyibe007,1
ameliebaldwin,garyinlv01,2
ameliebaldwin,gatewaypundit,11
ameliebaldwin,gawilson81,1
ameliebaldwin,gelicmonkey,1
ameliebaldwin,geminig420,1
ameliebaldwin,gene70,1
ameliebaldwin,georgebarnes311,1
ameliebaldwin,georgia_moomey,1
ameliebaldwin,geraldmellor,1
ameliebaldwin,gerfingerpoken,16
ameliebaldwin,gerfingerpoken2,4
ameliebaldwin,ggreenwald,4
ameliebaldwin,ginah89121,1
ameliebaldwin,glzmglzm,1
ameliebaldwin,gntlman,1
ameliebaldwin,gnudarwin,1
ameliebaldwin,go4marshall,1
ameliebaldwin,goldenplaque,1
ameliebaldwin,government_list,1
ameliebaldwin,gqforbes4,3
ameliebaldwin,grannyshrek,1
ameliebaldwin,graydaygamer,1
ameliebaldwin,greeneyes0084,3
ameliebaldwin,greenpeaceusa,1
ameliebaldwin,gregaron,1
ameliebaldwin,greggwall,1
ameliebaldwin,gregory_cerge,1
ameliebaldwin,greysanatomy112,1
ameliebaldwin,groggygirl85,1
ameliebaldwin,gs777gs777,1
ameliebaldwin,gspdogs12,1
ameliebaldwin,guardian,1
ameliebaldwin,gunsandbikes,1
ameliebaldwin,gunuin,1
ameliebaldwin,guypbenson,3
ameliebaldwin,gwenbranham,1
ameliebaldwin,gynarchyrules,1
ameliebaldwin,haeli_marie,2
ameliebaldwin,hale4jesus,2
ameliebaldwin,halljh1720,1
ameliebaldwin,halsteadg048,5
ameliebaldwin,handley_dix,4
ameliebaldwin,hanktastic1776,1
ameliebaldwin,hansler_stefani,1
ameliebaldwin,happkat,1
ameliebaldwin,harpus88,2
ameliebaldwin,hartv15,1
ameliebaldwin,hateful_heretic,1
ameliebaldwin,hazelbrunette,1
ameliebaldwin,healthandcents,5
ameliebaldwin,healthuever,1
ameliebaldwin,heavensentme10,1
ameliebaldwin,hectormorenco,4
ameliebaldwin,hedgemastermb,1
ameliebaldwin,heifer109,2
ameliebaldwin,held_jana,1
ameliebaldwin,helena_jennie,1
ameliebaldwin,henricoleman1,1
ameliebaldwin,herewegokids7,1
ameliebaldwin,heytana,1
ameliebaldwin,hillary_email,1
ameliebaldwin,hillrod4prison,1
ameliebaldwin,hipquark,1
ameliebaldwin,hirschA8720,2
ameliebaldwin,hiya_jazz,1
ameliebaldwin,hokiedokiemike,1
ameliebaldwin,hoodsonco,2
ameliebaldwin,hopalong85,1
ameliebaldwin,horseaunt,1
ameliebaldwin,hrhjmm,1
ameliebaldwin,hrkbenowen,8
ameliebaldwin,hrothenb,1
ameliebaldwin,hrtablaze,12
ameliebaldwin,huitz_warrior,1
ameliebaldwin,hunterw,1
ameliebaldwin,hutch316,1
ameliebaldwin,iAmFreedomMan,2
ameliebaldwin,i_AM_theChange,1
ameliebaldwin,iamgavinjames,1
ameliebaldwin,iamharout,1
ameliebaldwin,icare4america16,2
ameliebaldwin,icarus269,1
ameliebaldwin,ignorancecosts,1
ameliebaldwin,ih8hillary,1
ameliebaldwin,ihearidiots2,1
ameliebaldwin,ihvurbk2,3
ameliebaldwin,imanewman442,1
ameliebaldwin,immigrant4trump,9
ameliebaldwin,imtheweatherman,1
ameliebaldwin,inartic,1
ameliebaldwin,incognito912,1
ameliebaldwin,incognitorva,1
ameliebaldwin,indian_mann,2
ameliebaldwin,indigo_truther,1
ameliebaldwin,informantxd,1
ameliebaldwin,infowars,2
ameliebaldwin,inmatemd,1
ameliebaldwin,intheknow1798,1
ameliebaldwin,investigator50,1
ameliebaldwin,inyourface34,1
ameliebaldwin,irritatedwoman,2
ameliebaldwin,irshroz,1
ameliebaldwin,irvine_landon,2
ameliebaldwin,ish10040,5
ameliebaldwin,israeli101,2
ameliebaldwin,issacharja7,1
ameliebaldwin,itsYourGrace,1
ameliebaldwin,iyad_elbaghdadi,1
ameliebaldwin,jacecaudwell,1
ameliebaldwin,jackbgoode1,1
ameliebaldwin,jacquiejae,1
ameliebaldwin,jaketapper,2
ameliebaldwin,jalloyd4,1
ameliebaldwin,jameshohmann,1
ameliebaldwin,jamespickard40,1
ameliebaldwin,jamesplake721,2
ameliebaldwin,jamezbronson,1
ameliebaldwin,jamezdhawaii,1
ameliebaldwin,janrask,2
ameliebaldwin,jasonmn,1
ameliebaldwin,jaydee602,1
ameliebaldwin,jaynordlinger,1
ameliebaldwin,jazz1294u,1
ameliebaldwin,jbutto,1
ameliebaldwin,jc7797231,4
ameliebaldwin,jcastillotaylor,1
ameliebaldwin,jeff_poor,1
ameliebaldwin,jeffyman,1
ameliebaldwin,jeffzeleny,1
ameliebaldwin,jemalhudso12111,1
ameliebaldwin,jenkles06,1
ameliebaldwin,jenny_wendling,1
ameliebaldwin,jennybhill,1
ameliebaldwin,jeremycorbyn,1
ameliebaldwin,jerome_corsi,2
ameliebaldwin,jess7719,1
ameliebaldwin,jessebwatters,1
ameliebaldwin,jessran1970,1
ameliebaldwin,jhinderaker,1
ameliebaldwin,jhjulian1956,1
ameliebaldwin,jhrusher,1
ameliebaldwin,jihadwatchRS,1
ameliebaldwin,jimEastridge1,1
ameliebaldwin,jimasher,3
ameliebaldwin,jimdwrench,1
ameliebaldwin,jimgeraghty,1
ameliebaldwin,jimlibertarian,1
ameliebaldwin,jimmcmains,1
ameliebaldwin,jimmy_dore,5
ameliebaldwin,jjack9400,2
ameliebaldwin,jjborek26,1
ameliebaldwin,jjburdett,1
ameliebaldwin,jko417,3
ameliebaldwin,jlangdale,1
ameliebaldwin,jmcarney23,1
ameliebaldwin,jmhamiltonblog,3
ameliebaldwin,joavargas_1220,1
ameliebaldwin,joemungus,1
ameliebaldwin,joepalojoe,2
ameliebaldwin,joeyyeo13,1
ameliebaldwin,johnand2015,2
ameliebaldwin,johncardillo,2
ameliebaldwin,johnchino01,1
ameliebaldwin,johnchurilla1,1
ameliebaldwin,johnmcternan,1
ameliebaldwin,johnmurrayyorba,1
ameliebaldwin,johnpavlich,1
ameliebaldwin,jojoh888,2
ameliebaldwin,jokesonus4sure,1
ameliebaldwin,jomas19,1
ameliebaldwin,jonathanvswan,1
ameliebaldwin,jonhabart,1
ameliebaldwin,jonnajarian,1
ameliebaldwin,joshgremillion,4
ameliebaldwin,joshob1987,1
ameliebaldwin,joshuapittman,1
ameliebaldwin,jovanclordim,2
ameliebaldwin,joydcarter,1
ameliebaldwin,joyreaper,4
ameliebaldwin,jphillipsjack,1
ameliebaldwin,jpit880,1
ameliebaldwin,jpjack_brennan,1
ameliebaldwin,jpm05880,5
ameliebaldwin,jpodhoretz,1
ameliebaldwin,jsavite,1
ameliebaldwin,jstines3,2
ameliebaldwin,jt92677,1
ameliebaldwin,jtLOL,1
ameliebaldwin,jturnershow,7
ameliebaldwin,julieb_217,1
ameliebaldwin,jurassicpork59,1
ameliebaldwin,justadad21,1
ameliebaldwin,justanavywife,3
ameliebaldwin,justsickoflies,1
ameliebaldwin,jvgraz,2
ameliebaldwin,k_mcq,1
ameliebaldwin,kabelo2020,1
ameliebaldwin,kalaniluning,1
ameliebaldwin,kallllisti,2
ameliebaldwin,kaltkrieger,1
ameliebaldwin,kantbot2000,1
ameliebaldwin,kathijo29,1
ameliebaldwin,kathy37716,1
ameliebaldwin,kathyolsen100,1
ameliebaldwin,katmur23,1
ameliebaldwin,kavn,1
ameliebaldwin,kayleighmcenany,4
ameliebaldwin,kbari12,3
ameliebaldwin,kcingram50,1
ameliebaldwin,keichri,1
ameliebaldwin,kellykolisnik,1
ameliebaldwin,kendram75,1
ameliebaldwin,kenklippenstein,1
ameliebaldwin,kennygmanno,1
ameliebaldwin,kentpg,1
ameliebaldwin,kentwilliam94,1
ameliebaldwin,kerpen,1
ameliebaldwin,kerrijacobi,1
ameliebaldwin,kevcirilli,1
ameliebaldwin,kevinhoagyn,1
ameliebaldwin,kgosztola,1
ameliebaldwin,kicranston,1
ameliebaldwin,kierobar,4
ameliebaldwin,kilmeade,1
ameliebaldwin,kim9teen,3
ameliebaldwin,kimieand,1
ameliebaldwin,kimmie99,2
ameliebaldwin,kimmieguy,1
ameliebaldwin,kindofcatholic,1
ameliebaldwin,kinni00,1
ameliebaldwin,kittenkk,1
ameliebaldwin,kittycatbaty,1
ameliebaldwin,kjgillenwater,1
ameliebaldwin,kksheld,1
ameliebaldwin,kleegrubaugh,1
ameliebaldwin,kmbiamnozie,1
ameliebaldwin,kneadlesst0say,2
ameliebaldwin,kokoeverett,1
ameliebaldwin,kristilade,1
ameliebaldwin,ktmcfarland,1
ameliebaldwin,ktumulty,1
ameliebaldwin,kupajo322,1
ameliebaldwin,kurteichenwald,1
ameliebaldwin,kvg1988,2
ameliebaldwin,kwilli1046,1
ameliebaldwin,kylegriffin1,2
ameliebaldwin,kysgabbygirl,1
ameliebaldwin,ladymacbeth1212,1
ameliebaldwin,lamplight22,1
ameliebaldwin,larryelder,8
ameliebaldwin,larrywilmore,1
ameliebaldwin,lasenissima,1
ameliebaldwin,lastchance4usa,2
ameliebaldwin,lastpatriotsusa,1
ameliebaldwin,latinaafortrump,9
ameliebaldwin,laughingliberal,1
ameliebaldwin,laughterhopesok,1
ameliebaldwin,laura_stietz,1
ameliebaldwin,laurie6805,1
ameliebaldwin,law_newz,2
ameliebaldwin,lawbarrett55,3
ameliebaldwin,lburks226,1
ameliebaldwin,leatherneck111,1
ameliebaldwin,leejac424,1
ameliebaldwin,leeleeO2,1
ameliebaldwin,leighsy10021,1
ameliebaldwin,leonpui_,1
ameliebaldwin,lewrockwell,1
ameliebaldwin,lhfang,2
ameliebaldwin,libertyalliance,1
ameliebaldwin,lilienau,1
ameliebaldwin,lindaperrybarr,1
ameliebaldwin,lipstickpundit1,1
ameliebaldwin,lisskron,1
ameliebaldwin,littlebytesnews,1
ameliebaldwin,lizzym420,1
ameliebaldwin,ljcambria,1
ameliebaldwin,lmoffatt2009,1
ameliebaldwin,lolli_logan,1
ameliebaldwin,lorettatheprole,1
ameliebaldwin,lorischovanec,2
ameliebaldwin,lost_tribe_7000,1
ameliebaldwin,lotterypicker,2
ameliebaldwin,luigibleu,1
ameliebaldwin,lusciouslindaw,1
ameliebaldwin,luv18wheels,1
ameliebaldwin,lybr3,1
ameliebaldwin,lynmacjay,1
ameliebaldwin,lyz_estrada,3
ameliebaldwin,m_cetera,1
ameliebaldwin,mackette52,2
ameliebaldwin,maddnessme,1
ameliebaldwin,madeniexdan1,1
ameliebaldwin,maggieNYT,1
ameliebaldwin,magnifier661,15
ameliebaldwin,malcolmshabazz6,1
ameliebaldwin,mamendoza480,1
ameliebaldwin,mannyj8,1
ameliebaldwin,marc_lotter,2
ameliebaldwin,marcelsardo,1
ameliebaldwin,mariarowen_1120,1
ameliebaldwin,marilynhardig,1
ameliebaldwin,marilynnrox,5
ameliebaldwin,marineshamus,1
ameliebaldwin,marjonnat,1
ameliebaldwin,mark_selby723,1
ameliebaldwin,markflesberg,1
ameliebaldwin,marklangford,1
ameliebaldwin,marklar1969,1
ameliebaldwin,marklevinshow,2
ameliebaldwin,marksmile100,1
ameliebaldwin,marlonbisme,1
ameliebaldwin,marshallgivens,1
ameliebaldwin,marsialynn86,1
ameliebaldwin,marypatriott,5
ameliebaldwin,mattersofmind,2
ameliebaldwin,mattkola1776,1
ameliebaldwin,mattlockeshow,4
ameliebaldwin,mattlupoli,1
ameliebaldwin,mattyhoyeCNN,1
ameliebaldwin,mauivwgirl,1
ameliebaldwin,mayday2744,1
ameliebaldwin,mayo4u,1
ameliebaldwin,mb141bar,1
ameliebaldwin,mboshearsperry,1
ameliebaldwin,mcgilh,1
ameliebaldwin,mcjt111,1
ameliebaldwin,mclatterbu,1
ameliebaldwin,mcspocky,1
ameliebaldwin,mdvgarcia,1
ameliebaldwin,me4usa,1
ameliebaldwin,mebabihutan,1
ameliebaldwin,mehdirhasan,1
ameliebaldwin,melanieusn1979,2
ameliebaldwin,meloso101,1
ameliebaldwin,mexican4trump,1
ameliebaldwin,mflynny,1
ameliebaldwin,michael_j_bravo,1
ameliebaldwin,michaelallenmar,6
ameliebaldwin,michaelbeatty3,2
ameliebaldwin,michaelharrisdr,2
ameliebaldwin,michaeljohns,1
ameliebaldwin,michaelkarm,1
ameliebaldwin,michaelkeyes,2
ameliebaldwin,michellemalkin,2
ameliebaldwin,michellerj1019,1
ameliebaldwin,mikandynothem,4
ameliebaldwin,mike4193496,2
ameliebaldwin,mike_pence,16
ameliebaldwin,mikeliberation,1
ameliebaldwin,mikesilva53089,1
ameliebaldwin,mikesldy6969,1
ameliebaldwin,miketb2058,1
ameliebaldwin,miksu2006,1
ameliebaldwin,milfhunter3828,1
ameliebaldwin,millimarc123,1
ameliebaldwin,mimi_saulino,1
ameliebaldwin,mindliberator,1
ameliebaldwin,mischabi,1
ameliebaldwin,mitchellvii,47
ameliebaldwin,mitrimm,1
ameliebaldwin,mitzihinkey,1
ameliebaldwin,mjamesb320,1
ameliebaldwin,mkardos,6
ameliebaldwin,mmmoonie,1
ameliebaldwin,mmurraypolitics,1
ameliebaldwin,mock_kevin,1
ameliebaldwin,modernactivism,1
ameliebaldwin,moirasargent,1
ameliebaldwin,moist_apple,1
ameliebaldwin,mojomnx,1
ameliebaldwin,mollyday15,2
ameliebaldwin,mollytwo1,1
ameliebaldwin,mommyruia,1
ameliebaldwin,momsue2929,1
ameliebaldwin,monicaestill,1
ameliebaldwin,moondog6b9,1
ameliebaldwin,moonlander56,1
ameliebaldwin,morehouse64,2
ameliebaldwin,mosbacher_mica,1
ameliebaldwin,mountain_viper,1
ameliebaldwin,mountaingyrl99,1
ameliebaldwin,movement_trump,3
ameliebaldwin,moveonkeepgoing,1
ameliebaldwin,mrbm06,1
ameliebaldwin,mrmrsnever,1
ameliebaldwin,mrntweet2,2
ameliebaldwin,mrwalsh8,2
ameliebaldwin,ms_erika74,2
ameliebaldwin,mtaibbi,1
ameliebaldwin,mtracey,15
ameliebaldwin,muchmoresalt,6
ameliebaldwin,munilass,1
ameliebaldwin,muscletrump,1
ameliebaldwin,myGianLuca,1
ameliebaldwin,mychalmassie,1
ameliebaldwin,myers_chrdie37,1
ameliebaldwin,mynameislauraca,1
ameliebaldwin,mysteryelectric,1
ameliebaldwin,nadia_555shaw,1
ameliebaldwin,nanking2100,1
ameliebaldwin,nationdivided,1
ameliebaldwin,natturnerx65,1
ameliebaldwin,navasuewokedu,1
ameliebaldwin,navy8r,1
ameliebaldwin,nayly13,1
ameliebaldwin,nbcchicago,1
ameliebaldwin,need4truthiness,1
ameliebaldwin,nepafortrump,1
ameliebaldwin,nestormotojr,1
ameliebaldwin,new_debis,1
ameliebaldwin,newsbusters,2
ameliebaldwin,newtgingrich,2
ameliebaldwin,nezy_esfandiari,1
ameliebaldwin,nia4_trump,7
ameliebaldwin,nickie_greer,1
ameliebaldwin,nikommen,1
ameliebaldwin,nikshmatko,1
ameliebaldwin,nobamanoway,1
ameliebaldwin,nobigotry,1
ameliebaldwin,noreallyhowcome,1
ameliebaldwin,normative,1
ameliebaldwin,notalemming,1
ameliebaldwin,notwithhillary,1
ameliebaldwin,now_march,1
ameliebaldwin,npmedellin,2
ameliebaldwin,npnikk,1
ameliebaldwin,nrkgalt,1
ameliebaldwin,number1green,1
ameliebaldwin,nvglenns,1
ameliebaldwin,nvrggivup,1
ameliebaldwin,nycmia,1
ameliebaldwin,nyinvesting,1
ameliebaldwin,nytimes,2
ameliebaldwin,nyvetvote,1
ameliebaldwin,obamascrewingus,1
ameliebaldwin,obamolizer,2
ameliebaldwin,occupycorruptDC,1
ameliebaldwin,ofccadjust,5
ameliebaldwin,ohworriesme,2
ameliebaldwin,ojoscriollos,1
ameliebaldwin,oldguyinhemet,1
ameliebaldwin,olivechirp,1
ameliebaldwin,ollieblog,1
ameliebaldwin,one_mulligan,1
ameliebaldwin,oneclassact1,1
ameliebaldwin,onlxn,1
ameliebaldwin,open2learn,1
ameliebaldwin,ophidianpilot,1
ameliebaldwin,opiniononion7,1
ameliebaldwin,or2duck,1
ameliebaldwin,organic2016,1
ameliebaldwin,originalspin,1
ameliebaldwin,otkkane,1
ameliebaldwin,ott_deb,1
ameliebaldwin,oucutiepie,1
ameliebaldwin,oursgrizzly,1
ameliebaldwin,outspoken1138,1
ameliebaldwin,ozsultan,1
ameliebaldwin,pRESIDENT_ALIEN,1
ameliebaldwin,paladinette,1
ameliebaldwin,pambesteder,1
ameliebaldwin,pamm_golden7,1
ameliebaldwin,panegron,2
ameliebaldwin,panterachik88,1
ameliebaldwin,papicek,1
ameliebaldwin,pappas_73,1
ameliebaldwin,parscale,1
ameliebaldwin,pastorbones,2
ameliebaldwin,pastormarkburns,1
ameliebaldwin,patbick55,3
ameliebaldwin,patrick_hostis,2
ameliebaldwin,patriot_girl_77,1
ameliebaldwin,patrioticpepe,3
ameliebaldwin,patsytk,1
ameliebaldwin,paulasul1414,1
ameliebaldwin,paulbenedict7,1
ameliebaldwin,paulhoppeauthor,1
ameliebaldwin,paulinepark,1
ameliebaldwin,peaceandjoy101,1
ameliebaldwin,peddoc63,13
ameliebaldwin,peggy_farber,1
ameliebaldwin,pennybishop16,1
ameliebaldwin,perfectsliders,4
ameliebaldwin,perle_de_miel,1
ameliebaldwin,petefrt,6
ameliebaldwin,peterg52,1
ameliebaldwin,peterjhasson,1
ameliebaldwin,pharris830,1
ameliebaldwin,phasturbo,1
ameliebaldwin,pheiden,1
ameliebaldwin,phil200269,6
ameliebaldwin,philly5503,1
ameliebaldwin,phillyrich1,2
ameliebaldwin,philmonaco67,1
ameliebaldwin,piersmorgan,2
ameliebaldwin,pilchu7,1
ameliebaldwin,pinchicagoo,1
ameliebaldwin,pink_lady56,2
ameliebaldwin,pink_sprnva,1
ameliebaldwin,pinnie99,1
ameliebaldwin,pitch4kdemocrat,1
ameliebaldwin,pittgriffin,1
ameliebaldwin,pkcapitol,1
ameliebaldwin,plmyers,1
ameliebaldwin,pmbasse,1
ameliebaldwin,pmicc33,1
ameliebaldwin,pnehlen,3
ameliebaldwin,politcagal,1
ameliebaldwin,politeactivism,1
ameliebaldwin,politicalmath,1
ameliebaldwin,politico,2
ameliebaldwin,politifactlive,1
ameliebaldwin,pops131,1
ameliebaldwin,positano_capri,1
ameliebaldwin,preciousliberty,4
ameliebaldwin,prettywingsssss,1
ameliebaldwin,pricklypear12,1
ameliebaldwin,pridepickle,1
ameliebaldwin,prioritiesUSA,1
ameliebaldwin,project10two,1
ameliebaldwin,puggywuggy2015,1
ameliebaldwin,purdycan,1
ameliebaldwin,puzzzld,1
ameliebaldwin,qariwarmi,1
ameliebaldwin,qnoftherealm,1
ameliebaldwin,quirkywackjob,1
ameliebaldwin,r2oor,1
ameliebaldwin,radioguru157,1
ameliebaldwin,radiotalkermike,1
ameliebaldwin,rafshmatko,1
ameliebaldwin,rahumphreys1,1
ameliebaldwin,ralphshields313,1
ameliebaldwin,rclague,1
ameliebaldwin,rdcrisp,1
ameliebaldwin,rdsanchezjr,1
ameliebaldwin,reFocusZone,1
ameliebaldwin,realDennisLynch,1
ameliebaldwin,realDonaldTrump,81
ameliebaldwin,realEdwardSzall,1
ameliebaldwin,realFirearms,1
ameliebaldwin,realLouChampion,1
ameliebaldwin,realbillysamson,1
ameliebaldwin,realkingrobbo,22
ameliebaldwin,realmikedoughty,1
ameliebaldwin,reason,1
ameliebaldwin,redgalbluestate,1
ameliebaldwin,redhead4645,1
ameliebaldwin,redsteeze,1
ameliebaldwin,reeltexas,1
ameliebaldwin,reg1776,2
ameliebaldwin,regated,2
ameliebaldwin,reidepstein,1
ameliebaldwin,renomarky,1
ameliebaldwin,republic2016,2
ameliebaldwin,rescuetracker81,5
ameliebaldwin,resolute77,1
ameliebaldwin,retirement08,1
ameliebaldwin,rgenci57,1
ameliebaldwin,rharrisonfries,2
ameliebaldwin,richiec951321,1
ameliebaldwin,rick_farrow,1
ameliebaldwin,rickybobby90210,2
ameliebaldwin,rightvoicenow,2
ameliebaldwin,rightwingertoo,1
ameliebaldwin,risetoflyy,3
ameliebaldwin,ritakiser25,1
ameliebaldwin,rjcollins2,1
ameliebaldwin,rkburgess,1
ameliebaldwin,rlyor,1
ameliebaldwin,rnolter,1
ameliebaldwin,rob_2512,1
ameliebaldwin,robert7019,1
ameliebaldwin,roberticog777,1
ameliebaldwin,robotsmakesushi,1
ameliebaldwin,robynanne,2
ameliebaldwin,robynlynn62,1
ameliebaldwin,robyns323,1
ameliebaldwin,rock_golem,1
ameliebaldwin,rockyfork,1
ameliebaldwin,rogerkinkaid,21
ameliebaldwin,rooshv,1
ameliebaldwin,rosea_tony,1
ameliebaldwin,rosevine3,1
ameliebaldwin,rossr122,1
ameliebaldwin,roycan79,3
ameliebaldwin,royfen99,1
ameliebaldwin,ru_honest1,1
ameliebaldwin,rudeger11,1
ameliebaldwin,rumpfshaker,2
ameliebaldwin,rustythimble54,1
ameliebaldwin,ryanmcnichols,1
ameliebaldwin,sahilkapur,1
ameliebaldwin,sahouraxo,1
ameliebaldwin,salpie,1
ameliebaldwin,sam38483,1
ameliebaldwin,samelmo1,1
ameliebaldwin,samijs1,4
ameliebaldwin,sammill01550904,1
ameliebaldwin,sammy27932003,1
ameliebaldwin,samsteinhp,1
ameliebaldwin,sandiv11,1
ameliebaldwin,sandyslove123,1
ameliebaldwin,saneplanet,1
ameliebaldwin,saneprogressive,2
ameliebaldwin,santiagos58,3
ameliebaldwin,sappergieb,1
ameliebaldwin,saracohennyc,1
ameliebaldwin,saraelvin,1
ameliebaldwin,sarahcuda,1
ameliebaldwin,sarahcwestwood,1
ameliebaldwin,saratrump1,1
ameliebaldwin,sarawenfinger,1
ameliebaldwin,sardnas51,1
ameliebaldwin,saul42,3
ameliebaldwin,sawsharee,1
ameliebaldwin,scalpatriot,1
ameliebaldwin,scottienhughes,1
ameliebaldwin,screenwriter,1
ameliebaldwin,sean_fintak,1
ameliebaldwin,seanhannity,16
ameliebaldwin,seanmdav,1
ameliebaldwin,seanspicer,2
ameliebaldwin,seomilwaukee,1
ameliebaldwin,serenity82108,1
ameliebaldwin,sfuller172,1
ameliebaldwin,shailenewoodley,1
ameliebaldwin,shan34976498,1
ameliebaldwin,sharonmau,1
ameliebaldwin,sheridanzxz,1
ameliebaldwin,sherigreatfalls,1
ameliebaldwin,shigrin,1
ameliebaldwin,shipman96,1
ameliebaldwin,shirenar,1
ameliebaldwin,shivashaktam,1
ameliebaldwin,showlady102,1
ameliebaldwin,sialusa,1
ameliebaldwin,sic_sandee,1
ameliebaldwin,sigche,1
ameliebaldwin,signoftria,1
ameliebaldwin,silentrunning12,1
ameliebaldwin,simply_ss598,1
ameliebaldwin,skallabard69,1
ameliebaldwin,skink007,3
ameliebaldwin,slava381977,2
ameliebaldwin,slo129,1
ameliebaldwin,slone,10
ameliebaldwin,sluggoD54,1
ameliebaldwin,slw2547,1
ameliebaldwin,slyestofthekats,2
ameliebaldwin,sm3ghead,1
ameliebaldwin,smartone409,3
ameliebaldwin,smith20217,1
ameliebaldwin,smod2016,1
ameliebaldwin,smokeyandbecky,1
ameliebaldwin,snoozinglion1,1
ameliebaldwin,socalmike_SD,2
ameliebaldwin,softwarnet,1
ameliebaldwin,soniafarace,1
ameliebaldwin,soso_koba,1
ameliebaldwin,souperfan2012,1
ameliebaldwin,southerntalker,1
ameliebaldwin,speng_c,1
ameliebaldwin,spike7667,1
ameliebaldwin,sschrump,1
ameliebaldwin,stangrev,1
ameliebaldwin,starknightz,2
ameliebaldwin,staycocky93,1
ameliebaldwin,steadyrain37,1
ameliebaldwin,steph93065,6
ameliebaldwin,stephenfhayes,2
ameliebaldwin,steve0423,3
ameliebaldwin,steveholland1,1
ameliebaldwin,steven_winstone,1
ameliebaldwin,stevethomma,1
ameliebaldwin,stevewightman1,1
ameliebaldwin,stldesktop,2
ameliebaldwin,stopsorosnow,1
ameliebaldwin,stormestone,1
ameliebaldwin,stranahan,1
ameliebaldwin,strangerandstar,1
ameliebaldwin,stuartpstevens,1
ameliebaldwin,stupidpresident,1
ameliebaldwin,stupidrockshow,1
ameliebaldwin,subliminal_cat,2
ameliebaldwin,sue51684,1
ameliebaldwin,suiko2fan2,1
ameliebaldwin,sumohan7,1
ameliebaldwin,sunbeam_53,1
ameliebaldwin,sunbeltgirl,1
ameliebaldwin,sunflowerwsnc,1
ameliebaldwin,sunshinette,1
ameliebaldwin,superlioness1,1
ameliebaldwin,surfermom77,1
ameliebaldwin,survivinglife3,1
ameliebaldwin,susanfujioka,1
ameliebaldwin,suthernboy100,1
ameliebaldwin,sw7617,2
ameliebaldwin,sweetatertot2,8
ameliebaldwin,t_beez22,1
ameliebaldwin,tamaraleighllc,3
ameliebaldwin,tato_kay,1
ameliebaldwin,taytay007007007,1
ameliebaldwin,tbgstephen,1
ameliebaldwin,tcarrels,1
ameliebaldwin,teacherfortrump,1
ameliebaldwin,teasiedoyle,1
ameliebaldwin,tedcruz,2
ameliebaldwin,teddygoff,1
ameliebaldwin,terri_cooney,1
ameliebaldwin,terrimore1,1
ameliebaldwin,terrymendozer,4
ameliebaldwin,tessfeb,1
ameliebaldwin,tfgnews,2
ameliebaldwin,theGoatCircus,1
ameliebaldwin,theTrumpSpring,1
ameliebaldwin,the_kelves,1
ameliebaldwin,thebeachwife,1
ameliebaldwin,thebryanhorn,1
ameliebaldwin,thedailybeast,1
ameliebaldwin,theglobaluniter,6
ameliebaldwin,thehill,13
ameliebaldwin,themadhatter355,1
ameliebaldwin,thematrixqueen,1
ameliebaldwin,themuffinmaster,1
ameliebaldwin,therayban,1
ameliebaldwin,therealcornett,1
ameliebaldwin,therealroseanne,3
ameliebaldwin,theseedyone,1
ameliebaldwin,thespazdawg,1
ameliebaldwin,thetokensquare,1
ameliebaldwin,thewolf933,1
ameliebaldwin,thinkprogress,1
ameliebaldwin,thomassfl,1
ameliebaldwin,thor_benson,1
ameliebaldwin,threewpeat,1
ameliebaldwin,tillmanair,1
ameliebaldwin,timgw37,1
ameliebaldwin,tjrocks18,1
ameliebaldwin,tkamins123,1
ameliebaldwin,tkdnaz5,1
ameliebaldwin,tkh1991,1
ameliebaldwin,tobitac,1
ameliebaldwin,tobosbunny,1
ameliebaldwin,toby_dorena,2
ameliebaldwin,toddntucker,1
ameliebaldwin,toddstarnes,2
ameliebaldwin,tomgara,1
ameliebaldwin,tonyr951,2
ameliebaldwin,tonyschwartz,1
ameliebaldwin,touleoneplathma,1
ameliebaldwin,tovangar2,1
ameliebaldwin,townhallcom,1
ameliebaldwin,tpartynews,3
ameliebaldwin,tponews,6
ameliebaldwin,tradethecycles,3
ameliebaldwin,treehugger1605,1
ameliebaldwin,treehuggingsis,1
ameliebaldwin,trendincontent,1
ameliebaldwin,trenttdogg,1
ameliebaldwin,trickytweeter,1
ameliebaldwin,tripgabriel,1
ameliebaldwin,true_pundit,4
ameliebaldwin,trueladybug,1
ameliebaldwin,trump2016fan,2
ameliebaldwin,trump2021,1
ameliebaldwin,trump_democrat,1
ameliebaldwin,trumpamericann,2
ameliebaldwin,trumper4life,2
ameliebaldwin,trumpette01,1
ameliebaldwin,trumpforwin,3
ameliebaldwin,trumpquility1,3
ameliebaldwin,truthdetector15,1
ameliebaldwin,truthteller2017,2
ameliebaldwin,tsachgilboa,1
ameliebaldwin,tsnowbird5000,1
ameliebaldwin,tteegar,3
ameliebaldwin,tvogvo,2
ameliebaldwin,twright55,2
ameliebaldwin,txhustler42,1
ameliebaldwin,uberyacht,2
ameliebaldwin,ubipages,1
ameliebaldwin,umpire43,3
ameliebaldwin,united__UK,1
ameliebaldwin,usacsmret,1
ameliebaldwin,vDonaldTrump,1
ameliebaldwin,vandives,1
ameliebaldwin,vdare,1
ameliebaldwin,velvethammer,1
ameliebaldwin,verycosmic,3
ameliebaldwin,vhfancc,1
ameliebaldwin,vibow54,1
ameliebaldwin,vikingdude3922,1
ameliebaldwin,villainial,1
ameliebaldwin,violet29,1
ameliebaldwin,vir2al8e,1
ameliebaldwin,visiontoamerica,1
ameliebaldwin,vivabernie,1
ameliebaldwin,vivelafra,18
ameliebaldwin,vnsvck1,1
ameliebaldwin,vonna_husby,1
ameliebaldwin,vox4america,1
ameliebaldwin,w4djt,2
ameliebaldwin,wagepeace,1
ameliebaldwin,wakeupfla,1
ameliebaldwin,wallen48,1
ameliebaldwin,walt1999walt,1
ameliebaldwin,wandainparis,1
ameliebaldwin,washingtonpost,3
ameliebaldwin,wcgirl1,1
ameliebaldwin,weaselzippers,1
ameliebaldwin,weatherfordbm,1
ameliebaldwin,weeklystandard,1
ameliebaldwin,weknowwhatsbest,6
ameliebaldwin,welknett,1
ameliebaldwin,wendyvoss,2
ameliebaldwin,wesearchr,2
ameliebaldwin,wesntex,1
ameliebaldwin,wft2016,1
ameliebaldwin,whoisagentzero,1
ameliebaldwin,wifelopedia,1
ameliebaldwin,wikileaks,23
ameliebaldwin,willziz,1
ameliebaldwin,winniemcglashan,1
ameliebaldwin,wiredx1,1
ameliebaldwin,wishful4me,1
ameliebaldwin,withitinBC,1
ameliebaldwin,wmerdian,1
ameliebaldwin,wmleemert,2
ameliebaldwin,wood_brdwood68,2
ameliebaldwin,workmanalice,1
ameliebaldwin,worldgoneweird,3
ameliebaldwin,worldnetdaily,1
ameliebaldwin,wpjenna,1
ameliebaldwin,writeinbernie,1
ameliebaldwin,wwjdtoday4u,1
ameliebaldwin,wyomobe,1
ameliebaldwin,xatzisotiris,1
ameliebaldwin,xavvypls,27
ameliebaldwin,xman_11530,1
ameliebaldwin,xmssweetnessx,1
ameliebaldwin,yakendo,2
ameliebaldwin,yg2bc,1
ameliebaldwin,youlivethrice,6
ameliebaldwin,yournewswire,1
ameliebaldwin,youzoob,1
ameliebaldwin,yovm36,1
ameliebaldwin,ysbnews,1
ameliebaldwin,yuravgjoe,1
ameliebaldwin,zachhaller,10
ameliebaldwin,zarawallace2,1
ameliebaldwin,zazzlecop,1
ameliebaldwin,zerohedge,1
ameliebaldwin,zesty_trump,1
ameliebaldwin,zgazda66,1
ameliebaldwin,zhaabowekwe,1
ameliebaldwin,zidaine25,1
ameliebaldwin,zip90210,1
ameliebaldwin,zz201,1
andreaseulitz,morgenpost,1
angela_lattke,welt,1
antonhayhay,13THFilm,1
antonhayhay,AreYouAfro,1
antonhayhay,BlackGirlNerds,1
antonhayhay,CNNPolitics,1
antonhayhay,Charmgurl,1
antonhayhay,CosechaMovement,1
antonhayhay,DHFBaltimore,1
antonhayhay,DJ_LEGION_ONE,1
antonhayhay,DLeonhardt,1
antonhayhay,DrJillStein,1
antonhayhay,ESTBLSHMNT,1
antonhayhay,Fusion,1
antonhayhay,HarlemCondoLife,1
antonhayhay,HaroldWNelson,1
antonhayhay,HillaryClinton,2
antonhayhay,HollaBlackGirl,1
antonhayhay,IanKarmel,1
antonhayhay,ImThatGentleman,1
antonhayhay,Inked1BNA,1
antonhayhay,JD_DeViney,1
antonhayhay,JamesFallows,1
antonhayhay,LauraJSilverman,1
antonhayhay,LostDiva,1
antonhayhay,MarcBroc,1
antonhayhay,MsElectLadyKim,1
antonhayhay,NBCNews,1
antonhayhay,NefariousNewt,1
antonhayhay,NewRepublic,1
antonhayhay,NewYorker,1
antonhayhay,NuBlackVision,1
antonhayhay,Only4RM,1
antonhayhay,Pacificshores1,1
antonhayhay,RawStory,1
antonhayhay,RealDonalDrumpf,1
antonhayhay,Reality_1,1
antonhayhay,RolandReports,1
antonhayhay,SankofaBrown,1
antonhayhay,Scott_Gilmore,1
antonhayhay,ShaunKing,1
antonhayhay,SincereSpeaks,1
antonhayhay,SouthernLady328,1
antonhayhay,Thedyer1971,1
antonhayhay,Travon,1
antonhayhay,Tuniekc,1
antonhayhay,VeryWhiteGuy,1
antonhayhay,WrapNik75,1
antonhayhay,YouGovUS,1
antonhayhay,ZaibatsuNews,1
antonhayhay,_TheRealDeal24,1
antonhayhay,adbridgeforth,2
antonhayhay,becket,1
antonhayhay,brontyman,1
antonhayhay,buzzfeed18,1
antonhayhay,cmcneilstein,1
antonhayhay,deray,1
antonhayhay,docrocktex26,1
antonhayhay,em2wice,1
antonhayhay,frodofied,1
antonhayhay,funkflex,2
antonhayhay,ggreenwald,1
antonhayhay,gioperation,1
antonhayhay,jemelehill,1
antonhayhay,jfreewright,1
antonhayhay,joanwalsh,1
antonhayhay,jonfavs,1
antonhayhay,jpodhoretz,1
antonhayhay,miglsi,1
antonhayhay,mike4193496,1
antonhayhay,msjbe20a,1
antonhayhay,nhdogmom,1
antonhayhay,nytimes,2
antonhayhay,resurgent,1
antonhayhay,rolandsmartin,1
antonhayhay,shomaristone,1
antonhayhay,thehill,2
antonhayhay,trueblacknews,1
antonhayhay,vicenews,1
antonhayhay,wikileaks,3
archieolivers,ASNEMTON,1
archieolivers,Bernietorbustty,1
archieolivers,ChristiChat,1
archieolivers,ChristieC733,1
archieolivers,ConNewsNow,1
archieolivers,DVATW,1
archieolivers,DrDavidDuke,1
archieolivers,HaussmannParis,1
archieolivers,JohnFromCranber,1
archieolivers,Juliet777777,1
archieolivers,WayneDupreeShow,1
archieolivers,WeNeedTrump,1
archieolivers,andersonDrLJA,1
archieolivers,bfraser747,1
archieolivers,iowa_trump,1
archieolivers,michelelfrost,1
archieolivers,realDonaldTrump,1
archieolivers,thehill,1
arkadii_trofim,CNNPolitics,1
arkadii_trofim,RT_America,1
arkadii_trofim,RT_com,3
arkadii_trofim,TeaPartyOrg,1
arkadii_trofim,realDonaldTrump,1
arseni_roman,RomaAcorn,1
arturburanof,RT_America,1
arturburanof,RT_com,3
arturburanof,wikileaks,1
banttanantta,a_malahov,1
baobaeham,ABC,1
baobaeham,ABFalecbaldwin,1
baobaeham,AjalaTanya,1
baobaeham,AmericanIndian8,2
baobaeham,American_Momma,1
baobaeham,BFHSNetwork,1
baobaeham,BlackAmericans,1
baobaeham,Blavity,1
baobaeham,Blu_PHIlosopher,1
baobaeham,CThurlowBrenner,1
baobaeham,CatchlightAnne,1
baobaeham,Colorlines,1
baobaeham,DJ_Scooby,1
baobaeham,DarlingEbony,1
baobaeham,Digiday,1
baobaeham,DrJillStein,1
baobaeham,EdmundDaGeneral,1
baobaeham,EnigmaNetxx,2
baobaeham,EricBoehlert,1
baobaeham,Ez4u2say_Janis,1
baobaeham,Fusion,3
baobaeham,GenGod77,1
baobaeham,HoodAcademic,1
baobaeham,HoodieNoCrime,1
baobaeham,JJ_Bola,1
baobaeham,JordanChariton,1
baobaeham,JoyAnnReid,1
baobaeham,KingBone_,2
baobaeham,LotteLeicht1,1
baobaeham,Mama_Jones2013,1
baobaeham,MichaelSkolnik,1
baobaeham,MissHot,1
baobaeham,MomsDemand,1
baobaeham,NaYaKnoMi,1
baobaeham,PoliticsPeach,2
baobaeham,ProfessorBLove,1
baobaeham,RandB_HipHopNws,1
baobaeham,RippDemUp,2
baobaeham,RossalynWarren,1
baobaeham,Russian_Starr,1
baobaeham,ShaunKing,1
baobaeham,SpeedReads,1
baobaeham,SusanSarandon,1
baobaeham,TheDailyEdge,1
baobaeham,TimBartender,1
baobaeham,Tuniekc,2
baobaeham,UPROXXMusic,1
baobaeham,WSJ,1
baobaeham,YoungElla_Baker,1
baobaeham,abellus5,1
baobaeham,akhi216,1
baobaeham,albamonica,1
baobaeham,bassem_masri,1
baobaeham,blackvoices,1
baobaeham,crazylary51,1
baobaeham,forall2hear,1
baobaeham,iPLUG_COM,1
baobaeham,induct,2
baobaeham,jeneps,1
baobaeham,kbrooksllc,1
baobaeham,kurteichenwald,2
baobaeham,kzshabazz,1
baobaeham,lwilli78,1
baobaeham,marbethflies,1
baobaeham,nine_oh,1
baobaeham,nycbubbles,1
baobaeham,nycsouthpaw,1
baobaeham,ogkeyser,2
baobaeham,reidepstein,1
baobaeham,relombardo3,1
baobaeham,samwhiteout,1
baobaeham,thedailybeast,2
baobaeham,timkmak,1
baobaeham,tylerwsdems,1
baobaeham,vj44,1
beckster319,AJ_Ski_Bum,1
beckster319,AdamBlickstein,1
beckster319,Chicagoist,1
beckster319,HillaryClinton,4
beckster319,JenSiebelNewsom,1
beckster319,JoeMande,1
beckster319,JohnFugelsang,1
beckster319,JohnLeguizamo,1
beckster319,MCappetta,1
beckster319,MattOswaltVA,2
beckster319,McJesse,1
beckster319,TheOnlyCamshaft,1
beckster319,Tiffy_we_dat,1
beckster319,andylassner,2
beckster319,brianrayguitar,1
beckster319,evanrachelwood,1
beckster319,goldengateblond,2
beckster319,mic,1
beckster319,morninggloria,1
beckster319,pattonoswalt,2
beckster319,samkalidi,1
beckster319,toriamos,1
berkhoff85,erdollum,1
bgarner2107,AnnoGalactic,1
bgarner2107,Cthulhu_Tweets,1
bgarner2107,DanaGeezus,1
bgarner2107,DianaHollins,1
bgarner2107,FightNowAmerica,1
bgarner2107,FunnyPantsTV,1
bgarner2107,GeffGefferson1,1
bgarner2107,Goodluckbeer,1
bgarner2107,Jarmadillos,1
bgarner2107,JoyAnnReid,1
bgarner2107,KenGh5,1
bgarner2107,Longhairleeroy,1
bgarner2107,OldSalz,1
bgarner2107,Peters1Aaron,1
bgarner2107,Pheramuse,1
bgarner2107,ReenieDiva,1
bgarner2107,RobotSteve2016,1
bgarner2107,Salon,1
bgarner2107,SethMacFarlane,1
bgarner2107,Shane_Rodenbeck,2
bgarner2107,TheDailyShow,1
bgarner2107,TheMichaelRock,1
bgarner2107,ZenRand,1
bgarner2107,aterkel,1
bgarner2107,borforall,1
bgarner2107,bunnyhugger75,1
bgarner2107,charley_ck14,1
bgarner2107,chelseallyn,1
bgarner2107,chiefplan1,3
bgarner2107,dnelson9411,1
bgarner2107,fitzdog1167,1
bgarner2107,lgmaterna,1
bgarner2107,mrmischiefnz,1
bgarner2107,squatchdiary,1
bgarner2107,sweet_melissa06,1
bgarner2107,theclobra,1
bgarner2107,therealezway,1
bgarner2107,wikileaks,1
bgarner2107,woodseysmith,1
bigboyjasiah,ABC,1
bigboyjasiah,ATLBlackStar,1
bigboyjasiah,AgeWithRage,1
bigboyjasiah,AisteachJohn,1
bigboyjasiah,ArtOfMusic_,1
bigboyjasiah,AzaniaJustice,1
bigboyjasiah,BEAYAHUS,1
bigboyjasiah,BET,1
bigboyjasiah,ClintSmithIII,1
bigboyjasiah,ColossILL,1
bigboyjasiah,DanteB4u,1
bigboyjasiah,DcSlumdog,1
bigboyjasiah,DrJasonJohnson,1
bigboyjasiah,DrJillStein,1
bigboyjasiah,EricWolfson,1
bigboyjasiah,Fusion,1
bigboyjasiah,GottiLavida,1
bigboyjasiah,HuffingtonPost,1
bigboyjasiah,IanKarmel,1
bigboyjasiah,JYSexton,1
bigboyjasiah,JherringJames,1
bigboyjasiah,JoyAnnReid,1
bigboyjasiah,KFILE,1
bigboyjasiah,KellyO,1
bigboyjasiah,LILMISSDOTTIE,1
bigboyjasiah,LeChatNoire4,1
bigboyjasiah,LibyaLiberty,1
bigboyjasiah,MMFlint,1
bigboyjasiah,MTVNews,1
bigboyjasiah,MrNegroMilitant,1
bigboyjasiah,NCPoliticalSpin,1
bigboyjasiah,NewRepublic,1
bigboyjasiah,Omojuwa,1
bigboyjasiah,RawStory,2
bigboyjasiah,ShaunKing,1
bigboyjasiah,TalibKweli,2
bigboyjasiah,TheDailyEdge,1
bigboyjasiah,WhiteHouse,1
bigboyjasiah,WorldLatinStar,1
bigboyjasiah,ajamubaraka,1
bigboyjasiah,ananavarro,1
bigboyjasiah,anthony9843,2
bigboyjasiah,blicqer,1
bigboyjasiah,brianstelter,1
bigboyjasiah,dailykos,1
bigboyjasiah,davidsirota,1
bigboyjasiah,dtafakari,1
bigboyjasiah,haagse24uur,1
bigboyjasiah,katieschwartz,1
bigboyjasiah,loveYemen101,1
bigboyjasiah,mashable,1
bigboyjasiah,mattdpearce,1
bigboyjasiah,motownbelle,1
bigboyjasiah,mtaibbi,1
bigboyjasiah,nhannahjones,1
bigboyjasiah,nycsouthpaw,1
bigboyjasiah,realjdobypr,1
bigboyjasiah,rolandsmartin,2
bigboyjasiah,slantedfraction,1
bigboyjasiah,soledadobrien,1
bigboyjasiah,timkaine,1
bigboyjasiah,truthout,1
bigboyjasiah,tuneintorevcom,1
bigboyjasiah,wkamaubell,1
bigboyjasiah,zellieimani,1
bigboysneed,Ant95four,1
bigboysneed,AreYouAfro,1
bigboysneed,Blackamazon,1
bigboysneed,ColossILL,1
bigboysneed,DJMistaXclusive,1
bigboysneed,DJ_LEGION_ONE,1
bigboysneed,DavidCayJ,1
bigboysneed,DcSlumdog,1
bigboysneed,DrJillStein,1
bigboysneed,EBONYMag,1
bigboysneed,FeministaJones,1
bigboysneed,HaroldWNelson,1
bigboysneed,JamilSmith,2
bigboysneed,JohnFDaley,1
bigboysneed,KashannKilson,2
bigboysneed,MrNegroMilitant,1
bigboysneed,NYDailyNews,1
bigboysneed,POLITICOMag,1
bigboysneed,Patsy1207,1
bigboysneed,Politics1com,1
bigboysneed,RawStory,1
bigboysneed,RippDemUp,1
bigboysneed,SSStyle1,1
bigboysneed,Slate,1
bigboysneed,TalibKweli,1
bigboysneed,TheFinalCall,1
bigboysneed,TheNiggaChurch,1
bigboysneed,TraceeEllisRoss,1
bigboysneed,VeryWhiteGuy,1
bigboysneed,ajplus,1
bigboysneed,alivitali,1
bigboysneed,blicqer,2
bigboysneed,daveentrentmann,1
bigboysneed,djolder,1
bigboysneed,drumbeats4peace,1
bigboysneed,funkflex,1
bigboysneed,ggreenwald,1
bigboysneed,jaberard,1
bigboysneed,jilevin,1
bigboysneed,jimmykimmel,1
bigboysneed,lsarsour,1
bigboysneed,mashable,1
bigboysneed,politico,1
bigboysneed,rochelleriley,1
bigboysneed,samsteinhp,1
bigboysneed,thehill,1
bigseanbeast,ABCPolitics,1
bigseanbeast,ATLBlackStar,1
bigseanbeast,BEAYAHUS,1
bigseanbeast,BlackYouthProj,1
bigseanbeast,DJ_KOOL_ANT,1
bigseanbeast,DonCheadle,3
bigseanbeast,Duckpon12,1
bigseanbeast,EPWVLaw,1
bigseanbeast,FeministaJones,2
bigseanbeast,HueyNewton510,1
bigseanbeast,KING5Seattle,1
bigseanbeast,KelleyLCarter,1
bigseanbeast,LeLe5417,1
bigseanbeast,Paradox13VA,1
bigseanbeast,Peter_J_K,1
bigseanbeast,ProfessorBLove,1
bigseanbeast,RawStory,1
bigseanbeast,TEN_GOP,1
bigseanbeast,TheRevAl,1
bigseanbeast,TornadoesBoreMe,1
bigseanbeast,TwiterHero,1
bigseanbeast,VanJones68,1
bigseanbeast,VeryWhiteGuy,1
bigseanbeast,blicqer,1
bigseanbeast,brownblaze,1
bigseanbeast,docrocktex26,1
bigseanbeast,em2wice,1
bigseanbeast,ggreenwald,1
bigseanbeast,heykim,1
bigseanbeast,hotdog7826,2
bigseanbeast,joshtpm,1
bigseanbeast,peterdaou,1
bigseanbeast,pooter03,1
bigseanbeast,realjdobypr,1
bigseanbeast,rochelleriley,1
bigseanbeast,tchop__StL,1
bigseanbeast,thehill,2
blackeyeblog,AmericanIndian8,1
blackeyeblog,thaneofcarlos,1
blackeyeblog,wikileaks,1
blackmattersus,happiesthusband,1
blacktolive,BionicBombshell,1
blacktolive,BlackToLive,10
blacktolive,Fahrenthold,1
blacktolive,FedUpBlkEsq,1
blacktolive,LoboLangWorld,1
blacktolive,MrFukUrFeelin_s,1
blacktolive,PatHartman_,1
blacktolive,RawStory,1
blacktolive,TheOralBuffet,1
blacktolive,YousefGhanimeh,1
blacktolive,_taycharlese,1
blacktolive,_yazrocks,1
blacktolive,angelfrmcanada,1
blacktolive,bennydiego,1
blacktolive,blackvoices,1
blacktolive,cwarzel,1
blacktolive,darra100,1
blacktolive,deray,1
blacktolive,dijoni,1
blacktolive,maryannmom,1
blacktolive,megablockstack,1
blacktolive,pershelly,1
blacktolive,serena_moodie22,1
blacktolive,staybalancedn,1
blacktolive,theGrio,1
blacktolive,votersaresaying,1
blacneighbor,ZaibatsuNews,1
bleepthepolice,AngelJi95809364,1
bleepthepolice,BleepThePolice,3
bleepthepolice,LarkLemonJr,1
bleepthepolice,LeftyDonnyTrump,1
bleepthepolice,ReasThea,1
bleepthepolice,RellzRantz,1
bleepthepolice,ReverendWrath,1
bleepthepolice,SaucySisTah,1
bleepthepolice,T_FisherKing,1
bleepthepolice,TacTKrl,2
bleepthepolice,TrayneshaCole,4
bleepthepolice,WarmBathWater,1
bleepthepolice,christinagausas,1
bleepthepolice,es_snipes,1
bleepthepolice,free2moveon,1
bleepthepolice,fuertecorazon,1
bleepthepolice,gloed_up,10
bleepthepolice,jb713,1
bleepthepolice,kharly,1
bleepthepolice,khmld9t5,1
bleepthepolice,leinani_cambra,1
bleepthepolice,llkooldre50,1
bleepthepolice,spotthedog67,1
bleepthepolice,teacuplissy,1
bleepthepolice,vivian_terry,1
bleepthepolice,xWilWi,1
blmsoldier,ABC,2
blmsoldier,ABC22FOX45,1
blmsoldier,AjalaTanya,1
blmsoldier,ChaelMontgomery,1
blmsoldier,Charnelle_OL,1
blmsoldier,CobraCommans,1
blmsoldier,ColfersAngel,1
blmsoldier,CommonCauseOhio,1
blmsoldier,Crystal1Johnson,1
blmsoldier,DailyNewsBin,1
blmsoldier,DanteB4u,1
blmsoldier,Dywebs,1
blmsoldier,EricLiptonNYT,1
blmsoldier,FRICTION456,1
blmsoldier,HillaryClinton,1
blmsoldier,HollaBlackGirl,1
blmsoldier,ImAngelaBassett,1
blmsoldier,JLo,1
blmsoldier,JamilSmith,1
blmsoldier,JillBidenVeep,1
blmsoldier,JordanChariton,1
blmsoldier,KadijahChloee,1
blmsoldier,KaylinWinters2,1
blmsoldier,LeekBuckz,1
blmsoldier,Luvvie,1
blmsoldier,MTVNews,1
blmsoldier,Mecarlson_nbct,1
blmsoldier,MrChuckD,1
blmsoldier,MrNegroMilitant,1
blmsoldier,MsElectLadyKim,1
blmsoldier,NaYaKnoMi,1
blmsoldier,NickKristof,1
blmsoldier,Omojuwa,1
blmsoldier,Only4RM,1
blmsoldier,PaulVale,1
blmsoldier,RightWingWatch,1
blmsoldier,Russian_Starr,1
blmsoldier,SailinSouth,1
blmsoldier,ScottIgbene,1
blmsoldier,SouthernLady328,2
blmsoldier,TalibKweli,1
blmsoldier,TeamBarb1,1
blmsoldier,Yamiche,1
blmsoldier,YoungDems4Trump,1
blmsoldier,ak_candor,1
blmsoldier,answercoalition,1
blmsoldier,bsonenstein,1
blmsoldier,butzmom,1
blmsoldier,chrislhayes,1
blmsoldier,djolder,2
blmsoldier,easyericbond,1
blmsoldier,eclecticbrotha,1
blmsoldier,emergagent,1
blmsoldier,frodofied,1
blmsoldier,girlposts,1
blmsoldier,henrygpromo,1
blmsoldier,heykim,1
blmsoldier,imraansiddiqi,1
blmsoldier,j_laumann,1
blmsoldier,jkarsh,1
blmsoldier,joshgreenman,1
blmsoldier,josiegz,1
blmsoldier,justanavywife,1
blmsoldier,kgosztola,1
blmsoldier,kharyp,1
blmsoldier,mrtstur,1
blmsoldier,number1feeling,1
blmsoldier,nytpolitics,1
blmsoldier,owillis,1
blmsoldier,paix120,1
blmsoldier,richardhine,1
blmsoldier,saladinahmed,1
blmsoldier,speechboy71,1
blmsoldier,theaafca,1
bocharnikov_v,A_G_Dugin,1
bocharnikov_v,FacedBook2,1
bocharnikov_v,GrahamWP_UK,1
bocharnikov_v,JournalNEO,1
bocharnikov_v,LatestAnonNews,1
bocharnikov_v,RT_America,6
bocharnikov_v,RT_com,4
bocharnikov_v,RealAlexJones,1
bocharnikov_v,TEN_GOP,1
bocharnikov_v,ValLisitsa,1
bocharnikov_v,WorldsApart_RT,1
bocharnikov_v,highercause,1
bocharnikov_v,patriotkaz,1
bogdankravcov,McFaul,1
bogdankravcov,RT_America,6
bogdankravcov,RT_com,5
bogdankravcov,RealAlexJones,1
bogdankravcov,ValLisitsa,1
bogdankravcov,edrnsk,1
bogdankravcov,zertOne,1
boriseleseev,MikeArgi,1
boriseleseev,NVlad_Ru,1
boriseleseev,RT_America,3
boriseleseev,RT_com,2
boriseleseev,woodys3333,1
boryabuchin,LindaSuhler,1
boryabuchin,NewObOnline,1
boryabuchin,RT_America,4
boryabuchin,RT_com,1
boryabuchin,TEN_GOP,1
boryabuchin,WDFx2EU7,1
boryabuchin,justinpgdr,1
boryabuchin,wikileaks,3
bratuha_borcuha,RomaAcorn,1
brentmcclure275,ATLBlackStar,1
brentmcclure275,Annikaleia,1
brentmcclure275,AreYouAfro,2
brentmcclure275,BernieSanders,1
brentmcclure275,Charlie_Corley,1
brentmcclure275,ChuckModi1,1
brentmcclure275,DarrenFreedom,1
brentmcclure275,DemAwakening,1
brentmcclure275,DonCheadle,1
brentmcclure275,FeministaJones,2
brentmcclure275,HotBlkCoffee,1
brentmcclure275,JamilSmith,1
brentmcclure275,JoyAnnReid,1
brentmcclure275,KeithOlbermann,1
brentmcclure275,LorenzaOrrin,1
brentmcclure275,Ms_Brina,1
brentmcclure275,NYDailyNews,1
brentmcclure275,Ocynthiawill,1
brentmcclure275,PoliticsPeach,1
brentmcclure275,RaphaelLove,1
brentmcclure275,TalibKweli,1
brentmcclure275,TheFinalCall,1
brentmcclure275,TheReelNetwork,1
brentmcclure275,TheRevAl,1
brentmcclure275,VanJones68,1
brentmcclure275,VeryWhiteGuy,1
brentmcclure275,blicqer,2
brentmcclure275,dagr8fm,1
brentmcclure275,djolder,1
brentmcclure275,docrocktex26,1
brentmcclure275,evanasmith,4
brentmcclure275,ggreenwald,1
brentmcclure275,jilevin,1
brentmcclure275,jimmykimmel,1
brentmcclure275,jjmplsmn,1
brentmcclure275,laurby,1
brentmcclure275,mashable,1
brentmcclure275,paix120,1
brentmcclure275,peterdaou,1
brentmcclure275,politicques,1
brentmcclure275,pzriddle,1
brentmcclure275,richardhine,1
brentmcclure275,thehill,1
brianaregland,ABCPolitics,1
brianaregland,AP,1
brianaregland,AVAETC,1
brianaregland,AndrewNBCNews,1
brianaregland,AntheaButler,3
brianaregland,AudraEqualityMc,1
brianaregland,AyeshaASiddiqi,3
brianaregland,BillyBaldwin,1
brianaregland,BlackGirlGeeks,1
brianaregland,BlackGirlNerds,3
brianaregland,BlackYouthVote,1
brianaregland,BlerdyShani,1
brianaregland,BostonGlobe,1
brianaregland,BostonJerry,1
brianaregland,BrandonEaston,1
brianaregland,BreeNewsome,2
brianaregland,BuzzFeedNews,1
brianaregland,CNN,2
brianaregland,CNNPolitics,1
brianaregland,CNNnewsroom,1
brianaregland,CerromeRussell,2
brianaregland,ColorOfChange,3
brianaregland,Danchrism,1
brianaregland,DanielNwosu,1
brianaregland,Deadspin,1
brianaregland,DrJillStein,1
brianaregland,DragonflyJonez,2
brianaregland,EMA_radio1,4
brianaregland,FCKNYH_GK,1
brianaregland,Fahrenthold,1
brianaregland,FeministaJones,9
brianaregland,ForecasterEnten,1
brianaregland,Fusion,1
brianaregland,HaroldItz,1
brianaregland,HeerJeet,4
brianaregland,HuffPostPol,1
brianaregland,IWriteAllDay_,1
brianaregland,ImOlderPC,1
brianaregland,JTSantucci,1
brianaregland,JYSexton,1
brianaregland,JamilSmith,2
brianaregland,JanelleMonae,1
brianaregland,JoeSudbay,1
brianaregland,JohnFPfaff,1
brianaregland,JoyAnnReid,23
brianaregland,KatrinaLRogers,1
brianaregland,KedronBardwell,1
brianaregland,KeshRue,7
brianaregland,KoriKaepernick,1
brianaregland,LeftOfBlack,1
brianaregland,LouisatheLast,1
brianaregland,MarciaLDyson,1
brianaregland,McFaul,1
brianaregland,MissAngelaDavis,1
brianaregland,MonkovicNYT,1
brianaregland,Nettaaaaaaaa,2
brianaregland,NewBlackMan,4
brianaregland,NewRepublic,1
brianaregland,NewsHour,1
brianaregland,NirajC,1
brianaregland,NoTotally,1
brianaregland,P0TUS,1
brianaregland,POLITICOMag,1
brianaregland,Phil_Lewis_,2
brianaregland,PiaGlenn,2
brianaregland,RaquelWillis_,1
brianaregland,RawStory,1
brianaregland,Read_AboutMi_,1
brianaregland,RedBeKnowing,7
brianaregland,Russian_Starr,1
brianaregland,ShotByCT,1
brianaregland,SingletaryM,1
brianaregland,SopanDeb,2
brianaregland,Suria_gee,1
brianaregland,TheCut,1
brianaregland,TheDailyShow,1
brianaregland,TheJusticeDept,1
brianaregland,TheLantern,1
brianaregland,TheRealOleGator,1
brianaregland,Tiwaworks,1
brianaregland,UzoAduba,1
brianaregland,VABVOX,1
brianaregland,WAPratt,1
brianaregland,WhiteHouse,1
brianaregland,Yamiche,3
brianaregland,ZeddRebel,1
brianaregland,_mgpl,1
brianaregland,abowlofsoul,1
brianaregland,ajplus,2
brianaregland,alex_abads,1
brianaregland,aminatou,1
brianaregland,angryblackhoemo,1
brianaregland,attackerman,1
brianaregland,becket,1
brianaregland,benjancewicz,2
brianaregland,billclunie,1
brianaregland,blackvoices,1
brianaregland,blicqer,1
brianaregland,bomani_jones,1
brianaregland,bronze_bombSHEL,1
brianaregland,brownblaze,3
brianaregland,civilrights_rr,5
brianaregland,daniecal,11
brianaregland,deray,3
brianaregland,dilemmv,1
brianaregland,eclecticbrotha,1
brianaregland,eigenseide,1
brianaregland,emmaroller,1
brianaregland,ethanklapper,1
brianaregland,existentialfish,1
brianaregland,fivefifths,2
brianaregland,frodofied,1
brianaregland,igorvolsky,1
brianaregland,imraansiddiqi,1
brianaregland,irin,1
brianaregland,jelani9,1
brianaregland,jillharth,1
brianaregland,jonfavs,2
brianaregland,keithboykin,12
brianaregland,kurteichenwald,1
brianaregland,kylegriffin1,3
brianaregland,laseptiemewilay,1
brianaregland,leedrutman,1
brianaregland,lucrjviola,1
brianaregland,markfollman,1
brianaregland,markwellsrector,1
brianaregland,mollycrabapple,1
brianaregland,morningmoneyben,1
brianaregland,nonsequiteuse,1
brianaregland,nowthisnews,1
brianaregland,nytimes,2
brianaregland,nytopinion,1
brianaregland,opalayo,1
brianaregland,politicalwire,1
brianaregland,politico,1
brianaregland,politifactlive,1
brianaregland,pollreport,1
brianaregland,qz,1
brianaregland,rashadrobinson,1
brianaregland,rejectedjokes,1
brianaregland,s_m_i,3
brianaregland,samsteinhp,2
brianaregland,samswey,2
brianaregland,shailjapatel,1
brianaregland,shannonrwatts,1
brianaregland,stuartpstevens,1
brianaregland,thehill,2
brianthelifter,2DopeBoyz,1
brianthelifter,561Pamela,1
brianthelifter,AbsonJill,1
brianthelifter,AntonioFrench,1
brianthelifter,BeeSaysPolitics,1
brianthelifter,BernieSanders,2
brianthelifter,BlackToLive,1
brianthelifter,Bossip,1
brianthelifter,CurtisforMO,1
brianthelifter,Delo_Taylor,1
brianthelifter,DrJillStein,1
brianthelifter,EWDolan,1
brianthelifter,GRYKING,1
brianthelifter,GrnEyedMandy,1
brianthelifter,HotNewHipHop,1
brianthelifter,HumanistPundit,1
brianthelifter,JamilSmith,1
brianthelifter,LiberalMunky,1
brianthelifter,Limeylizzie,1
brianthelifter,LisaVikingstad,1
brianthelifter,MrNegroMilitant,2
brianthelifter,MsJamilaAisha,1
brianthelifter,NateSilver538,1
brianthelifter,NewYorker,2
brianthelifter,NicholsUprising,1
brianthelifter,PolicyMic,2
brianthelifter,RawStory,1
brianthelifter,Russian_Starr,1
brianthelifter,SFdirewolf,1
brianthelifter,SmawtAss,1
brianthelifter,StopMassIncNet,1
brianthelifter,TheRealNews,1
brianthelifter,aalali44,1
brianthelifter,blicqer,2
brianthelifter,chrisgeidner,1
brianthelifter,civilrightsorg,1
brianthelifter,darkman1558,1
brianthelifter,democracynow,1
brianthelifter,djolder,1
brianthelifter,emigre80,1
brianthelifter,francophone,1
brianthelifter,hotdog7826,1
brianthelifter,jaketapper,1
brianthelifter,jkarsh,1
brianthelifter,jonfavs,1
brianthelifter,josephjett,1
brianthelifter,jupiter896,1
brianthelifter,kharyp,1
brianthelifter,kunoorojha,1
brianthelifter,maliagif,1
brianthelifter,mic,2
brianthelifter,michaelcrowley,1
brianthelifter,mollycrabapple,1
brianthelifter,politico,1
brianthelifter,poniewozik,1
brianthelifter,ppppolls,1
brianthelifter,promisedamutant,1
brianthelifter,randyprine,3
brianthelifter,sokane1,1
brianthelifter,southern_spaces,1
brianthelifter,speakinmytruth,1
brianthelifter,starfirst,1
brianthelifter,thehill,4
brianthelifter,thepoliticalcat,1
brianthelifter,tobyharnden,1
brianthelifter,trueblacknews,1
brianthelifter,twinsational,1
brianthelifter,washingtonpost,1
brianthelifter,yottapoint,2
bricegeller,Delo_Taylor,1
bricegeller,FeministaJones,2
bricegeller,Fusion,1
bricegeller,HappilyNappily,1
bricegeller,MissJupiter1957,2
bricegeller,TornadoesBoreMe,1
bricegeller,VanJones68,1
bricegeller,VeryWhiteGuy,1
bricegeller,businessinsider,1
bricegeller,chrisgeidner,1
bricegeller,dancingqueenDC,1
bricegeller,em2wice,1
bricegeller,ggreenwald,1
bricegeller,jmartNYT,1
bricegeller,laurby,1
bricegeller,ogkeyser,2
bricegeller,peterdaou,1
bricegeller,peterwsinger,1
bricegeller,thehill,1
brightandglory,ATHEIST_Blessed,1
brightandglory,AtomicElbow1,1
brightandglory,BookmanDan,1
brightandglory,Born_To_DYE,1
brightandglory,ChrixMorgan,1
brightandglory,CurtCBryant,1
brightandglory,DanaGeezus,3
brightandglory,Edwardaespinoza,1
brightandglory,GeffGefferson1,2
brightandglory,GiselleEvns,3
brightandglory,HillaryClinton,3
brightandglory,KenGh5,1
brightandglory,KeshaTedder,1
brightandglory,KeswickPinhead,2
brightandglory,Latent_Fury,1
brightandglory,LoLo_OOC,1
brightandglory,LouGeese,1
brightandglory,OnPirateSat,2
brightandglory,PresidentJeffPJ,1
brightandglory,Redlinesi10,1
brightandglory,SemeiMuCasa,1
brightandglory,SethMacFarlane,1
brightandglory,Shane_Rodenbeck,1
brightandglory,StefanMolyneux,1
brightandglory,ThisSideOp,1
brightandglory,WHOAwhatthefuck,2
brightandglory,borforall,1
brightandglory,bunnyhugger75,2
brightandglory,chiefplan1,4
brightandglory,cutupx2,1
brightandglory,ddale8,1
brightandglory,fatalmocking,1
brightandglory,jamesmarie33,1
brightandglory,lgmaterna,1
brightandglory,sweet_melissa06,1
briys_valera,RT_America,1
bruciedublin,ATHEIST_Blessed,1
bruciedublin,AlexKollet,1
bruciedublin,AnnoGalactic,3
bruciedublin,AtomicElbow1,1
bruciedublin,BadIdeasVs,1
bruciedublin,CinnaHenry,1
bruciedublin,Cthulhu_Tweets,1
bruciedublin,CumuloPhallus,1
bruciedublin,DominicValent,1
bruciedublin,Dreamweasel,2
bruciedublin,Forza_Velocita,1
bruciedublin,Gamiliell,1
bruciedublin,GeffGefferson1,2
bruciedublin,Harrynotlarry,1
bruciedublin,HassanMoKhan,1
bruciedublin,InGodIDoTrust,1
bruciedublin,KipperNY42,1
bruciedublin,Longhairleeroy,1
bruciedublin,OldSalz,1
bruciedublin,Peters1Aaron,1
bruciedublin,Pheramuse,1
bruciedublin,RacerX393,1
bruciedublin,RealChrisCutts,1
bruciedublin,ReenieDiva,1
bruciedublin,RobotSteve2016,1
bruciedublin,Shane_Rodenbeck,2
bruciedublin,TheDailyShow,1
bruciedublin,TheScottfather,1
bruciedublin,Thor_2000,2
bruciedublin,borforall,1
bruciedublin,bunnyhugger75,2
bruciedublin,charley_ck14,1
bruciedublin,chiefplan1,1
bruciedublin,completelymoral,1
bruciedublin,fitzdog1167,1
bruciedublin,greg_a_elliott,1
bruciedublin,michaeljohns,1
bruciedublin,realDonaldTrump,1
bruciedublin,republicanbob,1
bruciedublin,rhonlirob,1
bruciedublin,ronen321,1
bruciedublin,screechmonkey,1
bruciedublin,somedude1129,1
bruciedublin,sophie_diddles,1
bruciedublin,stormynights10,1
bruciedublin,sweet_melissa06,1
bruciedublin,therealezway,1
bruciedublin,tncomedy,1
bruciedublin,truthusmaximus,1
c__wells,ColbyST1,1
c__wells,CynthiaMHunter,1
c__wells,EmileeWaren,3
c__wells,Hollydler,1
c__wells,J0hnLarsen,1
c__wells,JeanneMccarthy0,2
c__wells,JeffSanchezz,5
c__wells,Jude_Lamb,2
c__wells,LauraBaeley,3
c__wells,LeroyLovesUSA,2
c__wells,Logan_WhatsUp,2
c__wells,MicParrish,2
c__wells,MichelleArry,1
c__wells,Mil0Blake,2
c__wells,PaolaKinck,1
c__wells,PatriotBlake,2
c__wells,RyanMaxwell_1,4
c__wells,WesternWindWes,1
c__wells,_NickLuna_,2
c__wells,beachkatie,1
c__wells,happkendrahappy,1
c__wells,heyits_toby,4
c__wells,hollandpatrickk,2
c__wells,petefrt,1
calebpaar,3DzD,1
calebpaar,AbhishekPrtp,1
calebpaar,Booth_Prince,1
calebpaar,CNN,1
calebpaar,EricWolfson,1
calebpaar,ErikHandy,1
calebpaar,HeHasntTweeted,1
calebpaar,HillaryClinton,1
calebpaar,Jarmadillos,1
calebpaar,Latent_Fury,1
calebpaar,MauriceMichael,1
calebpaar,SethGoodtime,2
calebpaar,TaraSetmayer,1
calebpaar,Townsend_S_W,1
calebpaar,Voycer100,1
calebpaar,WhatIsJeopardy,1
calebpaar,brightandglory,1
calebpaar,chico_for,1
calebpaar,chiefplan1,1
calebpaar,cynthiajones11,1
calebpaar,fatalmocking,1
calebpaar,lyndseybell98,1
calebpaar,mcspocky,1
calebpaar,midnight,1
calebpaar,neverhipster,1
calebpaar,screechmonkey,1
calebpaar,stormynights10,1
calebpaar,taradublinrocks,1
calebpaar,theclobra,2
calebpaar,therealezway,1
calebpaar,truthusmaximus,1
calebpaar,voxdotcom,1
camosaseko,2RealandTruth,1
camosaseko,ABC7,1
camosaseko,BenjySarlin,1
camosaseko,BlackAutonomist,1
camosaseko,BrianPaulStuart,1
camosaseko,Crutch4,1
camosaseko,DanteB4u,1
camosaseko,Delo_Taylor,2
camosaseko,DemocraticLifer,1
camosaseko,DragonflyJonez,1
camosaseko,EricBoehlert,2
camosaseko,Essence,1
camosaseko,ForecasterEnten,1
camosaseko,FreeandEqual,1
camosaseko,HaroldItz,1
camosaseko,HeerJeet,1
camosaseko,IgnatiusPost,1
camosaseko,JYSexton,1
camosaseko,JamalSimmons,1
camosaseko,JamilSmith,1
camosaseko,JohnJHarwood,1
camosaseko,JordanChariton,1
camosaseko,JoyAnnReid,1
camosaseko,LAWriter,1
camosaseko,MattMurph24,7
camosaseko,MotherJones,1
camosaseko,NormOrnstein,1
camosaseko,OhioPoliticsNow,1
camosaseko,OpFerguson,1
camosaseko,POLITICOMag,1
camosaseko,PeoplesMediaLA,1
camosaseko,Politics_PR,1
camosaseko,ProgPoli,1
camosaseko,QrsChocolate,1
camosaseko,RBraceySherman,1
camosaseko,Rschooley,1
camosaseko,ShaunKing,1
camosaseko,SopanDeb,2
camosaseko,TalibKweli,1
camosaseko,TeaPainUSA,1
camosaseko,TheMattWilstein,1
camosaseko,TheRealNews,1
camosaseko,TheRickyDavila,1
camosaseko,Toure,1
camosaseko,TransGriot,1
camosaseko,Tuniekc,1
camosaseko,WyzeChef,1
camosaseko,XLNB,1
camosaseko,ZaibatsuNews,12
camosaseko,alivitali,1
camosaseko,alwaystheself,1
camosaseko,amjoyshow,1
camosaseko,ananavarro,1
camosaseko,b_schaffner,1
camosaseko,birgittaj,1
camosaseko,blackvoices,1
camosaseko,blicqer,32
camosaseko,blowryontv,1
camosaseko,civilrightsorg,1
camosaseko,conortheplumber,1
camosaseko,deray,1
camosaseko,docrocktex26,1
camosaseko,edatpost,1
camosaseko,es_snipes,2
camosaseko,ggreenwald,1
camosaseko,igorvolsky,2
camosaseko,joshtpm,1
camosaseko,keithellison,1
camosaseko,kurteichenwald,2
camosaseko,lawhawk,1
camosaseko,mviser,1
camosaseko,ndrew_lawrence,1
camosaseko,not_inventive,1
camosaseko,owillis,1
camosaseko,peterdaou,1
camosaseko,rafalhill,1
camosaseko,rebeccaballhaus,1
camosaseko,rolling_2,1
camosaseko,samsteinhp,2
camosaseko,scottbix,1
camosaseko,smoothkobra,1
camosaseko,steveweinstein,1
camosaseko,studentactivism,1
camosaseko,sullivanamy,1
camosaseko,thehill,2
camosaseko,theshrillest,1
camosaseko,trueblacknews,1
camosaseko,zoegalland,1
cannonsher,BlackGirlGeeks,1
cannonsher,BostonJerry,1
cannonsher,BraddJaffy,1
cannonsher,CNN,2
cannonsher,DrJasonJohnson,1
cannonsher,Echecrates,1
cannonsher,EvanAxelbank,1
cannonsher,FeministaJones,5
cannonsher,Fusion,2
cannonsher,GraveyardSister,1
cannonsher,HeerJeet,1
cannonsher,HillaryClinton,1
cannonsher,JDiamond1,1
cannonsher,JoyAnnReid,6
cannonsher,KeshRue,1
cannonsher,LadyBugAssassin,1
cannonsher,Lin_Manuel,1
cannonsher,LippyJimmy,1
cannonsher,MHarrisPerry,1
cannonsher,NBCNightlyNews,1
cannonsher,NYDailyNews,1
cannonsher,NYTNational,1
cannonsher,NewDay,1
cannonsher,NicT10,1
cannonsher,NickKristof,1
cannonsher,No_Cut_Card,1
cannonsher,Phil_Lewis_,1
cannonsher,PorterPizzazz,1
cannonsher,SheSeauxSaditty,2
cannonsher,TUSK81,1
cannonsher,TalibKweli,1
cannonsher,WhiteHouse,1
cannonsher,Yamiche,1
cannonsher,amandaseales,1
cannonsher,arishmaryshow,1
cannonsher,bpolitics,1
cannonsher,brownblaze,1
cannonsher,civilrights_rr,1
cannonsher,cspan,1
cannonsher,darelljsings,1
cannonsher,darth,1
cannonsher,deray,2
cannonsher,desusnice,1
cannonsher,donilo252525,1
cannonsher,donnabrazile,1
cannonsher,fivefifths,1
cannonsher,foobooz,1
cannonsher,ggreenwald,2
cannonsher,gwenifill,1
cannonsher,iSmashFizzle,1
cannonsher,jbouie,1
cannonsher,jonfavs,1
cannonsher,keithboykin,1
cannonsher,kunoorojha,1
cannonsher,kurteichenwald,1
cannonsher,kylegriffin1,1
cannonsher,mmurraypolitics,1
cannonsher,paldhous,1
cannonsher,ppppolls,1
cannonsher,robcamacho,1
cannonsher,rulajebreal,1
cannonsher,sacca,2
cannonsher,sahilkapur,1
cannonsher,stokenewington,1
cannonsher,toddedillard,1
cannonsher,tonystubblebine,1
cannonsher,trymainelee,1
cannonsher,vj44,1
cannonsher,washingtonpost,1
carriethornthon,0hour,1
carriethornthon,2ALAW,2
carriethornthon,547George,5
carriethornthon,888Scott,1
carriethornthon,ALilJaded4u2,1
carriethornthon,ANOMALY1,1
carriethornthon,AllRepublicans,1
carriethornthon,AllenWest,1
carriethornthon,AmericanGlob,1
carriethornthon,ArcticFox2016,1
carriethornthon,ArmorCavSpin,1
carriethornthon,ArthurSchwartz,1
carriethornthon,Auburngirlx,1
carriethornthon,BIZPACReview,1
carriethornthon,Baltar,1
carriethornthon,Bane1349,2
carriethornthon,Bdog99993,1
carriethornthon,BigStick2013,2
carriethornthon,Bikers4Trump,1
carriethornthon,BishirDeborah,1
carriethornthon,Bluesman57,1
carriethornthon,Boazziz,1
carriethornthon,ByronYork,1
carriethornthon,C0nservativeGal,1
carriethornthon,CBSNews,1
carriethornthon,CLewandowski_,1
carriethornthon,CR,4
carriethornthon,Callisto1947,1
carriethornthon,CapitolCubans,1
carriethornthon,CarrieWelborn,1
carriethornthon,CarrionSoul,1
carriethornthon,Cernovich,2
carriethornthon,Chad_Schiel,1
carriethornthon,ChrisRossini,1
carriethornthon,ChristiChat,1
carriethornthon,CindyTindell,1
carriethornthon,Coalition4Trump,1
carriethornthon,Coldriver7,1
carriethornthon,ConNewsNow,1
carriethornthon,ConserValidity,1
carriethornthon,Conservatexian,8
carriethornthon,Conservative_VW,1
carriethornthon,ConstanceQueen8,2
carriethornthon,Coondawg68,1
carriethornthon,CraigManoukian,1
carriethornthon,CrystalPrebola,1
carriethornthon,CultureVglante,1
carriethornthon,DBHnBuckhead,1
carriethornthon,DBloom451,1
carriethornthon,DLasater_99362,1
carriethornthon,DNoticie,1
carriethornthon,DailyCaller,2
carriethornthon,Daisy4America,1
carriethornthon,DanJoseph78,1
carriethornthon,DanODradio,1
carriethornthon,DanScavino,3
carriethornthon,Darren32895836,2
carriethornthon,DataBoots,1
carriethornthon,Dbargen,1
carriethornthon,Democrat_4Trump,1
carriethornthon,DennisMurphy15,2
carriethornthon,DeplorableVoter,1
carriethornthon,DickZucker,1
carriethornthon,DineshDSouza,1
carriethornthon,DivineMoments,1
carriethornthon,Dj2016djt,1
carriethornthon,Don_Vito_08,1
carriethornthon,Dwagner2465,1
carriethornthon,EWErickson,1
carriethornthon,EasyEarl,1
carriethornthon,ElianaBenador,1
carriethornthon,ErinLichnovsky,1
carriethornthon,FFL_of_America,1
carriethornthon,FoxNews,2
carriethornthon,FredZeppelin12,1
carriethornthon,FriendlyJMC,1
carriethornthon,GenGSPatton,1
carriethornthon,GopAaron,1
carriethornthon,GreenSkyDeb,1
carriethornthon,GulfDogs,1
carriethornthon,GuyMonzeglio,1
carriethornthon,Houseman75,1
carriethornthon,ILPollster,1
carriethornthon,Idontknowitall,1
carriethornthon,IngrahamAngle,1
carriethornthon,ItsJustJaynie,1
carriethornthon,IzzyOrtega,1
carriethornthon,JPAndreas1,1
carriethornthon,JSOC_DF,1
carriethornthon,JamesSurowiecki,1
carriethornthon,Jami_USA,1
carriethornthon,JamieW1776,1
carriethornthon,JaredWyand,1
carriethornthon,JessieJaneDuff,1
carriethornthon,JohnFromCranber,1
carriethornthon,JohnKStahlUSA,2
carriethornthon,Johnny_Petrini,2
carriethornthon,JrcheneyJohn,1
carriethornthon,Juliet777777,1
carriethornthon,JusticeWillett,1
carriethornthon,Jwrect66,1
carriethornthon,KGBVeteran,1
carriethornthon,KLSouth,5
carriethornthon,KellyannePolls,3
carriethornthon,Kotcha301,1
carriethornthon,KyleWRowley,1
carriethornthon,Lagartija_Nix,1
carriethornthon,LaurelCatherine,1
carriethornthon,LibertyHacking,1
carriethornthon,LindaSuhler,4
carriethornthon,LisaCreuzer,1
carriethornthon,LouDobbs,2
carriethornthon,MAGA3X,1
carriethornthon,MR_PUNJABI,1
carriethornthon,MarkRMatthews,2
carriethornthon,Marvel28768,1
carriethornthon,MaryPatriotNews,5
carriethornthon,MathewSHarrison,1
carriethornthon,McClatchyDC,1
carriethornthon,MelissaTweets,1
carriethornthon,Miami4Trump,1
carriethornthon,MichaelCLFields,1
carriethornthon,MikeRaj7,1
carriethornthon,MissLizzyNJ,2
carriethornthon,MonaSalama_,1
carriethornthon,NBCNightlyNews,1
carriethornthon,NKGiggles,1
carriethornthon,NRO,1
carriethornthon,NahBabyNah,1
carriethornthon,NateSilver538,1
carriethornthon,NathanWurtzel,1
carriethornthon,NewRightMedia,1
carriethornthon,NolteNC,1
carriethornthon,NowThinkAgain,1
carriethornthon,NubianAwakening,1
carriethornthon,OldJehle,1
carriethornthon,Oldfolksmatter,1
carriethornthon,OliMauritania,1
carriethornthon,OnMessageForHer,1
carriethornthon,PJStrikeForce,1
carriethornthon,PMgeezer,1
carriethornthon,PatDollard,2
carriethornthon,PatVPeters,1
carriethornthon,Peggy7172,1
carriethornthon,PoliticsPeach,1
carriethornthon,PollySpin,1
carriethornthon,PolyPatriot,1
carriethornthon,PrisonPlanet,5
carriethornthon,Pudingtane,2
carriethornthon,ReaganiteGOPer,2
carriethornthon,RealAlexJones,1
carriethornthon,RealScottErnst,3
carriethornthon,RedState,4
carriethornthon,Reince,1
carriethornthon,RickRWells,2
carriethornthon,RightAsRain7,1
carriethornthon,RitchieJodi,1
carriethornthon,RitzyBacon2,1
carriethornthon,RobertMCrossley,1
carriethornthon,Rockprincess818,1
carriethornthon,RoseD1st,1
carriethornthon,SandraTXAS,1
carriethornthon,SantasTavern,1
carriethornthon,Sarxis,1
carriethornthon,ScottPresler,1
carriethornthon,SgtPolite,1
carriethornthon,Shooters_Wife,1
carriethornthon,Sky_Max,1
carriethornthon,SnafuWorld,1
carriethornthon,SonofLiberty357,1
carriethornthon,SouthVinie,1
carriethornthon,Southrngirl77,2
carriethornthon,SscottSsmith84,1
carriethornthon,SteveDeaceShow,1
carriethornthon,StevsWorld,1
carriethornthon,StocksAlotTEMP,1
carriethornthon,Stoneshallow,1
carriethornthon,TEN_GOP,3
carriethornthon,TKOHillary2016,1
carriethornthon,TPoliticmanager,1
carriethornthon,TRUMPMOVEMENTUS,1
carriethornthon,TeamTrump,3
carriethornthon,TennConserv,1
carriethornthon,TeriGRight,1
carriethornthon,Texas2Love,1
carriethornthon,ThaddeusRussell,1
carriethornthon,TheAndroidRulz,1
carriethornthon,TheOnion,1
carriethornthon,Thomasismyuncle,1
carriethornthon,TimJGraham,1
carriethornthon,TomBevanRCP,1
carriethornthon,TrumpDynastyUSA,2
carriethornthon,TrumpSuperPAC,1
carriethornthon,Trumppridetv,1
carriethornthon,Trumptbird,1
carriethornthon,TweetBrettMac,1
carriethornthon,USAHipster,1
carriethornthon,UnPoliticalPrty,1
carriethornthon,VivaLaAmes,4
carriethornthon,VoteTrumpPics,1
carriethornthon,WDFx2EU7,2
carriethornthon,WayneDupreeShow,2
carriethornthon,WayneRoot,1
carriethornthon,WeAreChangeNYC,1
carriethornthon,WeNeedTrump,1
carriethornthon,WebbRobb,1
carriethornthon,WeepingSophia,1
carriethornthon,WoolardLynda,1
carriethornthon,Wrench06,1
carriethornthon,Yvonne2016MAGA,1
carriethornthon,abc7jeffg,1
carriethornthon,actlightning,1
carriethornthon,ag_texas,1
carriethornthon,amylt7215,1
carriethornthon,astroterf,1
carriethornthon,atlaswon,1
carriethornthon,bad_bad_bernie,1
carriethornthon,bakedalaska,2
carriethornthon,benshapiro,1
carriethornthon,bfraser747,3
carriethornthon,bj1012682,1
carriethornthon,bob_owens,1
carriethornthon,bocavista2016,1
carriethornthon,boolouise,1
carriethornthon,brandongroeny,1
carriethornthon,charliekirk11,3
carriethornthon,cindy_crawley,1
carriethornthon,cjtweetstation,2
carriethornthon,cmd1969,1
carriethornthon,commonpatriot,1
carriethornthon,countchilly60s,1
carriethornthon,cristinalaila1,1
carriethornthon,curtandnan,1
carriethornthon,cwatson34,1
carriethornthon,davidharsanyi,1
carriethornthon,davidwebbshow,1
carriethornthon,daxtonbrown,1
carriethornthon,dmartosko,1
carriethornthon,dmon4ever,1
carriethornthon,dmspellman,1
carriethornthon,drewwyatt,1
carriethornthon,eavesdropann,1
carriethornthon,ed_hooley,1
carriethornthon,eddiern,1
carriethornthon,elisamich0422,1
carriethornthon,foxnation,1
carriethornthon,fubaglady,3
carriethornthon,gatewaypundit,1
carriethornthon,gerfingerpoken,4
carriethornthon,gerfingerpoken2,4
carriethornthon,ginah89121,1
carriethornthon,girl4Trump,1
carriethornthon,greeneyes0084,1
carriethornthon,gs777gs777,1
carriethornthon,hughhewitt,1
carriethornthon,immigrant4trump,1
carriethornthon,intheknow1798,1
carriethornthon,itsJustBClark,1
carriethornthon,izzyjsmom,1
carriethornthon,jackgiangi,1
carriethornthon,jacquiejae,1
carriethornthon,jcormier365,1
carriethornthon,jenilynn1001,1
carriethornthon,jihadaeon,1
carriethornthon,jjauthor,2
carriethornthon,jlangdale,1
carriethornthon,joshgremillion,1
carriethornthon,kaltkrieger,1
carriethornthon,kathleenwilley,1
carriethornthon,keichri,3
carriethornthon,kevpga63,1
carriethornthon,ladymacbeth1212,1
carriethornthon,lairdmaxwell,1
carriethornthon,lgmaterna,1
carriethornthon,lynnie5155,1
carriethornthon,lyz_estrada,1
carriethornthon,marian_maio,1
carriethornthon,marilynkj,1
carriethornthon,markoj1957,1
carriethornthon,mattlockeshow,1
carriethornthon,megynkelly,1
carriethornthon,michaelharrisdr,1
carriethornthon,mike_pence,1
carriethornthon,mikeo159,1
carriethornthon,mitchellvii,5
carriethornthon,mjohnsonx15,1
carriethornthon,mkardos,8
carriethornthon,mtranquilnight,1
carriethornthon,muster_buster,1
carriethornthon,mviser,1
carriethornthon,mywesso,1
carriethornthon,newtgingrich,1
carriethornthon,onlxn,1
carriethornthon,oregonpigqueen,1
carriethornthon,pattymo,1
carriethornthon,pepesgrandma,1
carriethornthon,petefrt,22
carriethornthon,peterthebellhop,1
carriethornthon,piercebboop,1
carriethornthon,pnehlen,1
carriethornthon,railgirl1952,1
carriethornthon,realDenaldTrump,1
carriethornthon,realDonaldTrump,6
carriethornthon,realkingrobbo,2
carriethornthon,redbeans14,1
carriethornthon,redrivergrl,1
carriethornthon,rightwingertoo,1
carriethornthon,riingram,1
carriethornthon,rockynickydog,1
carriethornthon,romans11732,1
carriethornthon,runningforpizza,1
carriethornthon,seanhannity,1
carriethornthon,seascapecruisin,1
carriethornthon,shortman5427,2
carriethornthon,slone,1
carriethornthon,sn0wbl0w,1
carriethornthon,snowlady09,1
carriethornthon,stillnoregrets1,1
carriethornthon,stranahan,1
carriethornthon,supercos7,1
carriethornthon,suthernboy100,1
carriethornthon,suzknit,1
carriethornthon,suzost,1
carriethornthon,sweetatertot2,1
carriethornthon,tamaraleighllc,1
carriethornthon,tanajam,1
carriethornthon,terrydvl,1
carriethornthon,texaskowgirls,1
carriethornthon,theglobaluniter,1
carriethornthon,varepall,1
carriethornthon,vivelafra,1
carriethornthon,vnuek,1
carriethornthon,vpenley,1
carriethornthon,weknowwhatsbest,2
carriethornthon,wifelopedia,1
carriethornthon,wits_mcgee,1
carriethornthon,xebec78,1
carriethornthon,xsevenx,1
carriethornthon,zachhaller,2
carriethornthon,zerohedge,1
cascaseyp,ATHEIST_Blessed,1
cascaseyp,AlexKollet,1
cascaseyp,AndyHashtagger,1
cascaseyp,CNN,1
cascaseyp,ChrixMorgan,1
cascaseyp,DanaGeezus,1
cascaseyp,Dreamweasel,3
cascaseyp,ErikHandy,1
cascaseyp,FightNowAmerica,1
cascaseyp,FiveRights,1
cascaseyp,KeswickPinhead,1
cascaseyp,Latent_Fury,1
cascaseyp,LoLo_OOC,1
cascaseyp,MelvinSRoberts,1
cascaseyp,Michael_Oh2L,1
cascaseyp,Peters1Aaron,1
cascaseyp,Pheramuse,1
cascaseyp,PresidentJeffPJ,1
cascaseyp,RealTimers,1
cascaseyp,Salon,1
cascaseyp,StitchyPooh15,1
cascaseyp,TheScottfather,1
cascaseyp,TrumpWeiners4,1
cascaseyp,Voycer100,1
cascaseyp,andylevy,1
cascaseyp,borforall,1
cascaseyp,chiefplan1,1
cascaseyp,ericraio,1
cascaseyp,im_srishabh21,1
cascaseyp,lgmaterna,1
cascaseyp,p2j303,1
cascaseyp,squatchdiary,1
cascaseyp,stormynights10,1
cascaseyp,sweet_melissa06,1
cascaseyp,therealezway,1
cascaseyp,truthusmaximus,1
cassieweltch,1losthillbilly,1
cassieweltch,AlegnaDas,1
cassieweltch,AlexKollet,1
cassieweltch,AndyHashtagger,2
cassieweltch,AtomicElbow1,2
cassieweltch,B_GADDY,1
cassieweltch,BabyJannyMeow,1
cassieweltch,Carlswall,1
cassieweltch,ChrixMorgan,1
cassieweltch,CumuloPhallus,2
cassieweltch,Daleyinsanity,2
cassieweltch,DanaGeezus,1
cassieweltch,DominicValent,6
cassieweltch,Dreamweasel,2
cassieweltch,ESPEZY,1
cassieweltch,EddieSteak,1
cassieweltch,Edwardaespinoza,1
cassieweltch,FightNowAmerica,1
cassieweltch,GodNegus,1
cassieweltch,HeyHeyMissJ,1
cassieweltch,HillaryClinton,1
cassieweltch,JD_Snapps,1
cassieweltch,Jarmadillos,2
cassieweltch,JefLeeson,2
cassieweltch,JoansNightie,1
cassieweltch,JoshDeMaria,1
cassieweltch,KathieMrr,3
cassieweltch,KimmieB_71,1
cassieweltch,LLCalrissian,1
cassieweltch,LiddoSophie,1
cassieweltch,LoLo_OOC,1
cassieweltch,Longhairleeroy,1
cassieweltch,Maiden747En,1
cassieweltch,MelvinSRoberts,2
cassieweltch,Nwosechiweike,1
cassieweltch,Obambulator,1
cassieweltch,OnPirateSat,1
cassieweltch,PresidentJeffPJ,2
cassieweltch,Salon,1
cassieweltch,SandiBurkhart,1
cassieweltch,Shane_Rodenbeck,1
cassieweltch,ShutUpAmanda,2
cassieweltch,SlimeySammy,1
cassieweltch,StitchyPooh15,1
cassieweltch,SugarGretel,1
cassieweltch,TheFoundingSon,1
cassieweltch,TheScottfather,1
cassieweltch,Townsend_S_W,1
cassieweltch,TrumpWeiners4,1
cassieweltch,WHOAwhatthefuck,1
cassieweltch,WeirdPeople27,1
cassieweltch,XQueenAckermanX,1
cassieweltch,avittorio6,1
cassieweltch,brightandglory,1
cassieweltch,cdigitech,2
cassieweltch,chiefplan1,1
cassieweltch,danadoo1,1
cassieweltch,effiekling,1
cassieweltch,explicitweetz,4
cassieweltch,ginger621853,1
cassieweltch,im_srishabh21,3
cassieweltch,kearns_neil,1
cassieweltch,lyndseybell98,1
cassieweltch,midnight,1
cassieweltch,mr_clampin,1
cassieweltch,mrd125,1
cassieweltch,poink_Jon_Poink,1
cassieweltch,randilynisin,1
cassieweltch,rhonlirob,1
cassieweltch,rmayemsinger,1
cassieweltch,samkalidi,1
cassieweltch,squatchdiary,1
cassieweltch,theclobra,1
cassieweltch,therealezway,1
cassieweltch,zvjezdanpatz,1
cassishere,1765e88972254c9,1
cassishere,1861_again,4
cassishere,1VoiceMatters,1
cassishere,1stAirDel_USMCR,1
cassishere,1stbornAmerican,1
cassishere,2ALAW,3
cassishere,2HeckWithThis,1
cassishere,547George,2
cassishere,6886XOXO,1
cassishere,ABCPolitics,1
cassishere,AG_Conservative,2
cassishere,ARnews1936,1
cassishere,AdrianaCohen16,1
cassishere,AlexisinNH,1
cassishere,AllenWest,1
cassishere,AllyTaft,1
cassishere,Always_Trump,3
cassishere,AlyLovesMovies,1
cassishere,Amaka_Ekwo,1
cassishere,AmericaFirst16,1
cassishere,America_1st_,1
cassishere,Americooligan,1
cassishere,AnitaDWhite,1
cassishere,AnonymousJobsUS,1
cassishere,Anv_news,1
cassishere,ArcticFox2016,2
cassishere,Augustine25,1
cassishere,BIZPACReview,1
cassishere,Babbsgirl2,1
cassishere,Bane1349,6
cassishere,BeChangeToday,1
cassishere,BeachyKate69,1
cassishere,BeladonnaRogers,1
cassishere,BenWilhelm1230,1
cassishere,BigStick2013,1
cassishere,BillWhmiii,1
cassishere,Blake1x,1
cassishere,BlueWaterDays,1
cassishere,BluegrassPundit,2
cassishere,BraveLad,3
cassishere,Braveheart_USA,3
cassishere,BrazilianGirl32,1
cassishere,BrookeDatz,1
cassishere,CR,3
cassishere,CV_People,1
cassishere,CaliforniaPanda,1
cassishere,CaptYonah,2
cassishere,CarolVicic,1
cassishere,Cernovich,3
cassishere,Charlie4927,1
cassishere,CharlieSigs,1
cassishere,Charmed27N,1
cassishere,CheriJacobus,1
cassishere,ChrisCoon4,1
cassishere,CindyMangaUSA,1
cassishere,ColorMeRed,3
cassishere,Conservatexian,12
cassishere,ConservativeFB,1
cassishere,ConstanceQueen8,1
cassishere,ConsvInCali,1
cassishere,Corporatocrazy,1
cassishere,CraigManoukian,1
cassishere,CraigRozniecki,1
cassishere,Craigthepatriot,1
cassishere,Crisprtek,1
cassishere,CuckSlayer,1
cassishere,DIXON_____,1
cassishere,DJTrump2016,1
cassishere,DLasater_99362,1
cassishere,D_Dextra,1
cassishere,DaTechGuyblog,1
cassishere,DagnyRed,1
cassishere,DailyCaller,1
cassishere,DailyMail,1
cassishere,DanPhillipsMD,1
cassishere,DanScavino,3
cassishere,DarkVoid255,1
cassishere,DavidMcMahon9,1
cassishere,DavidShuster,1
cassishere,DeadBuffaloBlog,1
cassishere,DeanSchanzel,1
cassishere,DebbraT,1
cassishere,Deneawv3Penny,1
cassishere,DennisMurphy15,2
cassishere,DiamondandSilk,1
cassishere,DickMorrisTweet,1
cassishere,DineshDSouza,1
cassishere,Dlw20161950,1
cassishere,DogoodII,1
cassishere,Don_Vito_08,2
cassishere,DonaldJTrumpJr,1
cassishere,Douglasmaher,3
cassishere,DrJillStein,1
cassishere,DrMartyFox,2
cassishere,DrRayMiller,1
cassishere,DrewMcKissick,2
cassishere,ElianaBenador,3
cassishere,EntheosShines,1
cassishere,ErinLichnovsky,2
cassishere,EuroYankeeBlog,1
cassishere,Eyes_of_justice,1
cassishere,EzraDrissman,1
cassishere,Facts4Trump,1
cassishere,FoundingFodder,1
cassishere,FoxBusiness,1
cassishere,FoxNews,7
cassishere,FredZeppelin12,2
cassishere,FreeDavidKing,1
cassishere,FreedomFOA,1
cassishere,Freedom_Speaks_,1
cassishere,FreemarketJay,1
cassishere,Furrystoat,1
cassishere,GINGER_CONSULT,1
cassishere,GLR3TX,1
cassishere,GOP,1
cassishere,GOPPollAnalyst,1
cassishere,GPN14,1
cassishere,Gailalicia1,1
cassishere,GatorsEite23,1
cassishere,GenFlynn,2
cassishere,GeneralBrnovich,1
cassishere,Ginabeans22,1
cassishere,GlennFranco68,1
cassishere,GoGottaGoNow,1
cassishere,GovMikeHuckabee,1
cassishere,Grummz,1
cassishere,GwenLCummings,1
cassishere,HangEmHigh69,1
cassishere,Harambe_4_Trump,1
cassishere,Hardline_Stance,3
cassishere,HarveyAckerman,1
cassishere,Henderson6100,1
cassishere,HillaryClinton,1
cassishere,HlLLARYCLINT0N,1
cassishere,Humasdoubledong,1
cassishere,InGodIDoTrust,4
cassishere,ItsRamboRomeo,1
cassishere,Jamesyontrofsky,1
cassishere,Jami_USA,1
cassishere,JaredWyand,1
cassishere,JayChar15376136,2
cassishere,JayS2629,1
cassishere,JeffreyGriese,1
cassishere,JeffreyJackson8,1
cassishere,Jen_A_Jose2,1
cassishere,Jenn_Abrams,1
cassishere,JenniferJJacobs,1
cassishere,JesseKellyDC,1
cassishere,JimScotty,1
cassishere,JingoMarc,1
cassishere,JoeTurner212,1
cassishere,JohnFromCranber,3
cassishere,JohnKStahlUSA,2
cassishere,Johnny_Petrini,3
cassishere,JonahNRO,1
cassishere,JonnyCage43,1
cassishere,Jsano97,1
cassishere,JuanEsMuyBueno,1
cassishere,JudgeJeanine,1
cassishere,JulieComer3,1
cassishere,KLSouth,4
cassishere,KelemenCari,1
cassishere,KellyannePolls,1
cassishere,KristiTackett1,1
cassishere,LatinoOtherSide,1
cassishere,LauraWalkerKC,1
cassishere,LawrenceBJones3,1
cassishere,LeahR77,2
cassishere,LilSouthernSass,1
cassishere,LindaSuhler,2
cassishere,LodiSilverado,1
cassishere,LordKnighticus,1
cassishere,Lordozz,1
cassishere,LouDobbs,2
cassishere,Lrihendry,2
cassishere,LucidHurricane_,1
cassishere,M0L0NL4BE,1
cassishere,MADmagazine,1
cassishere,MDidaskalos,1
cassishere,MONAKatOILS,1
cassishere,MR_PUNJABI,1
cassishere,MZHemingway,1
cassishere,MadisonProj,1
cassishere,MarieMa49685063,1
cassishere,MarkOdum,1
cassishere,MarkSteynOnline,1
cassishere,MaryPatriotNews,2
cassishere,MathewSHarrison,1
cassishere,MattMackowiak,1
cassishere,Maxinerunner,1
cassishere,McCarthyKnew,1
cassishere,Mferris67,1
cassishere,Miami4Trump,2
cassishere,MichaelHBlank,1
cassishere,MichelleKOrts10,1
cassishere,Mike_Beacham,1
cassishere,MkSpeaksHisMind,2
cassishere,Momfullofhope,1
cassishere,MrEdTrain,1
cassishere,MrsParkington,1
cassishere,MrsPerrin,1
cassishere,NDCTrump,1
cassishere,NRAblog,1
cassishere,NRO,1
cassishere,NRSC,1
cassishere,Napoleonlegal,1
cassishere,NetworksManager,2
cassishere,NeverALiberal,1
cassishere,NickKalmanFN,1
cassishere,NolteNC,3
cassishere,NotJoshEarnest,1
cassishere,NoticiasErick,1
cassishere,NubianAwakening,1
cassishere,ObligedFriend,1
cassishere,OffencePolice,1
cassishere,OhioCoastie,1
cassishere,OnlyJeanSeixasM,1
cassishere,OrwellForks,1
cassishere,P0TUSTrump,1
cassishere,PJStrikeForce,1
cassishere,PastorSJCamp,1
cassishere,PatLynnFor,1
cassishere,PatVPeters,2
cassishere,Patrici15767099,1
cassishere,Patriot18D,1
cassishere,PaulMicRogers,1
cassishere,PaulaRh65216681,1
cassishere,PcolaBucsfan,1
cassishere,PeakOfTruth,1
cassishere,PeculiarBaptist,1
cassishere,Pjw20161951,1
cassishere,PlataWOLF3,1
cassishere,PolToons,1
cassishere,PolitiCompass,2
cassishere,PolitiFact,1
cassishere,PoliticalShort,1
cassishere,PrisonPlanet,1
cassishere,Pudingtane,2
cassishere,RBDigitalRadio,1
cassishere,RacySicilian,1
cassishere,RandyRRQuaid,1
cassishere,RandyWeaver19,1
cassishere,RayRay6564,1
cassishere,Reagantonian,1
cassishere,RealJBradly,1
cassishere,RealJamesWoods,6
cassishere,RealTimLetch,1
cassishere,RedNationRising,1
cassishere,ReignsFreedom,1
cassishere,ReinaMalama,1
cassishere,RepublicanChick,1
cassishere,RichLowry,1
cassishere,RickRWells,2
cassishere,Right_Not_Wrong,1
cassishere,RobertDaPatriot,1
cassishere,RobertJohnDavi,1
cassishere,Rod_Bellman,1
cassishere,RoseD1st,1
cassishere,RufusKings1776,1
cassishere,SBroadie,1
cassishere,STSTWO,1
cassishere,SandraTXAS,1
cassishere,ScottSaxman1,1
cassishere,ScottnShan1,1
cassishere,SecularKafir,1
cassishere,Seirra75,1
cassishere,SheldonKaufman,1
cassishere,ShennaFoxMusic,1
cassishere,SheriffClarke,2
cassishere,Smize21,1
cassishere,SnafuWorld,4
cassishere,SnakePlisskn,1
cassishere,SonofLiberty357,1
cassishere,Southrngirl77,2
cassishere,SpkUpSavAmerica,1
cassishere,SquidsLighters,1
cassishere,StenoJenny,1
cassishere,SteveDeaceShow,2
cassishere,StevenDavisJr,1
cassishere,Stevenwhirsch99,2
cassishere,StigAbell,1
cassishere,StupidBoomers,1
cassishere,SusieLukas,1
cassishere,TEN_GOP,1
cassishere,TINAHILLSTROM1,1
cassishere,TPoliticmanager,1
cassishere,TRUMPMOVEMENTUS,1
cassishere,Tea4Freedom,1
cassishere,TeamTrump,1
cassishere,TednLinda,1
cassishere,TheLastRefuge2,3
cassishere,TheMuslimIssue,1
cassishere,TheRealNietzke,1
cassishere,TheRightGirl585,1
cassishere,The_Trump_Train,1
cassishere,The_Trumpident,1
cassishere,Thomas1774Paine,1
cassishere,TimJGraham,1
cassishere,TocRadio,1
cassishere,Tom_Francois,1
cassishere,Tony_Larson,1
cassishere,TrishIntel,1
cassishere,TrumpCard555,1
cassishere,TrumpNV,1
cassishere,Trump_Videos,1
cassishere,TrumpingNow,1
cassishere,TweetBrettMac,1
cassishere,TwitchyTeam,1
cassishere,USAforTrump2016,1
cassishere,US_Army_Vet,1
cassishere,US_Threepers,1
cassishere,UTHornsRawk,1
cassishere,UnPoliticalPrty,2
cassishere,VRWCTexan,1
cassishere,Veteran4Trump,1
cassishere,VioletaCarieles,1
cassishere,VonniMediaMogul,1
cassishere,VoteMAGA,1
cassishere,VoteTrumpMAGA,3
cassishere,VoteTrumpPics,1
cassishere,WBVT_98FM,1
cassishere,WHITE72MAN,1
cassishere,WalshFreedom,2
cassishere,WashGovernment,1
cassishere,WayneDupreeShow,1
cassishere,WeNeedTrump,1
cassishere,WemittPatrick,1
cassishere,WestJournalism,1
cassishere,WhiteJacketPink,1
cassishere,WhoWolfe,1
cassishere,WillisShepherd,1
cassishere,WiseBanyanTree,1
cassishere,WoolardLynda,2
cassishere,WordSmithGuy,1
cassishere,Workers4Trump,1
cassishere,_HankRearden,1
cassishere,_Makada_,2
cassishere,_Proud_American,2
cassishere,_peakyblinder_,1
cassishere,acidrebel,1
cassishere,actlightning,2
cassishere,akawhit1,1
cassishere,alexonthebayou,1
cassishere,america_trump,1
cassishere,and_so_it_goes,1
cassishere,andieiamwhoiam,1
cassishere,anne19brown,1
cassishere,antoniosabatojr,1
cassishere,apostlelaurinda,1
cassishere,arnie2two,1
cassishere,asamjulian,3
cassishere,avanconia,1
cassishere,bchiarillo,2
cassishere,bfraser747,4
cassishere,blakespop,1
cassishere,bobfox321,1
cassishere,br549q,1
cassishere,bri_sacks,1
cassishere,brianmcarey,1
cassishere,brownbearmike1,1
cassishere,brunelldonald,1
cassishere,buckyboone27,1
cassishere,carlajo1947,1
cassishere,cathymv,2
cassishere,catmidnite,1
cassishere,catwahler,1
cassishere,charliespiering,1
cassishere,chipbreslin,1
cassishere,chouston34,1
cassishere,chuckwoolery,2
cassishere,col_nj,2
cassishere,cyote6,1
cassishere,danielgullo,1
cassishere,davidaxelrod,1
cassishere,dayo1946,1
cassishere,derekwillis,1
cassishere,dfunfer,1
cassishere,diana_west_,1
cassishere,diogenes323bc,1
cassishere,dneilmckay,1
cassishere,docmurdock,1
cassishere,drdrjojo,1
cassishere,dylanlscott,1
cassishere,edhenry,1
cassishere,fclough63,1
cassishere,fed_upwithobama,1
cassishere,foxandfriends,1
cassishere,foxnation,3
cassishere,foxnewspolitics,1
cassishere,freebird_Pepper,1
cassishere,freedom1962et,1
cassishere,gary9758,1
cassishere,gatewaypundit,3
cassishere,gehrig38,1
cassishere,gerfingerpoken,8
cassishere,gerfingerpoken2,1
cassishere,ggeett37aaa,3
cassishere,goofster59,1
cassishere,grandmatobe,1
cassishere,gwardhome,1
cassishere,handley_dix,1
cassishere,healthandcents,3
cassishere,hotairblog,1
cassishere,immigrant4trump,1
cassishere,infowars,1
cassishere,ipscone,1
cassishere,irritatedwoman,2
cassishere,izzyjsmom,1
cassishere,jackpullara,1
cassishere,jasoninthehouse,1
cassishere,jeff_poor,1
cassishere,jimgeraghty,1
cassishere,jimmygarner,1
cassishere,jimmygriggsPCA,1
cassishere,jjauthor,1
cassishere,jko417,2
cassishere,joerogan,1
cassishere,jstines3,1
cassishere,jturnershow,1
cassishere,jwespieser,1
cassishere,kellysue30,1
cassishere,klmunoz54,1
cassishere,knkcattle,1
cassishere,kwilli1046,1
cassishere,lafayette41,1
cassishere,lanele123,1
cassishere,leeleemunster,3
cassishere,lfallaouwet,1
cassishere,liinfl,1
cassishere,ljcambria,1
cassishere,lorischovanec,2
cassishere,marcthiessen,1
cassishere,maxnrgmax,1
cassishere,mccraw_birkie5,1
cassishere,mhoward48,1
cassishere,michaelharrisdr,1
cassishere,michaeljohns,1
cassishere,mikandynothem,1
cassishere,mike4libertyCA,1
cassishere,mike_pence,1
cassishere,mikeo159,2
cassishere,mitchellvii,1
cassishere,mkardos,5
cassishere,movement_trump,1
cassishere,ms_erika74,1
cassishere,mtracey,1
cassishere,mundyspeaks,1
cassishere,mymac24,1
cassishere,mzee26,6
cassishere,nadraenzi,1
cassishere,nanci_pray2jc,1
cassishere,nautilus55,1
cassishere,nelsonjgalan,2
cassishere,normagilbert54,1
cassishere,occupycorruptDC,1
cassishere,onlnsurfer,1
cassishere,osPatriot,1
cassishere,patrioticpepe,2
cassishere,patton1862,1
cassishere,peaceandjoy101,1
cassishere,peddoc63,3
cassishere,perfectsliders,2
cassishere,perry46_Shirley,1
cassishere,petefrt,23
cassishere,phil200269,1
cassishere,pinecohen,1
cassishere,powerswj,1
cassishere,prissypercy1,1
cassishere,psychoDman,1
cassishere,railgirl1952,1
cassishere,rallythong,1
cassishere,realDenaldTrump,1
cassishere,realDonaldTrump,13
cassishere,redalertnow,1
cassishere,redflagnews,1
cassishere,romans11732,1
cassishere,rosea_tony,1
cassishere,roycan79,1
cassishere,samijs1,1
cassishere,sandiv11,1
cassishere,saverjoy,1
cassishere,schotts,1
cassishere,seanhannity,1
cassishere,seanmdav,2
cassishere,seanspicer,2
cassishere,secupp,1
cassishere,siIent_majority,1
cassishere,sow_with_vision,1
cassishere,sseagalofficial,1
cassishere,stchristopher18,1
cassishere,stonejd,1
cassishere,stranahan,1
cassishere,stuartpstevens,1
cassishere,tdtrpnr,1
cassishere,tellilikeitis,1
cassishere,theblaze,1
cassishere,theglobaluniter,2
cassishere,thomaswikjr,1
cassishere,tlamb775,1
cassishere,trscoop,1
cassishere,trump2016fan,1
cassishere,trumpamericann,1
cassishere,trumpquility1,1
cassishere,tvkatesnow,1
cassishere,umpire43,1
cassishere,usacsmret,2
cassishere,varepall,1
cassishere,verumserum,1
cassishere,vivelafra,2
cassishere,vpenley,1
cassishere,walta1237,1
cassishere,wayward_okie,2
cassishere,weaselzippers,1
cassishere,wesearchr,1
cassishere,wikileaks,2
cassishere,worldnetdaily,1
cassishere,wrightdjohn,1
cassishere,wtfnewsamerica,1
cassishere,wthisagigawatt,1
cassishere,zgazda66,1
catelinewatkins,ChrixMorgan,1
catelinewatkins,HeyItsChadAlan,1
catelinewatkins,IlikeBIGbuttand,1
catelinewatkins,KeswickPinhead,1
catelinewatkins,Shane_Rodenbeck,2
catelinewatkins,Thor_2000,1
catelinewatkins,bocavista2016,1
catelinewatkins,borforall,1
catelinewatkins,eddywaraich91,1
catelinewatkins,mrmischiefnz,1
catelinewatkins,paleblueeyes24,1
catelinewatkins,sophie_diddles,1
catelinewatkins,theclobra,1
catelinewatkins,therealezway,1
catelinewatkins,voxdotcom,1
chadsloyer,AAronL1968,1
chadsloyer,AGSchneiderman,1
chadsloyer,ATLBlackStar,1
chadsloyer,AdamParkhomenko,1
chadsloyer,AmericanIndian8,5
chadsloyer,AntiMedia,1
chadsloyer,Are0h,1
chadsloyer,AstroKatie,1
chadsloyer,BernieSanders,1
chadsloyer,BlackJesuscom,8
chadsloyer,BlackjediNow,2
chadsloyer,CThurlowBrenner,1
chadsloyer,ChrisALadd,1
chadsloyer,ComplyAnalyst,2
chadsloyer,DaHomieNick,2
chadsloyer,Darksyde32,1
chadsloyer,Darren32895836,1
chadsloyer,DonCheadle,3
chadsloyer,Equanimous_1,3
chadsloyer,Eugene_Scott,1
chadsloyer,FlyDuoATL,1
chadsloyer,FoxNews,1
chadsloyer,Fusion,1
chadsloyer,Heddie_Murphy,1
chadsloyer,HuffPostPol,1
chadsloyer,Hutch_USA,1
chadsloyer,JJohnson2u,1
chadsloyer,JamilSmith,6
chadsloyer,JeffreyGoldberg,1
chadsloyer,JohnLeguizamo,2
chadsloyer,JoyAnnReid,2
chadsloyer,KeithOlbermann,1
chadsloyer,KingJohnLove,1
chadsloyer,KristinVShaw,1
chadsloyer,LAWriter,1
chadsloyer,LebedevMikhailA,1
chadsloyer,LindsayLHolst,1
chadsloyer,MaajidNawaz,1
chadsloyer,MarkMellman,1
chadsloyer,MarlowNYC,1
chadsloyer,MayaRockeymoore,1
chadsloyer,NBCBLK,1
chadsloyer,NaYaKnoMi,10
chadsloyer,NicholsUprising,1
chadsloyer,NolanHack,6
chadsloyer,RWTQuotes,1
chadsloyer,ReaganWorld,1
chadsloyer,RedBeKnowing,1
chadsloyer,Russian_Starr,1
chadsloyer,SarahKSilverman,1
chadsloyer,Scampi13,1
chadsloyer,ScottMonty,1
chadsloyer,ShaunKing,1
chadsloyer,SheenBean32,1
chadsloyer,SheilaNJ,1
chadsloyer,SisterShareefah,1
chadsloyer,TalibKweli,3
chadsloyer,TeaPainUSA,1
chadsloyer,TheAtlantic,1
chadsloyer,TheDailyShow,1
chadsloyer,TheRealYoG,4
chadsloyer,TooDistantLover,1
chadsloyer,Wendy_knows,1
chadsloyer,WesSmith123,1
chadsloyer,WhiteHouse,1
chadsloyer,WickedBeaute,1
chadsloyer,activist360,1
chadsloyer,adept2u,7
chadsloyer,ajplus,1
chadsloyer,allisonkilkenny,1
chadsloyer,ballerinaX,1
chadsloyer,bannerite,1
chadsloyer,bfraser747,1
chadsloyer,blackvoices,1
chadsloyer,blicqer,1
chadsloyer,bodysculptorokc,7
chadsloyer,bpolitics,1
chadsloyer,cherokee_autumn,1
chadsloyer,chrislhayes,1
chadsloyer,coffeepartyusa,1
chadsloyer,danpfeiffer,1
chadsloyer,darrensands,1
chadsloyer,davelevinthal,1
chadsloyer,deray,1
chadsloyer,desusnice,1
chadsloyer,ezlusztig,1
chadsloyer,frankhowell7911,1
chadsloyer,fuggirls,1
chadsloyer,gapsuited,1
chadsloyer,ggreenwald,1
chadsloyer,goddamnedfrank,1
chadsloyer,huffpostqueer,1
chadsloyer,indystartony,1
chadsloyer,interUNFAO,1
chadsloyer,jawillie,2
chadsloyer,jbouie,1
chadsloyer,joseiswriting,1
chadsloyer,justsunallah,1
chadsloyer,katherinemiller,1
chadsloyer,kharyp,2
chadsloyer,krmaher,1
chadsloyer,kunoorojha,1
chadsloyer,kylegriffin1,1
chadsloyer,larryelder,3
chadsloyer,lauren_kelley,1
chadsloyer,lollybowean,1
chadsloyer,lordaedonis,1
chadsloyer,marclamonthill,1
chadsloyer,mattdpearce,1
chadsloyer,mattsheffield,1
chadsloyer,mmfa,1
chadsloyer,mrdaveyd,1
chadsloyer,newsagg,1
chadsloyer,nmsaints87124,9
chadsloyer,nowthisnews,1
chadsloyer,onekainen,1
chadsloyer,osgood_chris,1
chadsloyer,pbethancourt,1
chadsloyer,perfectsliders,1
chadsloyer,pittgriffin,1
chadsloyer,politico,1
chadsloyer,poniewozik,1
chadsloyer,ppgoulao,1
chadsloyer,ppppolls,1
chadsloyer,randyshort,25
chadsloyer,realkingrobbo,1
chadsloyer,rebeccasarver13,1
chadsloyer,redhed67,1
chadsloyer,robreiner,1
chadsloyer,sahilkapur,1
chadsloyer,sherlockmichael,1
chadsloyer,sinbadbad,4
chadsloyer,sluggahjells,1
chadsloyer,stopbeingfamous,1
chadsloyer,superdames,1
chadsloyer,sweetatertot2,1
chadsloyer,teigland_cindy,1
chadsloyer,thehill,2
chadsloyer,theshrillest,1
chadsloyer,trueblacknews,1
chadsloyer,voxdotcom,1
chadsloyer,washingtonpost,1
chadsloyer,weeklystandard,1
chadsloyer,xxxjayglo,1
charlesjharper,3DzD,1
charlesjharper,BadIdeasVs,1
charlesjharper,Booth_Prince,1
charlesjharper,CinnaHenry,1
charlesjharper,DanaGeezus,1
charlesjharper,Gamiliell,1
charlesjharper,GeffGefferson1,1
charlesjharper,HassanMoKhan,1
charlesjharper,HeyItsChadAlan,1
charlesjharper,HillaryClinton,1
charlesjharper,IlikeBIGbuttand,1
charlesjharper,InGodIDoTrust,1
charlesjharper,KeswickPinhead,1
charlesjharper,Longhairleeroy,1
charlesjharper,RealChrisCutts,1
charlesjharper,ReenieDiva,1
charlesjharper,RobotSteve2016,1
charlesjharper,TaraSetmayer,1
charlesjharper,TheDailyShow,1
charlesjharper,Thor_2000,2
charlesjharper,TimKcomic,1
charlesjharper,WHOAwhatthefuck,1
charlesjharper,bunnyhugger75,2
charlesjharper,fitzdog1167,1
charlesjharper,greshamomalley,1
charlesjharper,jamesmarie33,1
charlesjharper,lgmaterna,1
charlesjharper,michaeljohns,1
charlesjharper,payneoflarry,1
charlesjharper,realDonaldTrump,1
charlesjharper,rhonlirob,1
charlesjharper,stormynights10,2
charlesjharper,therealezway,1
charlesjharper,tncomedy,1
charlesjharper,trapmasterrick,1
charlesjharper,voxdotcom,1
charlesjharper,wikileaks,1
charlesjharper,woodseysmith,1
charlesrespeck,BlackYouthProj,1
charlesrespeck,MissJupiter1957,1
charlesrespeck,TalibKweli,1
charlesrespeck,TransGriot,1
charlesrespeck,blicqer,1
charlesrespeck,djolder,1
charlesrespeck,thehill,1
charlesrespeck,trueblacknews,1
chernenkonikola,OnlineMagazin,1
chernenkonikola,RT_America,4
chernenkonikola,RT_com,7
chernenkonikola,jackbgoode1,1
chernenkonikola,kpru,1
chesplayschess,22Americanfirst,1
chesplayschess,ActualFlatticus,1
chesplayschess,Adrienn23489413,1
chesplayschess,Aethonaia,1
chesplayschess,BernieOrGreen1,1
chesplayschess,BettyKosegi,1
chesplayschess,Bikers4Trump,1
chesplayschess,BlkMan4Trump,1
chesplayschess,CNN,1
chesplayschess,CallawayBOT,1
chesplayschess,CarmineZozzora,1
chesplayschess,CassandraRules,1
chesplayschess,CelesteHerget,1
chesplayschess,CharlesOrtel,1
chesplayschess,ChatRevolve,1
chesplayschess,ChristiChat,1
chesplayschess,Col_Connaughton,1
chesplayschess,ConNewsNow,1
chesplayschess,ConsiderThis1,1
chesplayschess,CounterJihadRp,1
chesplayschess,Crazyparklady1,1
chesplayschess,DBloom451,1
chesplayschess,DJTrumpIT,1
chesplayschess,DRUDGE_REPORT,1
chesplayschess,DailyCaller,1
chesplayschess,Daniel_Ohana,1
chesplayschess,DebAlwaystrump,1
chesplayschess,DeplorableTrain,1
chesplayschess,DineshDSouza,1
chesplayschess,DonnaForValues,1
chesplayschess,EcuadorDeb,1
chesplayschess,EveryTrumpFan,1
chesplayschess,FaceTheNation,1
chesplayschess,FoxBusiness,1
chesplayschess,FoxNews,2
chesplayschess,GWForUS,1
chesplayschess,GatorsEite23,1
chesplayschess,GoldOnion,1
chesplayschess,Goldthinkers,1
chesplayschess,HalleyBorderCol,1
chesplayschess,HillaryLostMe,1
chesplayschess,Honest_Hillary,1
chesplayschess,IBelieveNGood,1
chesplayschess,JasonMillerinDC,1
chesplayschess,JeffreyKahunas,1
chesplayschess,JoeTurner212,1
chesplayschess,JohnKStahlUSA,1
chesplayschess,JordanChariton,1
chesplayschess,Juliet777777,3
chesplayschess,KDORR_USA,1
chesplayschess,KazmierskiR,1
chesplayschess,KellyannePolls,2
chesplayschess,KirstenPowers,1
chesplayschess,KonzV,1
chesplayschess,KyleWRowley,1
chesplayschess,LeahRBoss,1
chesplayschess,LeslieMTaylor1,1
chesplayschess,LouDobbs,2
chesplayschess,Maximus_Paulus,1
chesplayschess,Mediaite,1
chesplayschess,MikePenceVP,1
chesplayschess,MooiachiRios,2
chesplayschess,NO_RapeFugees,1
chesplayschess,NinaBerhel,1
chesplayschess,NorthrupRl2613,1
chesplayschess,PatrioticTexas,1
chesplayschess,Phil_Mattingly,1
chesplayschess,PhinsDiehard,1
chesplayschess,PositivelyJoan,2
chesplayschess,PrisonPlanet,3
chesplayschess,RETTinol,1
chesplayschess,Rach_IC,1
chesplayschess,RacySicilian,1
chesplayschess,RealAlexJones,1
chesplayschess,RealScottErnst,1
chesplayschess,ScottSaxman1,1
chesplayschess,StatesPoll,4
chesplayschess,Stevenwhirsch99,1
chesplayschess,TEN_GOP,1
chesplayschess,TeamTrump,1
chesplayschess,TheLastRefuge2,1
chesplayschess,The_Trump_Train,2
chesplayschess,TinaGolaszewsk1,1
chesplayschess,TrumpVsHilary,1
chesplayschess,Trump_World,1
chesplayschess,Truth4Americans,1
chesplayschess,Typhon40,1
chesplayschess,USAG8AGAIN,1
chesplayschess,USAHipster,1
chesplayschess,US_Army_Vet,1
chesplayschess,UnPoliticalPrty,2
chesplayschess,VirginianMinds,1
chesplayschess,WashTimes,1
chesplayschess,WeLoveJillStein,1
chesplayschess,WendyPrince2,1
chesplayschess,Willabray5286,1
chesplayschess,WoobieTuesday,1
chesplayschess,YoungDems4Trump,1
chesplayschess,amrightnow,2
chesplayschess,arrowsmithwoman,1
chesplayschess,bat211,1
chesplayschess,bibiancapalace,1
chesplayschess,bmaggiemay,1
chesplayschess,bmangh,1
chesplayschess,bobbythedruid,1
chesplayschess,braintwat,1
chesplayschess,bstevewhite,1
chesplayschess,cgrapski,1
chesplayschess,charlespm777,1
chesplayschess,cristinalaila1,1
chesplayschess,davidsirota,1
chesplayschess,dcexaminer,1
chesplayschess,dodgepacklake,1
chesplayschess,eloracnasus,1
chesplayschess,emineno435,1
chesplayschess,gabriellahope_,1
chesplayschess,gerfingerpoken2,3
chesplayschess,ggreenwald,1
chesplayschess,gntlman,2
chesplayschess,hrtablaze,1
chesplayschess,immigrant4trump,1
chesplayschess,independent_lab,1
chesplayschess,israeli101,1
chesplayschess,jamezdhawaii,1
chesplayschess,jeffersonitopia,1
chesplayschess,jimmy_dore,1
chesplayschess,kadyalexis,1
chesplayschess,khammaker9,1
chesplayschess,kittenkk,1
chesplayschess,mayday2744,1
chesplayschess,micafarha,1
chesplayschess,mitchellvii,4
chesplayschess,ott_deb,1
chesplayschess,patrick_hostis,1
chesplayschess,realDonaldTrump,1
chesplayschess,rkburgess,1
chesplayschess,seanmdav,1
chesplayschess,seanspicer,1
chesplayschess,southernkimmy,1
chesplayschess,taygogo,1
chesplayschess,thehill,2
chesplayschess,tluvgolf,1
chesplayschess,tpartynews,1
chesplayschess,truthglow,1
chesplayschess,veranjerry,1
chesplayschess,vox4america,1
chesplayschess,wikileaks,3
chesplayschess,willmenaker,1
christinapool61,welt,1
chrixmorgan,1c872edf4bd44a5,1
chrixmorgan,ATHEIST_Blessed,1
chrixmorgan,ActualFlatticus,1
chrixmorgan,AlanBayer2,1
chrixmorgan,AndyHashtagger,2
chrixmorgan,AshDee04,1
chrixmorgan,AuntiegraceG,1
chrixmorgan,BanjoHfuhruhur,1
chrixmorgan,Buzz_Patriot,1
chrixmorgan,CBNostalgia,1
chrixmorgan,CindieNolin1,1
chrixmorgan,CourtneyDrucker,1
chrixmorgan,CrankyGordon,1
chrixmorgan,CumuloPhallus,2
chrixmorgan,CurtCBryant,1
chrixmorgan,DD_163,1
chrixmorgan,DanaGeezus,2
chrixmorgan,DandiLioness,1
chrixmorgan,DavidTheNative,1
chrixmorgan,DeVon_FNMfan2K8,1
chrixmorgan,Dreamweasel,2
chrixmorgan,Drstevenhobbs,1
chrixmorgan,EASTSIDEPDUB,1
chrixmorgan,ElPenguinito,1
chrixmorgan,ElleLatham,1
chrixmorgan,FameOnYouBitch,1
chrixmorgan,FeeBooths,3
chrixmorgan,FightNowAmerica,1
chrixmorgan,FlorentIsmaili,1
chrixmorgan,GPN14,1
chrixmorgan,GiselleEvns,4
chrixmorgan,GloomyGregster,1
chrixmorgan,Goodluckbeer,1
chrixmorgan,HasnatAhmed_,1
chrixmorgan,JamesMorgan92,1
chrixmorgan,JayFC_18,1
chrixmorgan,Jocey2003,1
chrixmorgan,KathCLeSage,1
chrixmorgan,KatoPolumbo,1
chrixmorgan,KeswickPinhead,2
chrixmorgan,KimmieB_71,1
chrixmorgan,LahdeeDot,1
chrixmorgan,Latent_Fury,1
chrixmorgan,Lesko1F,1
chrixmorgan,NonLiberalPAer,2
chrixmorgan,OldSalz,1
chrixmorgan,OmnicientIam,1
chrixmorgan,One_Who_Matters,1
chrixmorgan,PepeSupremist,2
chrixmorgan,PoundSignGames,1
chrixmorgan,PresidentJeffPJ,1
chrixmorgan,Rare_Virtues,1
chrixmorgan,ReenMatoMato,1
chrixmorgan,ReenieDiva,2
chrixmorgan,Rpiper07,1
chrixmorgan,RyanKoH167,1
chrixmorgan,SandiBurkhart,1
chrixmorgan,SemeiMuCasa,1
chrixmorgan,Shane_Rodenbeck,4
chrixmorgan,Shaughn_A,2
chrixmorgan,ShoKnowMo,1
chrixmorgan,StevenEveral,1
chrixmorgan,StoneButchDyke,1
chrixmorgan,TTino_boi,1
chrixmorgan,TeutonicKnight6,1
chrixmorgan,TheColdCivilWar,2
chrixmorgan,TheRealMattheos,1
chrixmorgan,ThisSideOp,1
chrixmorgan,Thor_2000,1
chrixmorgan,TonyVilla89,1
chrixmorgan,TybzC,1
chrixmorgan,TysonFromABQ,1
chrixmorgan,Voycer100,1
chrixmorgan,WorldOfHashtags,1
chrixmorgan,YourVoteAmerica,1
chrixmorgan,ZacharySGrigley,1
chrixmorgan,__sheisfierce,1
chrixmorgan,_fromthisday,1
chrixmorgan,babymongeauu,1
chrixmorgan,bobglasgow_m,1
chrixmorgan,bocavista2016,1
chrixmorgan,chris_ramos82,1
chrixmorgan,cyclist1959,1
chrixmorgan,ddindy04,1
chrixmorgan,dnelson9411,1
chrixmorgan,dwttennis,1
chrixmorgan,eddywaraich91,2
chrixmorgan,edooGtreboR,1
chrixmorgan,emnercessiannn,1
chrixmorgan,gongoozles,1
chrixmorgan,googergieger,2
chrixmorgan,gottesanbeterin,1
chrixmorgan,im_srishabh21,2
chrixmorgan,inglamwetrust,1
chrixmorgan,jamesmarie33,1
chrixmorgan,jena_jordan,1
chrixmorgan,jsegal44236,2
chrixmorgan,k1udge,1
chrixmorgan,kaseykat02101,1
chrixmorgan,kattographer,1
chrixmorgan,latoyajackson,1
chrixmorgan,livewbeth,1
chrixmorgan,lowelljohnsonjr,1
chrixmorgan,mariann21900998,1
chrixmorgan,mblueisland5667,1
chrixmorgan,michignlady,1
chrixmorgan,neverhipster,1
chrixmorgan,nikhammik,1
chrixmorgan,outrageous74,1
chrixmorgan,peaceofclay890,1
chrixmorgan,polit_uncorr,1
chrixmorgan,politically_cor,1
chrixmorgan,randilynisin,1
chrixmorgan,realIgorTot,2
chrixmorgan,redhead1558,1
chrixmorgan,redsforblacks,1
chrixmorgan,sambeeston2,1
chrixmorgan,sftimrf,1
chrixmorgan,shewhoisgreat,1
chrixmorgan,shotalandia,1
chrixmorgan,sirpapasmurf,1
chrixmorgan,sllewmaster,1
chrixmorgan,smell_ya_later,1
chrixmorgan,sparklefade89,1
chrixmorgan,stormynights10,1
chrixmorgan,tacoeater,1
chrixmorgan,templeofthehut,1
chrixmorgan,thcrw7391,1
chrixmorgan,thoughtfloss,1
chrixmorgan,timvicious,1
chrixmorgan,tjrocks18,1
chrixmorgan,towerclimber007,1
chrixmorgan,truegingersnap,1
chrixmorgan,tunaofthesky,1
chrixmorgan,wifetomike,1
chrixmorgan,willellsworth11,1
chrixmorgan,zamgirl1,1
chrixmorgan,zombieninja420,1
claudia42kern,3DzD,1
claudia42kern,AnnoGalactic,1
claudia42kern,Born_To_DYE,1
claudia42kern,Daleyinsanity,1
claudia42kern,Dreamweasel,1
claudia42kern,FightNowAmerica,1
claudia42kern,FunnyPantsTV,1
claudia42kern,Gamiliell,1
claudia42kern,Michael_Oh2L,1
claudia42kern,OnPirateSat,1
claudia42kern,RacerX393,1
claudia42kern,RealTimers,1
claudia42kern,Shane_Rodenbeck,1
claudia42kern,Social_Mime,1
claudia42kern,SyedSalehAbbas,1
claudia42kern,TCB_AK,1
claudia42kern,TheOdyssey750,1
claudia42kern,Thor_2000,1
claudia42kern,WHOAwhatthefuck,1
claudia42kern,andylevy,1
claudia42kern,debbiedonothing,1
claudia42kern,paleblueeyes24,1
claudia42kern,sophie_diddles,1
claudia42kern,sweet_melissa06,1
claudia42kern,theclobra,1
claudia42kern,therealezway,1
claudia42kern,wikileaks,1
claudia42kern,woodseysmith,1
claypaigeboo,2ysur2ysub,1
claypaigeboo,AngryDemdotcom,1
claypaigeboo,CNN,1
claypaigeboo,ColossILL,1
claypaigeboo,Fusion,1
claypaigeboo,HappilyNappily,1
claypaigeboo,HaroldWNelson,1
claypaigeboo,Independent,1
claypaigeboo,KevinARing,1
claypaigeboo,NewRepublic,1
claypaigeboo,RawStory,1
claypaigeboo,SirSheri,1
claypaigeboo,ThinkMOOR,1
claypaigeboo,blicqer,1
claypaigeboo,businessinsider,1
claypaigeboo,hibbs101,1
claypaigeboo,hotdog7826,1
claypaigeboo,limitlesskait,1
claypaigeboo,orchards24,1
claypaigeboo,rlocker12,1
cliftonhughes_,Blavity,1
cliftonhughes_,DarlingEbony,1
cliftonhughes_,Delo_Taylor,1
cliftonhughes_,HillaryClinton,1
cliftonhughes_,JJohnsonLaw,1
cliftonhughes_,JuddLegum,1
cliftonhughes_,LeLe5417,1
cliftonhughes_,PoliticsPeach,1
cliftonhughes_,Russian_Starr,1
cliftonhughes_,blicqer,1
cliftonhughes_,colinjones,1
cliftonhughes_,danpfeiffer,1
cliftonhughes_,hotdog7826,1
cliftonhughes_,madamecain,1
coldwar20_ru,USEmbHell,1
cookiiieeessss,AntonioFrench,1
cookiiieeessss,CharlesMBlow,1
cookiiieeessss,JamilSmith,2
cookiiieeessss,Pammie629,1
cookiiieeessss,PatrickSvitek,1
cookiiieeessss,RawStory,1
cookiiieeessss,Russian_Starr,1
cookiiieeessss,TransGriot,1
cookiiieeessss,WhiteHouse,1
cookiiieeessss,blicqer,3
cookiiieeessss,colinjones,1
cookiiieeessss,tchop__StL,1
cookiiieeessss,thehill,2
cookiiieeessss,tressiemcphd,1
cookncooks,0HOUR1__,1
cookncooks,1currentworld,1
cookncooks,222t,1
cookncooks,2ALAW,1
cookncooks,4thAnon,1
cookncooks,75watt,1
cookncooks,AIIAmericanGirI,1
cookncooks,AMintChorus,1
cookncooks,AlwayanAmerican,1
cookncooks,Always_Trump,1
cookncooks,AlyLovesMovies,1
cookncooks,America_1st_,1
cookncooks,AmericanMex067,1
cookncooks,AngryVoters,1
cookncooks,B04t_Tr45h,1
cookncooks,BeladonnaRogers,2
cookncooks,BettySwernofsky,1
cookncooks,Bill_Henwood,1
cookncooks,BonnieGranny,1
cookncooks,BrianNagle3,1
cookncooks,CBassHardy,1
cookncooks,CallawayBOT,1
cookncooks,Canada4Bernie,1
cookncooks,CannonballRoll,1
cookncooks,CantStopTheDon,1
cookncooks,CaptYonah,1
cookncooks,Cernovich,3
cookncooks,CheriJacobus,1
cookncooks,ChiefConte,1
cookncooks,ChrisCoon4,1
cookncooks,ChristiChat,1
cookncooks,ChristieC733,1
cookncooks,ClaudesBBQ,1
cookncooks,CodeAud,1
cookncooks,Conservatexian,1
cookncooks,Conservative_VW,1
cookncooks,CounterMoonbat,1
cookncooks,DJT4Prez,1
cookncooks,DTAP4NSecurity,1
cookncooks,DailyCaller,1
cookncooks,DailyMail,1
cookncooks,DanScavino,1
cookncooks,Darren32895836,5
cookncooks,Davewellwisher,1
cookncooks,DaysOfTrump,1
cookncooks,Dbargen,1
cookncooks,DclareDiane,1
cookncooks,DeanSchanzel,1
cookncooks,Democrat_4Trump,1
cookncooks,DeplorableMissy,1
cookncooks,DeplorableTrain,1
cookncooks,DiamondandSilk,1
cookncooks,Dianestraley,1
cookncooks,DogoodII,1
cookncooks,DonaldJTrump45,1
cookncooks,DougDoodles,1
cookncooks,DrJillStein,1
cookncooks,DrienaSixto,1
cookncooks,DrivaJane,1
cookncooks,EffinEffEffEff,1
cookncooks,EjHirschberger,1
cookncooks,ElizabethJarr10,1
cookncooks,EricTrump,1
cookncooks,FacMagnaAmerica,1
cookncooks,Fb1Marissa,2
cookncooks,Federalist46,1
cookncooks,Frushman,1
cookncooks,GOP,4
cookncooks,GOPBlackChick,1
cookncooks,GartrellLinda,1
cookncooks,GenFlynn,1
cookncooks,GenGonzalez2,1
cookncooks,GeneticSequence,1
cookncooks,GiselleEvns,4
cookncooks,GodandtheBear,1
cookncooks,GoldStarMomTX55,1
cookncooks,HillaryGuess,1
cookncooks,Hjbenavi927,1
cookncooks,HouseCracka,1
cookncooks,ILoveBernie1,1
cookncooks,JAPITTER,1
cookncooks,JBaileysMom,1
cookncooks,JKTechy,2
cookncooks,JOMainEvent,1
cookncooks,JackAdams2016,1
cookncooks,JackPosobiec,2
cookncooks,JacquelinIsBest,3
cookncooks,JamesMArcher,1
cookncooks,JamieSportsTalk,1
cookncooks,JaredWyand,1
cookncooks,Jarjarbug,1
cookncooks,JasonMillerinDC,1
cookncooks,JayFivekiller,1
cookncooks,JeanneMccarthy0,2
cookncooks,JewhadiTM,1
cookncooks,Joe_America1776,4
cookncooks,John_Frank1954,1
cookncooks,K74655793,1
cookncooks,KFC_Yemen,1
cookncooks,KandiRider,1
cookncooks,KellyannePolls,1
cookncooks,KevJames91,1
cookncooks,LANURSE1,1
cookncooks,Lagartija_Nix,2
cookncooks,LauraWalkerKC,1
cookncooks,LawlessPirate,1
cookncooks,LeroyLovesUSA,1
cookncooks,LibertySeeds,1
cookncooks,LindaSuhler,3
cookncooks,Lorig60,1
cookncooks,LouDobbs,2
cookncooks,Lrihendry,1
cookncooks,MCCNP,1
cookncooks,MOVEFORWARDHUGE,1
cookncooks,MarcusCurtis15,1
cookncooks,MarkDice,1
cookncooks,MeaSongbird,1
cookncooks,Miami4Trump,1
cookncooks,MightyBusterBro,1
cookncooks,NH92276,1
cookncooks,NNealWhitefield,1
cookncooks,NRO,1
cookncooks,NavyVets4Trump,1
cookncooks,Neo99934,1
cookncooks,NetworksManager,1
cookncooks,NicholleMolly,1
cookncooks,NimbleNavgater,1
cookncooks,NoahCRothman,1
cookncooks,OffGridMedia,1
cookncooks,Olivemykids3,1
cookncooks,OnlineMagazin,1
cookncooks,OpinionOnion7,2
cookncooks,OstlundGary,1
cookncooks,OttoTheTerrible,1
cookncooks,OurTroubledTime,1
cookncooks,PJStrikeForce,1
cookncooks,PVeritas_Action,1
cookncooks,PatriotBlake,1
cookncooks,Peacebird9,1
cookncooks,Peggy7172,1
cookncooks,PoliglotMr,1
cookncooks,PoliticalShort,1
cookncooks,PoliticalTropes,1
cookncooks,PoliticsIsDirty,1
cookncooks,PoliticsNewz,1
cookncooks,PollyTickal,1
cookncooks,PrisonPlanet,4
cookncooks,Quicksilver2723,1
cookncooks,RKitenplon,1
cookncooks,ROCKONDUDE2,1
cookncooks,RealAlexJones,1
cookncooks,Reuters,1
cookncooks,Roark__,1
cookncooks,Rockprincess818,1
cookncooks,RoseCarol3,1
cookncooks,RubinReport,1
cookncooks,RussiaInsider,1
cookncooks,SCLconservative,1
cookncooks,SEC_SAM,1
cookncooks,STRONG_OPED,1
cookncooks,SandiBurkhart,1
cookncooks,SandyWarf,1
cookncooks,SaveMain_St,1
cookncooks,ScottAdamsSays,2
cookncooks,SeaDimon,1
cookncooks,SebGorka,1
cookncooks,SebastianCONFOR,1
cookncooks,SenShelby,1
cookncooks,ShaneCory,1
cookncooks,StatesPoll,3
cookncooks,SteveSGoddard,1
cookncooks,Stevenwhirsch99,3
cookncooks,Sue_Brown,1
cookncooks,SuperDriver318,1
cookncooks,TEN_GOP,2
cookncooks,TPoliticmanager,2
cookncooks,TeamTrump,4
cookncooks,TeckyNY,1
cookncooks,TeresaEdelglass,1
cookncooks,TheDailyEdge,1
cookncooks,TheDonaldNews,1
cookncooks,TheFoundingSon,1
cookncooks,TheSolarSpirit,1
cookncooks,TheYoungTurks,1
cookncooks,The_NewRight,1
cookncooks,TrumpGo_2016,1
cookncooks,TrumpPenceUSA1,1
cookncooks,TrumpSuperPAC,1
cookncooks,TrumpTheHill,1
cookncooks,Trump_World,1
cookncooks,Trumpster5,1
cookncooks,TwoOneSix216,1
cookncooks,USAforTrump2016,2
cookncooks,USAneedsTRUMP,2
cookncooks,UTHornsRawk,1
cookncooks,Veteran4Trump,1
cookncooks,VoteGreen2,1
cookncooks,WDFx2EU16,1
cookncooks,WDFx2EU7,5
cookncooks,WDFx2EU8,1
cookncooks,WakeUpMFers,1
cookncooks,WeNeedTrump,1
cookncooks,WendyPrince2,2
cookncooks,WesleyRickard,1
cookncooks,Wingzblessed,1
cookncooks,YoungDems4Trump,1
cookncooks,YourAnonNews,1
cookncooks,Youxia88,1
cookncooks,_HankRearden,1
cookncooks,_Makada_,1
cookncooks,_NickLuna_,6
cookncooks,_Proud_American,1
cookncooks,adagioforstring,1
cookncooks,akeleven,1
cookncooks,alcardfan,1
cookncooks,amrightnow,1
cookncooks,angelrojas450,1
cookncooks,asamjulian,3
cookncooks,aspiesmom,1
cookncooks,atrueamerican60,1
cookncooks,babushka_tasi,1
cookncooks,bambamwv,1
cookncooks,bbl58,1
cookncooks,benjamin_den,1
cookncooks,bn81159,1
cookncooks,bocavista2016,1
cookncooks,bowhunter_va,1
cookncooks,carrieksada,1
cookncooks,cathydit,1
cookncooks,cgrapski,1
cookncooks,chadsdaddy,1
cookncooks,chuckwoolery,1
cookncooks,davidjones720,1
cookncooks,davidsirota,1
cookncooks,dcexaminer,1
cookncooks,devinedianakins,1
cookncooks,dijoni,1
cookncooks,dreamedofdust,1
cookncooks,drewwyatt,1
cookncooks,ed_hooley,1
cookncooks,eeynouf,1
cookncooks,ekim_yeldarb,1
cookncooks,emineno435,1
cookncooks,farai,1
cookncooks,flappybernie001,4
cookncooks,flatwalk,1
cookncooks,fmikehiggins,1
cookncooks,foxandfriends,4
cookncooks,franniebobannie,1
cookncooks,fussaboy,1
cookncooks,gatewaypundit,2
cookncooks,gerfingerpoken,3
cookncooks,gerfingerpoken2,2
cookncooks,harryperry15,1
cookncooks,hectormorenco,2
cookncooks,heyits_toby,3
cookncooks,hmrose180,1
cookncooks,igorvolsky,2
cookncooks,ish10040,1
cookncooks,jaflowers2,1
cookncooks,jasoninthehouse,1
cookncooks,jerome_corsi,1
cookncooks,jmtn48,1
cookncooks,joeinthejeep,1
cookncooks,joeyyeo13,1
cookncooks,joshgremillion,1
cookncooks,joshob1987,2
cookncooks,joyreaper,1
cookncooks,jpm05880,2
cookncooks,jstines3,1
cookncooks,justblegit,1
cookncooks,k_dani12,1
cookncooks,kachninja,1
cookncooks,kayleighmcenany,1
cookncooks,kentwilliam94,1
cookncooks,kevcirilli,1
cookncooks,khammaker9,1
cookncooks,kierobar,1
cookncooks,latinaafortrump,2
cookncooks,liberty4us1776,1
cookncooks,lookupfolks,1
cookncooks,los001979,1
cookncooks,magnifier661,1
cookncooks,marsialynn86,1
cookncooks,mcsoverino,1
cookncooks,megynkelly,1
cookncooks,michaelbeatty3,1
cookncooks,michaelkeyes,1
cookncooks,mickeynu477,1
cookncooks,mikethenice1,1
cookncooks,mitchellvii,4
cookncooks,mmpadellan,1
cookncooks,monolisso75,1
cookncooks,ms_erika74,1
cookncooks,msunitedam,1
cookncooks,mtracey,1
cookncooks,mwbrown51358,1
cookncooks,n_the_mountains,1
cookncooks,nypost,1
cookncooks,partyofthepeopl,1
cookncooks,partystraws,1
cookncooks,patchrhythm,1
cookncooks,peddoc63,1
cookncooks,perrynorris91,1
cookncooks,peterfeld,1
cookncooks,pink_lady56,1
cookncooks,realDonaldTrump,3
cookncooks,realKellG,1
cookncooks,realkingrobbo,1
cookncooks,reeltexas,1
cookncooks,renomarky,1
cookncooks,rharrisonfries,1
cookncooks,riotwomennn,1
cookncooks,rockynickydog,1
cookncooks,rogerkinkaid,1
cookncooks,royfortin2016,1
cookncooks,rtyson82,1
cookncooks,rwal2222,1
cookncooks,sardnas51,1
cookncooks,scottmorehead,1
cookncooks,seanhannity,2
cookncooks,slone,1
cookncooks,socalmike_SD,1
cookncooks,steingal2,1
cookncooks,steph93065,1
cookncooks,stephenstephan,1
cookncooks,stranahan,1
cookncooks,sweetatertot2,1
cookncooks,talmadgewilliam,1
cookncooks,tcaLdarez,1
cookncooks,tea0704,1
cookncooks,thehill,2
cookncooks,tomsparrow,1
cookncooks,tponews,1
cookncooks,trebortwo,1
cookncooks,true_pundit,1
cookncooks,trump_woman,1
cookncooks,tteegar,2
cookncooks,umpire43,1
cookncooks,uyenbeti,1
cookncooks,wikileaks,1
cookncooks,xavvypls,3
cookncooks,youseenmikehunt,1
cornellburchet,2ysur2ysub,1
cornellburchet,88blackhatss,1
cornellburchet,AllbrightNFL,1
cornellburchet,AnandWrites,1
cornellburchet,CATS_PAWS,1
cornellburchet,DRUDGE_REPORT,1
cornellburchet,Fusion,1
cornellburchet,Green_Footballs,1
cornellburchet,HaroldWNelson,1
cornellburchet,HillaryClinton,1
cornellburchet,JamilSmith,1
cornellburchet,JoyAnnReid,1
cornellburchet,KeepitRealTea,1
cornellburchet,KelleyLCarter,1
cornellburchet,LovesTheJust,1
cornellburchet,Luvvie,2
cornellburchet,MarkRuffalo,1
cornellburchet,NinjaEconomics,1
cornellburchet,TwiterHero,1
cornellburchet,WGCI,1
cornellburchet,adbridgeforth,1
cornellburchet,alwaystheself,1
cornellburchet,businessinsider,1
cornellburchet,davidsirota,1
cornellburchet,djolder,1
cornellburchet,dnrevel,1
cornellburchet,em2wice,1
cornellburchet,es_snipes,1
cornellburchet,frodofied,1
cornellburchet,jaybeware,1
cornellburchet,lanegreene,1
cornellburchet,mtracey,1
cornellburchet,ogkeyser,3
cornellburchet,riotwomennn,1
cornellburchet,ryanlcooper,1
cornellburchet,tamilartist,1
corynaenae,Blackamazon,1
corynaenae,ColossILL,1
corynaenae,DrJillStein,1
corynaenae,EBONYMag,1
corynaenae,IanKarmel,1
corynaenae,MaxBoot,1
corynaenae,MrNegroMilitant,2
corynaenae,Patsy1207,1
corynaenae,Russian_Starr,1
corynaenae,ShaunKing,1
corynaenae,TalibKweli,1
corynaenae,Travon,1
corynaenae,aterkel,1
corynaenae,blicqer,2
corynaenae,dancingqueenDC,1
corynaenae,ogkeyser,1
corynaenae,thehill,2
crystal1johnson,ChuckModi1,1
crystal1johnson,Russian_Starr,1
curtisbigman,160_Proof,1
curtisbigman,ATHEIST_Blessed,1
curtisbigman,AndyHashtagger,1
curtisbigman,AnitaNelson,1
curtisbigman,AnnoGalactic,1
curtisbigman,AtomicElbow1,1
curtisbigman,BadRonen,1
curtisbigman,Beuford2Beuford,1
curtisbigman,ChrixChase,1
curtisbigman,CulturedRuffian,1
curtisbigman,CumuloPhallus,1
curtisbigman,CurtCBryant,1
curtisbigman,DanaGeezus,1
curtisbigman,DanielAshley13,1
curtisbigman,Dreamweasel,1
curtisbigman,ErinRHazel,1
curtisbigman,FightNowAmerica,1
curtisbigman,FlorentIsmaili,1
curtisbigman,Gamiliell,1
curtisbigman,GeffGefferson1,2
curtisbigman,GerrenPeterson,1
curtisbigman,HillaryClinton,1
curtisbigman,HollieCardiff,1
curtisbigman,Jarmadillos,2
curtisbigman,KeswickPinhead,1
curtisbigman,LLCalrissian,1
curtisbigman,LeeCamp,1
curtisbigman,Longhairleeroy,1
curtisbigman,LouGeese,1
curtisbigman,Martukin,1
curtisbigman,NetAdvisor,1
curtisbigman,Patriot_Musket,1
curtisbigman,Redlinesi10,1
curtisbigman,SethMacFarlane,1
curtisbigman,Shane_Rodenbeck,3
curtisbigman,ShoKnowMo,1
curtisbigman,SouthBoulder,1
curtisbigman,TGJones_62,1
curtisbigman,TheDailyShow,1
curtisbigman,TheScottfather,1
curtisbigman,WHOAwhatthefuck,1
curtisbigman,alexypkeaton,1
curtisbigman,anastasiabeave4,1
curtisbigman,annie7589,2
curtisbigman,bony_rabbit,1
curtisbigman,bryanbehar,1
curtisbigman,bunnyhugger75,3
curtisbigman,chiefplan1,5
curtisbigman,ckazjason,2
curtisbigman,darleneturner53,2
curtisbigman,dexmonte1,1
curtisbigman,djblack,1
curtisbigman,drjezphillips,1
curtisbigman,jamesmarie33,1
curtisbigman,kshark001,1
curtisbigman,kuzco890,1
curtisbigman,miteshdesai,1
curtisbigman,monalisa4068,1
curtisbigman,neverhipster,2
curtisbigman,pattonoswalt,1
curtisbigman,republicanbob,1
curtisbigman,ryansmith1984,1
curtisbigman,screechmonkey,1
curtisbigman,stormynights10,1
curtisbigman,theclobra,1
curtisbigman,therealezway,1
curtisbigman,travisj0331,1
curtisbigman,twiticulture,1
curtisbigman,voxdotcom,1
cynthiamhunter,0HOUR1__,2
cynthiamhunter,0HOUR1___,1
cynthiamhunter,1861_again,2
cynthiamhunter,1Dittlinger,1
cynthiamhunter,3Xtraders,1
cynthiamhunter,547George,10
cynthiamhunter,995mu,2
cynthiamhunter,ABC,1
cynthiamhunter,AHMalcolm,2
cynthiamhunter,AP_Politics,1
cynthiamhunter,AdiDajani,1
cynthiamhunter,AgressiveShoe,1
cynthiamhunter,AlanTonelson,1
cynthiamhunter,AlexisinNH,1
cynthiamhunter,America_1st_,1
cynthiamhunter,AmericanMex067,1
cynthiamhunter,AmyMek,2
cynthiamhunter,AmyOtto8,1
cynthiamhunter,Amyloukingery,1
cynthiamhunter,Andromodid,1
cynthiamhunter,AnnCoulter,1
cynthiamhunter,AnthonyVVeiner,1
cynthiamhunter,AppSame,4
cynthiamhunter,ArcticFox2016,5
cynthiamhunter,ArtbyAWOHS,1
cynthiamhunter,ArthurSchwartz,1
cynthiamhunter,AskYnow,1
cynthiamhunter,AtlTeaPartyLove,1
cynthiamhunter,Babbsgirl2,2
cynthiamhunter,Bane1349,3
cynthiamhunter,BarbMuenchen,1
cynthiamhunter,BarneyFranken,1
cynthiamhunter,BayShoreIsHome,1
cynthiamhunter,Bdog99993,1
cynthiamhunter,BeladonnaRogers,1
cynthiamhunter,BigStick2013,3
cynthiamhunter,BillEvansCT,1
cynthiamhunter,BlauesAugeBlond,1
cynthiamhunter,BlissTabitha,1
cynthiamhunter,BluegrassPundit,3
cynthiamhunter,BretBaier,1
cynthiamhunter,BuzzFeedAndrew,1
cynthiamhunter,Byrlyne,1
cynthiamhunter,ByronYork,1
cynthiamhunter,CBSNews,1
cynthiamhunter,CR,1
cynthiamhunter,Cailin4Assange,1
cynthiamhunter,Callisto1947,1
cynthiamhunter,CaptTedNorin,2
cynthiamhunter,CaptYonah,2
cynthiamhunter,CarmineZozzora,3
cynthiamhunter,Catrocky22,1
cynthiamhunter,Champergirl,1
cynthiamhunter,ChatRevolve,2
cynthiamhunter,ChristiChat,3
cynthiamhunter,ChristopherGFX,1
cynthiamhunter,ChunkyTWshngtn,1
cynthiamhunter,ColorMeRed,2
cynthiamhunter,Conservatexian,12
cynthiamhunter,Conservative_VW,1
cynthiamhunter,ConstanceQueen8,3
cynthiamhunter,CounterMoonbat,1
cynthiamhunter,DBloom451,5
cynthiamhunter,DR8801,3
cynthiamhunter,DRUDGE_REPORT,1
cynthiamhunter,DVATW,1
cynthiamhunter,DaeshPussy,1
cynthiamhunter,Daggy1,1
cynthiamhunter,DailyCaller,5
cynthiamhunter,DanScavino,7
cynthiamhunter,DancinKim76,2
cynthiamhunter,Danny_Vaskal,1
cynthiamhunter,DarkStream,2
cynthiamhunter,Darren32895836,4
cynthiamhunter,DataBoots,1
cynthiamhunter,Dbargen,1
cynthiamhunter,Debber66,1
cynthiamhunter,Democrat_4Trump,1
cynthiamhunter,DennisMurphy15,2
cynthiamhunter,Deplorablekat,1
cynthiamhunter,DeplorablyProud,1
cynthiamhunter,DiamondandSilk,4
cynthiamhunter,DivineMoments,2
cynthiamhunter,Dlw20161950,1
cynthiamhunter,DonaldJTrumpJr,1
cynthiamhunter,DrMartyFox,3
cynthiamhunter,DrhjohnPhd,1
cynthiamhunter,E_FINKSTER,1
cynthiamhunter,EasyEarl,1
cynthiamhunter,EricTrump,1
cynthiamhunter,ErinLichnovsky,2
cynthiamhunter,Etherkat,1
cynthiamhunter,Eyes_of_justice,1
cynthiamhunter,EzraDrissman,2
cynthiamhunter,FL4TRUMPDOTCOM,2
cynthiamhunter,Firemdc780,1
cynthiamhunter,FoundinNV,1
cynthiamhunter,FoxNews,7
cynthiamhunter,FranCifelli,1
cynthiamhunter,FrankSharps1874,1
cynthiamhunter,FredZeppelin12,1
cynthiamhunter,FreeBeacon,8
cynthiamhunter,FreedomChild3,2
cynthiamhunter,FreedomFuture2,1
cynthiamhunter,GOODGREED,2
cynthiamhunter,GOPBarryBennett,2
cynthiamhunter,GOPBlackChick,1
cynthiamhunter,GartrellLinda,1
cynthiamhunter,Ginabeans22,2
cynthiamhunter,GinoTheBeagle,1
cynthiamhunter,Grago395,1
cynthiamhunter,HalleyBorderCol,6
cynthiamhunter,Hardline_Stance,2
cynthiamhunter,Harlan,2
cynthiamhunter,HeyTammyBruce,1
cynthiamhunter,Hockey_Sweater,1
cynthiamhunter,HofPols,1
cynthiamhunter,HouseGOP,1
cynthiamhunter,Houseman75,2
cynthiamhunter,Hstockpicks,1
cynthiamhunter,IcemanDaGenius,1
cynthiamhunter,IndyEnigma,1
cynthiamhunter,IngrahamAngle,3
cynthiamhunter,Italians4Trump,2
cynthiamhunter,ItzGeralyn,1
cynthiamhunter,JDRucker,1
cynthiamhunter,JESSEOSHOW,1
cynthiamhunter,JLew3000,1
cynthiamhunter,JackBPR,1
cynthiamhunter,JackPosobiec,2
cynthiamhunter,JamesOKeefeIII,1
cynthiamhunter,Jamesyontrofsky,2
cynthiamhunter,Jami_USA,1
cynthiamhunter,JaredWyand,1
cynthiamhunter,JeanetteJing,2
cynthiamhunter,JeffMontes5,2
cynthiamhunter,JesseKellyDC,1
cynthiamhunter,JhoyBoyden,1
cynthiamhunter,JimDeMint,1
cynthiamhunter,JimTuscaloosaAl,1
cynthiamhunter,JohnDalyBooks,1
cynthiamhunter,JohnKStahlUSA,3
cynthiamhunter,JonJustice,1
cynthiamhunter,JoshNoneYaBiz,1
cynthiamhunter,JunkScience,1
cynthiamhunter,K1erry,1
cynthiamhunter,KLSouth,3
cynthiamhunter,KNP2BP,1
cynthiamhunter,Kaleb_G_ot_it,1
cynthiamhunter,KamVTV,1
cynthiamhunter,KaylinWinters2,1
cynthiamhunter,KellyannePolls,2
cynthiamhunter,KenYounos,1
cynthiamhunter,KidMikeSceyence,1
cynthiamhunter,KimDotcom,1
cynthiamhunter,Kotcha301,2
cynthiamhunter,KrisParonto,1
cynthiamhunter,Kristina_Why,1
cynthiamhunter,LGlick1,1
cynthiamhunter,Lagartija_Nix,1
cynthiamhunter,LarryCal1,1
cynthiamhunter,LatestAnonNews,1
cynthiamhunter,LauraJacobellis,1
cynthiamhunter,LauraWalkerKC,3
cynthiamhunter,LaurenJonesGOP,1
cynthiamhunter,LeahR77,2
cynthiamhunter,LilSouthernSass,1
cynthiamhunter,LindaSuhler,6
cynthiamhunter,LiteWorkR,1
cynthiamhunter,Lmfigura,1
cynthiamhunter,LodiSilverado,1
cynthiamhunter,LostDiva,2
cynthiamhunter,LouDobbs,2
cynthiamhunter,Lrihendry,1
cynthiamhunter,MR_PUNJABI,2
cynthiamhunter,MagicRoyalty,1
cynthiamhunter,MarcACaputo,1
cynthiamhunter,Marvel28768,1
cynthiamhunter,MaryPatriotNews,4
cynthiamhunter,MathewSHarrison,1
cynthiamhunter,Mathiasian,1
cynthiamhunter,Mattwoodnyc3,1
cynthiamhunter,McCarthyKnew,3
cynthiamhunter,Medaton,1
cynthiamhunter,MeettheClooneys,1
cynthiamhunter,MelissaRNMBA,1
cynthiamhunter,Miami4Trump,1
cynthiamhunter,MikeI70,1
cynthiamhunter,MissLizzyNJ,2
cynthiamhunter,Mister_C_72,1
cynthiamhunter,MizzouRedbirds,1
cynthiamhunter,MrEdTrain,1
cynthiamhunter,MsB971,1
cynthiamhunter,NRO,2
cynthiamhunter,NevadaRLC,1
cynthiamhunter,NewtTrump,1
cynthiamhunter,NobamaDotCom,2
cynthiamhunter,NolteNC,1
cynthiamhunter,NotaTypicalTory,1
cynthiamhunter,Nottinghams1,1
cynthiamhunter,NubianAwakening,7
cynthiamhunter,OHenrysStepchld,1
cynthiamhunter,OnMessageForHer,1
cynthiamhunter,PJStrikeForce,1
cynthiamhunter,PJimmy18,1
cynthiamhunter,PardonManning,1
cynthiamhunter,PatDollard,1
cynthiamhunter,PatLynnFor,1
cynthiamhunter,PatVPeters,4
cynthiamhunter,Patrioticgirl86,1
cynthiamhunter,PennyHicks13,1
cynthiamhunter,PoliticsNewsUS4,1
cynthiamhunter,PrimMrs,1
cynthiamhunter,PrisonPlanet,1
cynthiamhunter,ProudBoyMag,1
cynthiamhunter,QuisUtDeus7,1
cynthiamhunter,RJMorse13,1
cynthiamhunter,RMConservative,1
cynthiamhunter,RalphSchiano,1
cynthiamhunter,Reagantonian,2
cynthiamhunter,RealDJTrumpTeam,1
cynthiamhunter,RealDonald4Pres,1
cynthiamhunter,RealEagleBites,1
cynthiamhunter,RealJamesWoods,2
cynthiamhunter,RedNationRising,3
cynthiamhunter,ReignsFreedom,1
cynthiamhunter,RichardGrenell,1
cynthiamhunter,RiggedDebate,1
cynthiamhunter,RobertMCrossley,1
cynthiamhunter,RogerJStoneJr,1
cynthiamhunter,RomanEcho,1
cynthiamhunter,RonNehring,1
cynthiamhunter,STSTWO,1
cynthiamhunter,SageAine1,1
cynthiamhunter,SandraTXAS,1
cynthiamhunter,SaxxSkwerl,1
cynthiamhunter,ScottAdamsSays,1
cynthiamhunter,ScottPresler,1
cynthiamhunter,SeaDimon,1
cynthiamhunter,Seirra75,1
cynthiamhunter,SenatorRonbo,1
cynthiamhunter,SgtPolite,2
cynthiamhunter,SheilaGunnReid,1
cynthiamhunter,Shimmyfab,1
cynthiamhunter,SidneyPowell1,1
cynthiamhunter,Skyelark72,1
cynthiamhunter,SoCal4Trump,1
cynthiamhunter,SpecialKMB1969,1
cynthiamhunter,SpreadButter,3
cynthiamhunter,SquidsLighters,4
cynthiamhunter,StandUpAnne,4
cynthiamhunter,Stevenwhirsch99,5
cynthiamhunter,StocksAlotTEMP,1
cynthiamhunter,Stonewall_77,1
cynthiamhunter,TEN_GOP,5
cynthiamhunter,TOOEdit,1
cynthiamhunter,TPoliticmanager,1
cynthiamhunter,TRANZinc,2
cynthiamhunter,TRUMPMOVEMENTUS,1
cynthiamhunter,TRobinsonNewEra,1
cynthiamhunter,TakingofA,1
cynthiamhunter,TeamTrump,3
cynthiamhunter,TeamTrumpCO,1
cynthiamhunter,TeamTrumpUK,1
cynthiamhunter,TennConserv,7
cynthiamhunter,TeresaEdelglass,1
cynthiamhunter,Tex1944,1
cynthiamhunter,TexanandBlessed,1
cynthiamhunter,TexasTejano1,1
cynthiamhunter,TheCarCzarsPage,1
cynthiamhunter,TheDonaldReddit,1
cynthiamhunter,TheFoundingSon,1
cynthiamhunter,TheLastRefuge2,1
cynthiamhunter,TheLoudMajority,1
cynthiamhunter,ThePatriot143,1
cynthiamhunter,TheWrightWingv2,1
cynthiamhunter,Thomas1774Paine,1
cynthiamhunter,ThomasBernpaine,1
cynthiamhunter,TomthunkitsMind,1
cynthiamhunter,TorstenSjoberg,1
cynthiamhunter,TrueCOT,2
cynthiamhunter,TrumpMyPres,1
cynthiamhunter,TrumpTheHill,1
cynthiamhunter,Trump_World,1
cynthiamhunter,Trumpforpotus16,1
cynthiamhunter,TwitchyTeam,1
cynthiamhunter,USAneedsTRUMP,2
cynthiamhunter,V_of_Europe,1
cynthiamhunter,Varneyco,1
cynthiamhunter,VonniMediaMogul,1
cynthiamhunter,VoteMAGA,2
cynthiamhunter,VoteTrumpMAGA,1
cynthiamhunter,WDFx2EU7,4
cynthiamhunter,WalshFreedom,1
cynthiamhunter,WashTimes,1
cynthiamhunter,WayWEcIT,1
cynthiamhunter,WayneDupreeShow,2
cynthiamhunter,WestJournalism,1
cynthiamhunter,Westxgal,1
cynthiamhunter,Williamjkelly,1
cynthiamhunter,WillisShepherd,1
cynthiamhunter,YoungDems4Trump,1
cynthiamhunter,Youxia88,1
cynthiamhunter,_Makada_,1
cynthiamhunter,_PoliticsNews_,1
cynthiamhunter,_Teufelshunde,1
cynthiamhunter,ahernandez85a,1
cynthiamhunter,ananavarro,1
cynthiamhunter,anna12061,2
cynthiamhunter,apostlelaurinda,1
cynthiamhunter,aretheynuts,2
cynthiamhunter,asamjulian,1
cynthiamhunter,asparrow9,1
cynthiamhunter,astroterf,1
cynthiamhunter,atchison1,1
cynthiamhunter,atensnut,1
cynthiamhunter,attentionmustbe,1
cynthiamhunter,baumsche,1
cynthiamhunter,bchiarillo,1
cynthiamhunter,be_true_2_you,1
cynthiamhunter,bfraser747,9
cynthiamhunter,blondie36621,1
cynthiamhunter,bloodless_coup,1
cynthiamhunter,bob_owens,1
cynthiamhunter,bobfox321,2
cynthiamhunter,boolouise,2
cynthiamhunter,bowenswharf,1
cynthiamhunter,carolinagirl63,1
cynthiamhunter,chadsdaddy,2
cynthiamhunter,chiefragingbull,1
cynthiamhunter,chris_skier,1
cynthiamhunter,christinakb,1
cynthiamhunter,cmd1969,1
cynthiamhunter,col_nj,1
cynthiamhunter,colvinj,1
cynthiamhunter,conserv_tribune,2
cynthiamhunter,cqlivingston,2
cynthiamhunter,curtandnan,2
cynthiamhunter,cwatson34,2
cynthiamhunter,d_seaman,1
cynthiamhunter,daclarenceclark,2
cynthiamhunter,danrolle,1
cynthiamhunter,daves_hart,1
cynthiamhunter,dayo1946,1
cynthiamhunter,dbongino,1
cynthiamhunter,dcexaminer,2
cynthiamhunter,deedyouknowthat,1
cynthiamhunter,deplorablelori,1
cynthiamhunter,devilchasnme,1
cynthiamhunter,dragoon215,1
cynthiamhunter,drdrjojo,3
cynthiamhunter,drudgeheadlines,1
cynthiamhunter,dsparker001,1
cynthiamhunter,dulcimerjames,2
cynthiamhunter,ed_hooley,1
cynthiamhunter,elianayjohnson,1
cynthiamhunter,elisamich0422,1
cynthiamhunter,flame4him,1
cynthiamhunter,floyd_patrick,1
cynthiamhunter,foxandfriends,1
cynthiamhunter,fredwimpy,1
cynthiamhunter,fubaglady,3
cynthiamhunter,gatewaypundit,1
cynthiamhunter,gerfingerpoken,1
cynthiamhunter,gerfingerpoken2,4
cynthiamhunter,gmaslsk,1
cynthiamhunter,gntlman,4
cynthiamhunter,gperky1,1
cynthiamhunter,gsarnoldjr,1
cynthiamhunter,guypbenson,1
cynthiamhunter,hal2012,1
cynthiamhunter,handley_dix,1
cynthiamhunter,healthandcents,3
cynthiamhunter,hectormorenco,1
cynthiamhunter,heliosiamallfa1,1
cynthiamhunter,henricoleman1,1
cynthiamhunter,highazvalley,1
cynthiamhunter,hinesy65,1
cynthiamhunter,horseaunt,1
cynthiamhunter,hrkbenowen,1
cynthiamhunter,hughhewitt,1
cynthiamhunter,immigrant4trump,3
cynthiamhunter,irritatedwoman,2
cynthiamhunter,izzyjsmom,2
cynthiamhunter,jakeak_leywick,2
cynthiamhunter,jaketapper,1
cynthiamhunter,jenilynn1001,1
cynthiamhunter,jimasher,1
cynthiamhunter,jko417,1
cynthiamhunter,joemo23,1
cynthiamhunter,johnpalomino,1
cynthiamhunter,jpm05880,3
cynthiamhunter,jrmadmen,1
cynthiamhunter,jturnershow,1
cynthiamhunter,kachninja,1
cynthiamhunter,kaltkrieger,1
cynthiamhunter,keichri,3
cynthiamhunter,kentwilliam94,1
cynthiamhunter,kimmie0518,1
cynthiamhunter,kimmie99,1
cynthiamhunter,king_sparc,1
cynthiamhunter,lafayette41,1
cynthiamhunter,larryelder,5
cynthiamhunter,lauracarno,2
cynthiamhunter,les_pendleton,1
cynthiamhunter,lgmaterna,1
cynthiamhunter,llindalu,1
cynthiamhunter,loriamontgomery,1
cynthiamhunter,lovusa4,2
cynthiamhunter,magnifier661,1
cynthiamhunter,marian_maio,1
cynthiamhunter,mariasolnevada,2
cynthiamhunter,marilynkj,1
cynthiamhunter,markmasseygca4,1
cynthiamhunter,mattlockeshow,1
cynthiamhunter,michelekirkBPR,1
cynthiamhunter,microAGGRESSlON,1
cynthiamhunter,mikeo159,1
cynthiamhunter,mitchellvii,1
cynthiamhunter,mjohnsonx15,1
cynthiamhunter,mkardos,10
cynthiamhunter,morehouse64,1
cynthiamhunter,mparis46,1
cynthiamhunter,mtgrove,1
cynthiamhunter,mtracey,1
cynthiamhunter,muchmoresalt,1
cynthiamhunter,mundyspeaks,2
cynthiamhunter,mzee26,1
cynthiamhunter,newsbusters,1
cynthiamhunter,nia4_trump,1
cynthiamhunter,nlawson7,1
cynthiamhunter,nrbest,1
cynthiamhunter,nyridgegirl,1
cynthiamhunter,nytimes,1
cynthiamhunter,oracle_ed,1
cynthiamhunter,orangechicken42,1
cynthiamhunter,osi_model13,1
cynthiamhunter,peddoc63,2
cynthiamhunter,petefrt,15
cynthiamhunter,peterthebellhop,1
cynthiamhunter,pnehlen,1
cynthiamhunter,politicat1,1
cynthiamhunter,positive2be1,1
cynthiamhunter,ppppolls,1
cynthiamhunter,prospectia,1
cynthiamhunter,pwtn2015,1
cynthiamhunter,railgirl1952,1
cynthiamhunter,rapidcraft,1
cynthiamhunter,rbtkhn,1
cynthiamhunter,realDonaldTrump,8
cynthiamhunter,realkingrobbo,1
cynthiamhunter,reallyo1,1
cynthiamhunter,redstatetalk,1
cynthiamhunter,renomarky,2
cynthiamhunter,rescuetracker81,1
cynthiamhunter,rmarroe,1
cynthiamhunter,rmccric,1
cynthiamhunter,rsultzba,1
cynthiamhunter,scarlettmadi,2
cynthiamhunter,schotts,2
cynthiamhunter,script_lady,1
cynthiamhunter,sdxyz2,1
cynthiamhunter,seanharshey,1
cynthiamhunter,seanspicer,1
cynthiamhunter,shdtlz,1
cynthiamhunter,shortman5427,1
cynthiamhunter,silenceconsent,1
cynthiamhunter,slava381977,1
cynthiamhunter,sow_with_vision,1
cynthiamhunter,spyguy8080,1
cynthiamhunter,ssullivan315,1
cynthiamhunter,steph93065,2
cynthiamhunter,steve0423,1
cynthiamhunter,surfermom77,1
cynthiamhunter,suthernboy100,1
cynthiamhunter,suzknit,2
cynthiamhunter,suzost,1
cynthiamhunter,tammytabby,1
cynthiamhunter,tanajam,1
cynthiamhunter,tea0704,1
cynthiamhunter,tennisgirl48,1
cynthiamhunter,terriblezdog,1
cynthiamhunter,theglobaluniter,1
cynthiamhunter,thehill,4
cynthiamhunter,theoptionoracle,2
cynthiamhunter,timmeb454,2
cynthiamhunter,tnrockymom,2
cynthiamhunter,torbahax,1
cynthiamhunter,trump2016fan,1
cynthiamhunter,trumpology,1
cynthiamhunter,tteegar,1
cynthiamhunter,usacsmret,1
cynthiamhunter,walta1237,2
cynthiamhunter,weeklystandard,1
cynthiamhunter,whitefishjk,1
cynthiamhunter,who4149,1
cynthiamhunter,wikileaks,1
cynthiamhunter,wolfpsy,1
cynthiamhunter,worldgoneweird,1
cynthiamhunter,wweTheBeast2015,1
cynthiamhunter,xtrabiggg,1
cynthiamhunter,ysBones,1
cynthiamhunter,zachhaller,1
cynthiamhunter,zerohedge,1
daileyjadon,119Days_18JEM,1
daileyjadon,1losthillbilly,1
daileyjadon,ATHEIST_Blessed,2
daileyjadon,AbhishekPrtp,3
daileyjadon,AndyHashtagger,1
daileyjadon,AnnoGalactic,1
daileyjadon,AtomicElbow1,1
daileyjadon,BabyJannyMeow,1
daileyjadon,BigEnuff,1
daileyjadon,BunchesOrWeezy,1
daileyjadon,Carlswall,1
daileyjadon,ComedyCentral,1
daileyjadon,DaileyJadon,2
daileyjadon,Daleyinsanity,2
daileyjadon,DominicValent,7
daileyjadon,Dreamweasel,1
daileyjadon,Dulcelicious15,1
daileyjadon,EricWolfson,1
daileyjadon,GG70882020,1
daileyjadon,Gab1Aldana,1
daileyjadon,Gamiliell,2
daileyjadon,Ghostpimp4ever,1
daileyjadon,Goodluckbeer,1
daileyjadon,GreatWhiteShuck,1
daileyjadon,HassanMoKhan,1
daileyjadon,HellieEdwards,1
daileyjadon,Jarmadillos,1
daileyjadon,Jasper_Fly,5
daileyjadon,JefLeeson,2
daileyjadon,JoshDeMaria,1
daileyjadon,KathieMrr,1
daileyjadon,KeswickPinhead,1
daileyjadon,LLCalrissian,1
daileyjadon,LoLo_OOC,1
daileyjadon,MelvinSRoberts,4
daileyjadon,Michael_Oh2L,1
daileyjadon,Nick_Pettigrew,1
daileyjadon,Obambulator,1
daileyjadon,Pheramuse,1
daileyjadon,SavageKingRob,1
daileyjadon,Shane_Rodenbeck,1
daileyjadon,ShutUpAmanda,2
daileyjadon,Solely_Toya,1
daileyjadon,Sttbs73,1
daileyjadon,SugarGretel,1
daileyjadon,Sweetiepiee,1
daileyjadon,TaraSetmayer,1
daileyjadon,TheFoundingSon,3
daileyjadon,TimKcomic,1
daileyjadon,TuttlePatriarch,1
daileyjadon,Venti_Poet,1
daileyjadon,Z4RT4N,1
daileyjadon,andylevy,1
daileyjadon,chiefplan1,1
daileyjadon,cynthiajones11,1
daileyjadon,ddindy04,1
daileyjadon,eddywaraich91,1
daileyjadon,effiekling,1
daileyjadon,explicitweetz,3
daileyjadon,ginger621853,1
daileyjadon,hashtag_darren,1
daileyjadon,im_srishabh21,3
daileyjadon,kearns_neil,1
daileyjadon,kevin_m_hart,1
daileyjadon,lisa5gk,1
daileyjadon,lyndseybell98,1
daileyjadon,queenofthewo,1
daileyjadon,randilynisin,1
daileyjadon,ringgoldsandra,1
daileyjadon,rmayemsinger,1
daileyjadon,stephencgrant,1
daileyjadon,stephens_pt,1
daileyjadon,sweet_melissa06,1
daileyjadon,tncomedy,1
daileyjadon,voxdotcom,1
daileyjadon,xNICKTAYLORx,1
daileyjadon,zvjezdanpatz,1
damanimiles,2ysur2ysub,1
damanimiles,ACLU,1
damanimiles,Delo_Taylor,1
damanimiles,DonCheadle,1
damanimiles,DrJillStein,2
damanimiles,Frobeus_NS,1
damanimiles,GABBYiSACTiVE,1
damanimiles,Hugojl323,2
damanimiles,JamilSmith,1
damanimiles,JeffersonObama,1
damanimiles,LTrotsky21,1
damanimiles,LatinoInitUSA,1
damanimiles,Lib_Librarian,1
damanimiles,MatthewDiebel,1
damanimiles,MichaelSkolnik,1
damanimiles,MotherJones,1
damanimiles,Mr_ItIsOurDuty,1
damanimiles,MtnMD,1
damanimiles,NewBlackMan,1
damanimiles,PappyKorn,1
damanimiles,Patsy1207,1
damanimiles,PattiaGarder,1
damanimiles,RWTQuotes,1
damanimiles,Racheka1,3
damanimiles,RawStory,2
damanimiles,ReaganWorld,2
damanimiles,ReutersPolitics,1
damanimiles,RippDemUp,1
damanimiles,Shakestweetz,1
damanimiles,SilERabbit,1
damanimiles,SirSheri,1
damanimiles,TalibKweli,1
damanimiles,TheAtlantic,2
damanimiles,TheBaxterBean,2
damanimiles,TheWayWithAnoa,1
damanimiles,TransGriot,2
damanimiles,Tuniekc,1
damanimiles,WeLoveJillStein,1
damanimiles,YAppelbaum,1
damanimiles,baltsunopinion,1
damanimiles,blackpolitics,1
damanimiles,blackvoices,1
damanimiles,blicqer,2
damanimiles,businessinsider,1
damanimiles,conor64,1
damanimiles,conquer_nyc,1
damanimiles,dancingqueenDC,1
damanimiles,docrocktex26,1
damanimiles,drumbeats4peace,2
damanimiles,eilperin,1
damanimiles,em2wice,1
damanimiles,existentialfish,1
damanimiles,frodofied,1
damanimiles,funkflex,1
damanimiles,jimmykimmel,1
damanimiles,jojokejohn,2
damanimiles,kurteichenwald,2
damanimiles,kylegriffin1,1
damanimiles,libphil_,1
damanimiles,limitlesskait,1
damanimiles,marceelias,1
damanimiles,nowthisnews,1
damanimiles,ofafreak,1
damanimiles,ogkeyser,1
damanimiles,onlxn,1
damanimiles,rlocker12,1
damanimiles,thehill,1
damanimiles,wikileaks,1
danageezus,ABitContrary,1
danageezus,ATHEIST_Blessed,1
danageezus,AndyHashtagger,3
danageezus,Beuford2Beuford,1
danageezus,Booth_Prince,4
danageezus,Born_To_DYE,1
danageezus,ChrixMorgan,2
danageezus,CurtisBigMan,1
danageezus,DBFR118,2
danageezus,DaMineralSpirit,1
danageezus,DanielAshley13,1
danageezus,DavidTheNative,1
danageezus,Deadly_Legion,2
danageezus,DimwittedGenius,1
danageezus,DrProfessor756,1
danageezus,Edwardaespinoza,1
danageezus,ElPenguinito,1
danageezus,Emptydata,1
danageezus,FaithPeaceLove2,1
danageezus,FeeBooths,3
danageezus,FlorentIsmaili,1
danageezus,FunnyPantsTV,1
danageezus,GiselleEvns,1
danageezus,Goodluckbeer,1
danageezus,HassanMoKhan,1
danageezus,JamesMorgan92,1
danageezus,KeswickPinhead,2
danageezus,LSUArsenalCorey,1
danageezus,Mr_khenny,1
danageezus,NotRitaHart,1
danageezus,Ogreing,1
danageezus,PotTopicz,1
danageezus,PresidentJeffPJ,1
danageezus,RBLX_livinggame,1
danageezus,Shane_Rodenbeck,1
danageezus,ShoKnowMo,1
danageezus,TGJones_62,1
danageezus,TheScottfather,1
danageezus,XQueenAckermanX,1
danageezus,YukikoAsakura,2
danageezus,ZipperDreams,1
danageezus,butterfenga,1
danageezus,dannyreallife,1
danageezus,darleneturner53,2
danageezus,dexmonte1,1
danageezus,dwttennis,1
danageezus,eddywaraich91,3
danageezus,edward_shore,1
danageezus,googergieger,1
danageezus,jarvok01,1
danageezus,jsegal44236,1
danageezus,kristinaasuee,1
danageezus,kshark001,1
danageezus,kuzco890,1
danageezus,leftyguitar1,1
danageezus,livewbeth,2
danageezus,meditatingdonut,1
danageezus,miteshdesai,1
danageezus,monalisa4068,1
danageezus,neverhipster,2
danageezus,outrageous74,1
danageezus,phoutz,1
danageezus,randilynisin,1
danageezus,screechmonkey,1
danageezus,squatchdiary,1
danageezus,stevennelson899,1
danageezus,stormynights10,3
danageezus,sweet_melissa06,1
danageezus,theconsultant20,1
danageezus,timcogan,1
danageezus,timvicious,1
danageezus,treedoesstandup,1
danageezus,udiseaoficial,1
dannymaslov,SputnikInt,1
dannythehappies,1losthillbilly,1
dannythehappies,3DzD,1
dannythehappies,ATHEIST_Blessed,2
dannythehappies,AbhishekPrtp,1
dannythehappies,ChrixMorgan,2
dannythehappies,DanaGeezus,1
dannythehappies,FiveRights,1
dannythehappies,GeffGefferson1,1
dannythehappies,HassanMoKhan,1
dannythehappies,HillaryClinton,1
dannythehappies,JD_Snapps,1
dannythehappies,LoLo_OOC,1
dannythehappies,MelvinSRoberts,1
dannythehappies,PresidentJeffPJ,1
dannythehappies,SandiBurkhart,1
dannythehappies,SebastianBae,1
dannythehappies,SethGoodtime,1
dannythehappies,Shane_Rodenbeck,2
dannythehappies,Sttbs73,1
dannythehappies,TGJones_62,2
dannythehappies,WHOAwhatthefuck,2
dannythehappies,WhatIsJeopardy,1
dannythehappies,chiefplan1,1
dannythehappies,cutupx2,1
dannythehappies,daacpa,1
dannythehappies,ddindy04,1
dannythehappies,dwttennis,1
dannythehappies,kuzco890,1
dannythehappies,mcspocky,1
dannythehappies,meyer2311,1
dannythehappies,rhonlirob,1
dannythehappies,taradublinrocks,1
dannythehappies,theclobra,2
dannythehappies,therealezway,1
darrell_h_hunt,Darrell_H_Hunt,1
datwisenigga,804StreetMedia,1
datwisenigga,AC360,1
datwisenigga,AP,1
datwisenigga,APPROVEMAN,1
datwisenigga,AdedapoLinda,1
datwisenigga,AjalaTanya,1
datwisenigga,AntonioFrench,1
datwisenigga,BlackWallStUSA,1
datwisenigga,BoogsMalone,4
datwisenigga,ChaelMontgomery,1
datwisenigga,CharlieMBrownX,1
datwisenigga,DrJillStein,1
datwisenigga,DryerBuzz,1
datwisenigga,Essence,1
datwisenigga,For_The_Masses,1
datwisenigga,GypsySyx,1
datwisenigga,HuffPostPol,1
datwisenigga,JamilSmith,1
datwisenigga,MTVNews,1
datwisenigga,Mediaite,1
datwisenigga,MrNegroMilitant,1
datwisenigga,RawStory,1
datwisenigga,RichelleCarey,1
datwisenigga,SHeReAdYeVenTs,1
datwisenigga,TacTKrl,1
datwisenigga,TalibKweli,1
datwisenigga,TheDailyEdge,1
datwisenigga,WhiteHouse,1
datwisenigga,ZekeJMiller,1
datwisenigga,_alyiahlove,1
datwisenigga,a35362,1
datwisenigga,blicqer,2
datwisenigga,cashthischeck,1
datwisenigga,ggreenwald,1
datwisenigga,induct,1
datwisenigga,jbendery,1
datwisenigga,jeneps,1
datwisenigga,jillianivey,1
datwisenigga,kdog0126,1
datwisenigga,kurteichenwald,1
datwisenigga,msjbe20a,1
datwisenigga,rolandsmartin,1
datwisenigga,speakinmytruth,1
datwisenigga,tariqnasheed,1
datwisenigga,tchop__StL,1
datwisenigga,thehill,1
datwisenigga,timkmak,1
datwisenigga,trueblacknews,1
datwisenigga,trueblackpower,1
denn_nikitin,NevskyAlexandr,1
denn_nikitin,a_malahov,1
denn_nikitin,realDonaldTrump,1
denn_nikitin,tina_kandelaki,1
deusxyx,AppSame,1
deusxyx,Callisto1947,1
deusxyx,CounterJihadRp,1
deusxyx,DVATW,1
deusxyx,HaussmannParis,1
deusxyx,ItsAReckoning,1
deusxyx,JohnFromCranber,1
deusxyx,Juliet777777,3
deusxyx,KeepTXTX,1
deusxyx,LindaSuhler,1
deusxyx,MacBethSpeaks,1
deusxyx,Mil0Blake,1
deusxyx,PatriotBlake,1
deusxyx,PatriotPass,1
deusxyx,RichLowry,1
deusxyx,SCTeamTrump,1
deusxyx,WayneDupreeShow,1
deusxyx,WeNeedTrump,1
deusxyx,garydailydrift,1
deusxyx,micafarha,1
deusxyx,noblebarnes87,1
deusxyx,realDonaldTrump,1
deusxyx,steve0423,1
deusxyx,thehill,1
deusxyx,vivelafra,1
devinedevinbr,ChristiChat,1
devinedevinbr,ConstanceQueen8,1
devinedevinbr,CounterJihadUS,1
devinedevinbr,DonaldJTrumpJr,1
devinedevinbr,DrJillStein,1
devinedevinbr,I_AmAmerica,1
devinedevinbr,Juliet777777,1
devinedevinbr,LauraWilsonGal,1
devinedevinbr,LessGovMoreFun,1
devinedevinbr,MABardino,1
devinedevinbr,TodMoore3,1
devinedevinbr,UTHornsRawk,1
devinedevinbr,WayneDupreeShow,1
devinedevinbr,amrightnow,3
devinedevinbr,micafarha,1
devinedevinbr,neverhillary,1
devinedevinbr,noblebarnes87,1
devinedevinbr,realDonaldTrump,2
devinedevinbr,seanhannity,1
dickyirwin,AnitaNelson,1
dickyirwin,BabyJannyMeow,1
dickyirwin,BadRonen,1
dickyirwin,BayoumiMoustafa,1
dickyirwin,Born_To_DYE,1
dickyirwin,CNNPolitics,1
dickyirwin,ChrixMorgan,1
dickyirwin,CinnaHenry,1
dickyirwin,CumuloPhallus,1
dickyirwin,DFinnB,1
dickyirwin,DanaGeezus,1
dickyirwin,Dreamweasel,2
dickyirwin,FightNowAmerica,1
dickyirwin,Gamiliell,1
dickyirwin,GeffGefferson1,2
dickyirwin,GiselleEvns,1
dickyirwin,Goodluckbeer,1
dickyirwin,HeyItsChadAlan,1
dickyirwin,HillaryClinton,2
dickyirwin,JRoInAK,1
dickyirwin,Jarmadillos,1
dickyirwin,JoyAnnReid,1
dickyirwin,KeswickPinhead,1
dickyirwin,LouGeese,1
dickyirwin,Martukin,1
dickyirwin,Mephist0paulus,1
dickyirwin,News_AliBaba,1
dickyirwin,OmnicientIam,1
dickyirwin,OnPirateSat,1
dickyirwin,PresidentJeffPJ,1
dickyirwin,RobotSteve2016,1
dickyirwin,Shane_Rodenbeck,1
dickyirwin,Thor_2000,1
dickyirwin,batshake1,1
dickyirwin,bocavista2016,1
dickyirwin,borforall,1
dickyirwin,chiefplan1,3
dickyirwin,djblack,1
dickyirwin,onlxn,1
dickyirwin,paleblueeyes24,1
dickyirwin,pandamania_121,1
dickyirwin,pattonoswalt,1
dickyirwin,rhonlirob,1
dickyirwin,stormynights10,1
dickyirwin,sweet_melissa06,1
dickyirwin,therealezway,1
dickyirwin,travisj0331,1
dickyirwin,voxdotcom,1
dominicvalent,AnnoGalactic,1
dominicvalent,BookmanDan,1
dominicvalent,Born_To_DYE,1
dominicvalent,ChrixMorgan,2
dominicvalent,CinnaHenry,1
dominicvalent,CulturedRuffian,1
dominicvalent,CumuloPhallus,1
dominicvalent,Dreamweasel,2
dominicvalent,GeffGefferson1,2
dominicvalent,Gentleman_John,1
dominicvalent,GiselleEvns,1
dominicvalent,HassanMoKhan,1
dominicvalent,HeyItsChadAlan,1
dominicvalent,HillaryClinton,2
dominicvalent,HurtsWhenIP23,1
dominicvalent,Jarmadillos,1
dominicvalent,JoyAnnReid,1
dominicvalent,KeshaTedder,1
dominicvalent,KeswickPinhead,1
dominicvalent,KipperNY42,1
dominicvalent,LeeCamp,1
dominicvalent,MMA_Beth,1
dominicvalent,Martukin,1
dominicvalent,NetAdvisor,1
dominicvalent,OmnicientIam,1
dominicvalent,OnPirateSat,2
dominicvalent,PresidentJeffPJ,1
dominicvalent,SemeiMuCasa,1
dominicvalent,Shane_Rodenbeck,2
dominicvalent,Social_Mime,1
dominicvalent,Voycer100,1
dominicvalent,WHOAwhatthefuck,3
dominicvalent,batshake1,1
dominicvalent,bocavista2016,1
dominicvalent,borforall,1
dominicvalent,bryanbehar,1
dominicvalent,charley_ck14,1
dominicvalent,chiefplan1,7
dominicvalent,djblack,1
dominicvalent,kuzco890,1
dominicvalent,lgmaterna,1
dominicvalent,lokikittie,1
dominicvalent,theTonyGee,1
dominicvalent,therealezway,2
dominicvalent,timcogan,1
dominicvalent,truthusmaximus,1
dominicvalent,voxdotcom,1
donnabrivera,0HOUR1___,2
donnabrivera,208actor,1
donnabrivera,2ALAW,2
donnabrivera,4inspiration2,1
donnabrivera,5smooth_stones,1
donnabrivera,623Sis,1
donnabrivera,96bdffa7cb624ef,1
donnabrivera,AJEnglish,1
donnabrivera,ARnews1936,1
donnabrivera,AWAKEALERT,1
donnabrivera,Able_49,1
donnabrivera,ActualFlatticus,1
donnabrivera,AgendaOfEvil,1
donnabrivera,Always_Trump,1
donnabrivera,AmandaLourve,1
donnabrivera,America_1st_,1
donnabrivera,AndreaGaali,1
donnabrivera,AnilNS425,1
donnabrivera,AnonymousGlobo,1
donnabrivera,AnthonyBlunden,1
donnabrivera,AssangeCase,1
donnabrivera,AtheistWWonka,1
donnabrivera,AuditTheMedia,1
donnabrivera,BOlson63475131,1
donnabrivera,BarbMuenchen,1
donnabrivera,BarbaraGarro,1
donnabrivera,BarbaraZaccai,1
donnabrivera,BettyKosegi,1
donnabrivera,Billright50,1
donnabrivera,BlackandBlondeM,1
donnabrivera,BobTolin,1
donnabrivera,BrotherVet,1
donnabrivera,BryanDawsonUSA,1
donnabrivera,ByronYork,1
donnabrivera,CBScheel,1
donnabrivera,CDZ_999,1
donnabrivera,CHANNEL428,1
donnabrivera,CajunKangaroo,1
donnabrivera,CallawayBOT,2
donnabrivera,CarbonDynamics,1
donnabrivera,CassandraRules,1
donnabrivera,Cernovich,3
donnabrivera,ChatRevolve,1
donnabrivera,Chuck7817,1
donnabrivera,Coleah,1
donnabrivera,ConstanceQueen8,1
donnabrivera,Crystal4Trump,1
donnabrivera,DBHnBuckhead,1
donnabrivera,DVATW,1
donnabrivera,DaLuckyOne1,1
donnabrivera,DanScavino,1
donnabrivera,Darkmail752,1
donnabrivera,Darren32895836,1
donnabrivera,DavidBCollum,1
donnabrivera,DavidsInTrouble,1
donnabrivera,DebAlwaystrump,1
donnabrivera,Deir_in_DC,1
donnabrivera,Democrat_4Trump,1
donnabrivera,DeplorableTrain,1
donnabrivera,DiamondandSilk,2
donnabrivera,DivintyMary,1
donnabrivera,DocBrownTF2,1
donnabrivera,Doc_JJK,1
donnabrivera,DonaldJTrumpJr,1
donnabrivera,DonniDeVille,1
donnabrivera,DougDoodles,1
donnabrivera,DrEstella,1
donnabrivera,DrJillStein,2
donnabrivera,Ear2Earf,1
donnabrivera,ElianaBenador,1
donnabrivera,EnterQuotes,2
donnabrivera,FLConserve941,1
donnabrivera,FacMagnaAmerica,1
donnabrivera,Fb1Marissa,2
donnabrivera,FearDept,1
donnabrivera,FluffyDogAttack,1
donnabrivera,FoxBusiness,1
donnabrivera,FoxNews,4
donnabrivera,Franklin_Graham,1
donnabrivera,FreeDavidKing,1
donnabrivera,FreedomChild3,1
donnabrivera,GatorsEite23,1
donnabrivera,GeorgWebb,1
donnabrivera,GerrishLisa,1
donnabrivera,GigiTracyXO,1
donnabrivera,GinaInTheBurg,1
donnabrivera,GrrrGraphics,1
donnabrivera,GwenLCummings,1
donnabrivera,HAGOODMANAUTHOR,1
donnabrivera,HBwriterMike,1
donnabrivera,HRCJailCell,1
donnabrivera,Harlan,1
donnabrivera,HarryRoolaart1,1
donnabrivera,Honest_Hillary,1
donnabrivera,HotlineJosh,1
donnabrivera,IngrahamAngle,2
donnabrivera,Italians4Trump,1
donnabrivera,JOANNAHAFER,1
donnabrivera,JOMainEvent,1
donnabrivera,JSaulie,1
donnabrivera,JackPosobiec,2
donnabrivera,JamesComeyFBI,1
donnabrivera,JamesOKeefeIII,2
donnabrivera,JamesRitch1,1
donnabrivera,JamesS020770,1
donnabrivera,JaredWyand,2
donnabrivera,JavierSorianoNY,1
donnabrivera,JayS2629,2
donnabrivera,Joe_America1776,3
donnabrivera,JohnFromCranber,1
donnabrivera,Johnatsrs1949,1
donnabrivera,JonStall2009,1
donnabrivera,JrcheneyJohn,2
donnabrivera,Juliet777777,3
donnabrivera,Junebug1952,1
donnabrivera,KLSouth,1
donnabrivera,KNP2BP,1
donnabrivera,KQEDarts,1
donnabrivera,KathyShelton_,3
donnabrivera,KatyTurNBC,1
donnabrivera,Kegan05,1
donnabrivera,LGBTrumpQ,1
donnabrivera,LeahR77,2
donnabrivera,LeahRBoss,1
donnabrivera,LeaveEUOfficial,1
donnabrivera,LindaSuhler,5
donnabrivera,LivingOnChi,1
donnabrivera,Long1Mary,1
donnabrivera,LouDobbs,3
donnabrivera,Lrihendry,2
donnabrivera,Lucan07,1
donnabrivera,Lukewearechange,1
donnabrivera,MOVEFORWARDHUGE,1
donnabrivera,MariliCancio,1
donnabrivera,MarkAlliegro,1
donnabrivera,MeatScales,1
donnabrivera,MikaelThalen,1
donnabrivera,MrJ64941706,1
donnabrivera,MrsCannabis,1
donnabrivera,MuskieRA,1
donnabrivera,MyPlace4U,1
donnabrivera,NHLRumors123,1
donnabrivera,NatBornCit,1
donnabrivera,NeilTurner_,2
donnabrivera,NetworksManager,1
donnabrivera,NewsLycaness19,1
donnabrivera,NewtTrump,1
donnabrivera,NolteNC,2
donnabrivera,NonLiberalPAer,1
donnabrivera,NubianAwakening,1
donnabrivera,ObamaMalik,1
donnabrivera,OliMauritania,1
donnabrivera,OpinionOnion7,1
donnabrivera,OurVoicesAR,1
donnabrivera,OuttaBaghdad4Nw,1
donnabrivera,OzzeeLady,1
donnabrivera,PJMedia_com,1
donnabrivera,Patriot_Depot,1
donnabrivera,PhxKen,1
donnabrivera,PoliglotMr,1
donnabrivera,Politic_USA,1
donnabrivera,PositivelyJoan,1
donnabrivera,PrisonPlanet,1
donnabrivera,ProLifeRosary,1
donnabrivera,RT_America,1
donnabrivera,Ranch_Soda,1
donnabrivera,Randy65_17,1
donnabrivera,RealJamesWoods,1
donnabrivera,RealTimBlack,2
donnabrivera,Revelsoffice,1
donnabrivera,Revolution41157,1
donnabrivera,RichardWeaving,1
donnabrivera,RuminateThis2,1
donnabrivera,RyanLizza,1
donnabrivera,SandraTXAS,2
donnabrivera,Sarah__Reynolds,1
donnabrivera,SavvasKarma,1
donnabrivera,SavvyHuman,1
donnabrivera,ScottBaio,1
donnabrivera,ScottPresler,2
donnabrivera,SecularKafir,1
donnabrivera,SheriffClarke,1
donnabrivera,ShogunINTL,1
donnabrivera,ShrinkGov,1
donnabrivera,SmurfBoobs,2
donnabrivera,Soapfangh50,1
donnabrivera,SonofLiberty357,1
donnabrivera,StacyBrewer18,2
donnabrivera,StatesPoll,1
donnabrivera,Stevenwhirsch99,1
donnabrivera,SueCFlorida,1
donnabrivera,TEN_GOP,1
donnabrivera,TeaPainUSA,1
donnabrivera,TeamTrump,5
donnabrivera,TerriMarsh11,2
donnabrivera,TheDailyLedger,1
donnabrivera,TheEconomist,1
donnabrivera,TheLastRefuge2,1
donnabrivera,ThePatriot143,1
donnabrivera,TheRaytedex,1
donnabrivera,TheTrumpTrain,1
donnabrivera,The_NewRight,1
donnabrivera,TheresaMechele,1
donnabrivera,TimRunsHisMouth,2
donnabrivera,TrumpVolume,1
donnabrivera,US_Army_Vet,2
donnabrivera,UnPoliticalPrty,1
donnabrivera,VirginiaInCal,1
donnabrivera,VivaLaAmes,1
donnabrivera,WDFx2EU7,2
donnabrivera,WSJ,1
donnabrivera,WarrenDavidson,1
donnabrivera,WashTimes,1
donnabrivera,WayneDupreeShow,1
donnabrivera,WeNeedTrump,1
donnabrivera,YoungDems4Trump,1
donnabrivera,ZaidJilani,1
donnabrivera,Zanting,1
donnabrivera,alanahoff144,1
donnabrivera,alaskantexanQCT,1
donnabrivera,amborin,1
donnabrivera,amylt7215,1
donnabrivera,ancerrone,1
donnabrivera,asamjulian,1
donnabrivera,azfury,1
donnabrivera,basedmattforney,1
donnabrivera,beesstng,1
donnabrivera,bellapouring1,1
donnabrivera,bfraser747,2
donnabrivera,biglugg77,1
donnabrivera,blaubok,1
donnabrivera,bluelighttv,1
donnabrivera,bushdid411,1
donnabrivera,buzzfunnatic,1
donnabrivera,bydefault,1
donnabrivera,callymavs,1
donnabrivera,carrieksada,1
donnabrivera,chillinginLV,1
donnabrivera,cnnwriter69,1
donnabrivera,codepink,1
donnabrivera,cyvault,1
donnabrivera,dartsebastiani,1
donnabrivera,davidnist,1
donnabrivera,davidsirota,3
donnabrivera,debsellsslc,1
donnabrivera,dmartosko,1
donnabrivera,dougmillsnyt,1
donnabrivera,dovorah001,1
donnabrivera,edwrather,1
donnabrivera,filopura,1
donnabrivera,flappybernie001,2
donnabrivera,garydailydrift,1
donnabrivera,gerfingerpoken,2
donnabrivera,gerfingerpoken2,1
donnabrivera,ggreenwald,1
donnabrivera,grannyshrek,1
donnabrivera,gregory_cerge,1
donnabrivera,grindingdude,1
donnabrivera,gypsypjones,1
donnabrivera,hectormorenco,1
donnabrivera,hokiedokiemike,1
donnabrivera,iAmFreedomMan,1
donnabrivera,ibsharkbait,1
donnabrivera,idawhannadoyou,1
donnabrivera,immigrant4trump,1
donnabrivera,infowars,1
donnabrivera,instapundit,1
donnabrivera,jaketapper,1
donnabrivera,jnsgaw,1
donnabrivera,johfrejz,1
donnabrivera,johns4trump,1
donnabrivera,jonhabart,1
donnabrivera,kadyalexis,1
donnabrivera,kcSnoWhite,1
donnabrivera,kevcirilli,2
donnabrivera,khuxford,1
donnabrivera,kimmie99,1
donnabrivera,latinaafortrump,1
donnabrivera,laudreport,1
donnabrivera,ldbrillante,1
donnabrivera,libertyalliance,1
donnabrivera,lotterypicker,1
donnabrivera,magnifier661,4
donnabrivera,marilynkj,1
donnabrivera,mattersofmind,1
donnabrivera,michellemalkin,1
donnabrivera,michellerj1019,1
donnabrivera,mike_pence,3
donnabrivera,mitchellvii,2
donnabrivera,mmurraypolitics,1
donnabrivera,mommags2579,1
donnabrivera,ms_erika74,1
donnabrivera,mtracey,2
donnabrivera,muchmoresalt,2
donnabrivera,neus2100,1
donnabrivera,nvglenns,1
donnabrivera,patriot_girl_77,1
donnabrivera,petefrt,2
donnabrivera,phil200269,1
donnabrivera,pmicc33,1
donnabrivera,pnehlen,2
donnabrivera,politico,1
donnabrivera,polltakerguy,1
donnabrivera,pzf,1
donnabrivera,realDonaldTrump,7
donnabrivera,realkingrobbo,1
donnabrivera,rev_b_wayne,1
donnabrivera,robertinccnv1,1
donnabrivera,rumpfshaker,1
donnabrivera,saragoldrickrab,1
donnabrivera,scalpatriot,1
donnabrivera,seanspicer,1
donnabrivera,shan34976498,1
donnabrivera,shash1116,1
donnabrivera,sheisartmoney,1
donnabrivera,shmommy11,1
donnabrivera,shushwalshe,1
donnabrivera,siscakid,1
donnabrivera,slava381977,1
donnabrivera,sumarie711,1
donnabrivera,suzost,1
donnabrivera,tammytabby,1
donnabrivera,thehill,2
donnabrivera,topdriverlatz,1
donnabrivera,trscoop,1
donnabrivera,trump2016fan,1
donnabrivera,umpire43,1
donnabrivera,veggie64_leslie,1
donnabrivera,visiontoamerica,1
donnabrivera,wikileaks,1
donnabrivera,xavvypls,2
donnabrivera,xjv12,1
donnielmiller,DominicValent,1
donnielmiller,GeffGefferson1,1
donnielmiller,Harrynotlarry,1
donnielmiller,ReneeCarrollPhx,1
donnielmiller,bunnyhugger75,1
dontshootcom,BernieCrats1,1
dontshootcom,OccupyOakland,1
dontshootcom,UR_Ninja,1
dorothiebell,1Lilybug,1
dorothiebell,1VirtualPixie,1
dorothiebell,22Americanfirst,1
dorothiebell,2ALAW,1
dorothiebell,ABCPolitics,1
dorothiebell,AJDelgado13,1
dorothiebell,ANOMALY1,1
dorothiebell,AbbyMartinM,1
dorothiebell,AgendaOfEvil,1
dorothiebell,AlanNTE,1
dorothiebell,Always_Trump,1
dorothiebell,America4Trump_,1
dorothiebell,America_1st_,3
dorothiebell,Americooligan,1
dorothiebell,AmyMek,1
dorothiebell,AshleyEdam,1
dorothiebell,BAMAPERRY,2
dorothiebell,BHSushi,1
dorothiebell,Babbsgirl2,1
dorothiebell,BaseballHustler,1
dorothiebell,BayShoreIsHome,1
dorothiebell,BeladonnaRogers,1
dorothiebell,BenSasse,2
dorothiebell,Bencjacobs,1
dorothiebell,BenjaminNorton,1
dorothiebell,BigDuhie1955,1
dorothiebell,BigJebBos,1
dorothiebell,BinsackSb,1
dorothiebell,BlazerJoyce,1
dorothiebell,Boazziz,1
dorothiebell,BornToBeGOP,1
dorothiebell,BreakingLibs,1
dorothiebell,BretBaier,1
dorothiebell,BritainFirst,1
dorothiebell,CNN,1
dorothiebell,COSRally,1
dorothiebell,CSteven,1
dorothiebell,CUBASIKASTRONO,1
dorothiebell,Carledavis1967,1
dorothiebell,CarmineZozzora,5
dorothiebell,Carolin17951107,1
dorothiebell,CassandraRules,1
dorothiebell,Chad_59,1
dorothiebell,Chbz_,1
dorothiebell,CheriJacobus,1
dorothiebell,ChooseToBFree,1
dorothiebell,ChrisCorian,1
dorothiebell,ChristiChat,2
dorothiebell,ClownGroovy,1
dorothiebell,ConservVoice,1
dorothiebell,Conservatexian,1
dorothiebell,Cookiemuffen,1
dorothiebell,Coondawg68,1
dorothiebell,CraigMurrayOrg,1
dorothiebell,CraigRBrittain,1
dorothiebell,Cronikeys,1
dorothiebell,CynthiaMHunter,1
dorothiebell,DANEgerus,1
dorothiebell,DBloom451,3
dorothiebell,DRUDGE_REPORT,1
dorothiebell,DVATW,1
dorothiebell,DailyCaller,4
dorothiebell,Darren32895836,1
dorothiebell,Dbargen,1
dorothiebell,DeanSchanzel,1
dorothiebell,Democrat_4Trump,1
dorothiebell,DiaQuery,1
dorothiebell,DianeHauschildt,1
dorothiebell,DineshDSouza,2
dorothiebell,DivineMoments,1
dorothiebell,Dleather25_,1
dorothiebell,Dlw20161950,1
dorothiebell,DocBrownTF2,1
dorothiebell,Don_Finley_,3
dorothiebell,DonaldJTrumpJr,4
dorothiebell,DonaldT4Prez,1
dorothiebell,DrDavidDuke,1
dorothiebell,DrHorseshark,1
dorothiebell,DrMartyFox,1
dorothiebell,DrYaasirSyr,1
dorothiebell,ElianaBenador,1
dorothiebell,ElleLatham,1
dorothiebell,EmileeWaren,2
dorothiebell,EricTrump,1
dorothiebell,EvaGreen69,2
dorothiebell,FightNowAmerica,1
dorothiebell,Fingersflying,2
dorothiebell,FlanaganSiobhan,1
dorothiebell,FoxNews,1
dorothiebell,FoxNewsResearch,1
dorothiebell,GMA,1
dorothiebell,GaetaSusan,1
dorothiebell,GartrellLinda,1
dorothiebell,GaryGazzamk,1
dorothiebell,Gdestefano95,1
dorothiebell,GemMar333,1
dorothiebell,GenGSPatton,1
dorothiebell,GiselleEvns,3
dorothiebell,GolanSh,1
dorothiebell,GoldStarMomTX55,1
dorothiebell,GordonPress,1
dorothiebell,GotKidsNoPeace,1
dorothiebell,GwenLCummings,1
dorothiebell,HAGOODMANAUTHOR,1
dorothiebell,HalleyBorderCol,1
dorothiebell,Harlan,1
dorothiebell,HouTexTrump,1
dorothiebell,I3LACKIRISH,1
dorothiebell,Ian56789,1
dorothiebell,InGodIDoTrust,2
dorothiebell,IngrahamAngle,1
dorothiebell,Irishclover573,1
dorothiebell,Jakersmom1982,1
dorothiebell,JaredWyand,1
dorothiebell,JeanetteJing,1
dorothiebell,JewhadiTM,2
dorothiebell,JoeTurner212,1
dorothiebell,JohnFromCranber,1
dorothiebell,JohnKStahlUSA,2
dorothiebell,Jon2Lundgren,1
dorothiebell,JonathanHoenig,1
dorothiebell,JoshRichards85,1
dorothiebell,Juliet777777,3
dorothiebell,KLSouth,1
dorothiebell,KamVTV,1
dorothiebell,KarenDoe50,1
dorothiebell,KateOH,1
dorothiebell,Keeblerqueen,1
dorothiebell,KellyannePolls,3
dorothiebell,KipAimes,1
dorothiebell,LJSpagnoli,1
dorothiebell,LVNancy,1
dorothiebell,Lagartija_Nix,1
dorothiebell,LaurenJonesGOP,1
dorothiebell,Lawdy_MsClawdy,1
dorothiebell,LeahR77,2
dorothiebell,LeroyLovesUSA,5
dorothiebell,LibertyHacking,1
dorothiebell,LifecoachNV16,1
dorothiebell,LindaSuhler,5
dorothiebell,LogicalCampaign,1
dorothiebell,LouDobbs,3
dorothiebell,Lrihendry,1
dorothiebell,LyleKlich,1
dorothiebell,MARVINBURKY,1
dorothiebell,MJBodary,1
dorothiebell,MONAKatOILS,2
dorothiebell,MOVEFORWARDHUGE,1
dorothiebell,MStuart1970,1
dorothiebell,Mabvs,1
dorothiebell,MacBethSpeaks,1
dorothiebell,MarieMa49685063,1
dorothiebell,Marilynandtwin,1
dorothiebell,MarkDice,1
dorothiebell,MarkSimoneNY,1
dorothiebell,Marr2rrCarr,1
dorothiebell,MarshaBlackburn,1
dorothiebell,MattaAbraham1,1
dorothiebell,MenesesRudy,1
dorothiebell,Miami4Trump,3
dorothiebell,MiceeMouse,1
dorothiebell,MichaelTetrick,1
dorothiebell,MichelleArry,1
dorothiebell,MillieGouveia,1
dorothiebell,MirageRanch,1
dorothiebell,MistralWinds,1
dorothiebell,MorvantCheryl,1
dorothiebell,MurraySentMe,1
dorothiebell,N78CR,1
dorothiebell,NHRAMom,1
dorothiebell,Napoleonlegal,1
dorothiebell,NebulousUnaware,1
dorothiebell,NeilTurner_,1
dorothiebell,NetworksManager,2
dorothiebell,NoQuarter_Given,1
dorothiebell,NoWayGray,1
dorothiebell,NuAgePatriot,1
dorothiebell,Old_Bern_Kenobi,1
dorothiebell,PatDollard,3
dorothiebell,PatVPeters,1
dorothiebell,Pati_Cooper,1
dorothiebell,PatriotGinger,1
dorothiebell,PatriotJewel,2
dorothiebell,Pcjmom,1
dorothiebell,PeckPolitics,1
dorothiebell,Phinatic413,1
dorothiebell,Pjdahling,1
dorothiebell,PlataWOLF3,1
dorothiebell,PolincoNews,1
dorothiebell,PoliticalShort,1
dorothiebell,PollyTickal,1
dorothiebell,Portosj81J,1
dorothiebell,PpollingNumbers,1
dorothiebell,PrisonPlanet,2
dorothiebell,Pudingtane,1
dorothiebell,RWSurferGirl1,1
dorothiebell,RavenHUWolf,1
dorothiebell,ReactionaryTree,1
dorothiebell,RealHeatherRoss,1
dorothiebell,RealJamesWoods,1
dorothiebell,RealNewsTarget,1
dorothiebell,Realtpepper,1
dorothiebell,RedNationRising,2
dorothiebell,ReporterGreen,2
dorothiebell,RickRWells,1
dorothiebell,RitaMarinoni,1
dorothiebell,RoRoscoe,1
dorothiebell,RobertWildiris,1
dorothiebell,Rockprincess818,1
dorothiebell,RosemryS,1
dorothiebell,RynoOnAir,1
dorothiebell,SSE_TV,1
dorothiebell,SandraHartle,1
dorothiebell,SandraTXAS,1
dorothiebell,SardinePundit,1
dorothiebell,SassyPantsjj,1
dorothiebell,SavageNation,4
dorothiebell,Scrufey21,1
dorothiebell,SecularKafir,1
dorothiebell,SonofLiberty357,1
dorothiebell,SpecialKMB1969,1
dorothiebell,Stanley_Cox_,4
dorothiebell,StillNeverTrump,1
dorothiebell,StillUSA1st,1
dorothiebell,StocksAlotTEMP,2
dorothiebell,StopStopHillary,1
dorothiebell,SupportDonald,1
dorothiebell,Suthen_boy,1
dorothiebell,T17R_TEdinger,1
dorothiebell,TEN_GOP,2
dorothiebell,TGowdySC,1
dorothiebell,TRobinsonNewEra,2
dorothiebell,TammieW76139285,1
dorothiebell,TeamCavuto,1
dorothiebell,TeamTrump,6
dorothiebell,TeamTrumpAZ,1
dorothiebell,Techquant,1
dorothiebell,TeriGRight,1
dorothiebell,TheCarCzarsPage,2
dorothiebell,TheDanielMarch,1
dorothiebell,TheDonaldNews,1
dorothiebell,TheLimerickKing,1
dorothiebell,TheNewsTrump,1
dorothiebell,TheRalphRetort,1
dorothiebell,TheTrumpLady,1
dorothiebell,TheUnitedWest,1
dorothiebell,The_Anti_Fox,2
dorothiebell,The_Trump_Train,1
dorothiebell,Thomas1774Paine,1
dorothiebell,Toimatom,1
dorothiebell,TomiLahren,1
dorothiebell,Tomvegas1,1
dorothiebell,TriciaEdwards2,1
dorothiebell,TrumpDynastyUSA,1
dorothiebell,TrumpNewss,1
dorothiebell,TrumpRoyalty,1
dorothiebell,TrumpSuperPAC,1
dorothiebell,Trump_World,1
dorothiebell,TrussElise,1
dorothiebell,USAforTrump2016,2
dorothiebell,Varneyco,1
dorothiebell,VivaLaAmes,1
dorothiebell,VoteTrumpPics,2
dorothiebell,WBVT_98FM,1
dorothiebell,WDFx2EU7,1
dorothiebell,WashTimes,1
dorothiebell,WatchSharia,1
dorothiebell,WayneDupreeShow,1
dorothiebell,WillisShepherd,1
dorothiebell,Women4Trump,1
dorothiebell,YackyDoodleDnDy,1
dorothiebell,YungGwai,1
dorothiebell,_Makada_,1
dorothiebell,_OneNewMan,1
dorothiebell,a3auntie,1
dorothiebell,afezio1952,1
dorothiebell,akawhit1,2
dorothiebell,alanlieb,1
dorothiebell,alaskantexanQCT,1
dorothiebell,amrightnow,1
dorothiebell,andersonDrLJA,1
dorothiebell,andieiamwhoiam,1
dorothiebell,annarose131,1
dorothiebell,asamjulian,2
dorothiebell,assbott,1
dorothiebell,bakrawiec,1
dorothiebell,bcwilliams92,1
dorothiebell,betioserrano,1
dorothiebell,betseyross,2
dorothiebell,billg1963,1
dorothiebell,biy2c,1
dorothiebell,bocake,1
dorothiebell,bocavista2016,2
dorothiebell,brandystokes416,1
dorothiebell,callmecupcake84,1
dorothiebell,ceconomou56,1
dorothiebell,charlescwcooke,1
dorothiebell,chazermann26,1
dorothiebell,clarissamehler,1
dorothiebell,cmdorsey,1
dorothiebell,cocosbentmind,1
dorothiebell,col_nj,1
dorothiebell,commandtech,1
dorothiebell,commonpatriot,2
dorothiebell,conservativegam,1
dorothiebell,cssueta,1
dorothiebell,curtandnan,1
dorothiebell,debsellsslc,1
dorothiebell,denimdavinci,1
dorothiebell,ed_hooley,1
dorothiebell,ellen56421422,1
dorothiebell,emmamac0920,1
dorothiebell,eph4_15,1
dorothiebell,europafreunde,1
dorothiebell,forcerecon430,1
dorothiebell,foxandfriends,1
dorothiebell,fubaglady,1
dorothiebell,gatewaypundit,1
dorothiebell,gentlemanirish,1
dorothiebell,gerfingerpoken,1
dorothiebell,gjathanas,1
dorothiebell,glennwa1,1
dorothiebell,grindingdude,1
dorothiebell,guardian,1
dorothiebell,gynarchyrules,1
dorothiebell,hamptt1,1
dorothiebell,hannahkauthor,1
dorothiebell,healthandcents,2
dorothiebell,hedgemastermb,1
dorothiebell,heifer109,1
dorothiebell,heyits_toby,6
dorothiebell,hokiedokiemike,1
dorothiebell,hulabird1,1
dorothiebell,huntah12,1
dorothiebell,hyddrox,2
dorothiebell,iSheeple1,1
dorothiebell,iSushilPandey,1
dorothiebell,iamtherealbourn,1
dorothiebell,indyhawkins,1
dorothiebell,infanta_lorena,1
dorothiebell,jackbgoode1,1
dorothiebell,jax_superdave,1
dorothiebell,jenilynn1001,1
dorothiebell,jennajameson,1
dorothiebell,jlhb45,1
dorothiebell,joelpollak,1
dorothiebell,jpm05880,1
dorothiebell,jstines3Paints,1
dorothiebell,judy_shwabe,1
dorothiebell,k4storys,1
dorothiebell,ken_dahl,1
dorothiebell,koste_4532,1
dorothiebell,kraig4u,1
dorothiebell,kurteichenwald,1
dorothiebell,kvictoria1103,1
dorothiebell,kwteaparty,1
dorothiebell,larryelder,1
dorothiebell,latinaafortrump,1
dorothiebell,laura_stietz,1
dorothiebell,maddezmom,1
dorothiebell,magnifier661,1
dorothiebell,mama_sees,1
dorothiebell,marilynkj,1
dorothiebell,marypatriott,1
dorothiebell,mattkola1776,1
dorothiebell,michaelkeyes,1
dorothiebell,michelelfrost,1
dorothiebell,mike_pence,4
dorothiebell,minerjp,1
dorothiebell,mitchellvii,2
dorothiebell,natespuewell,1
dorothiebell,nia4_trump,2
dorothiebell,nobamanoway,1
dorothiebell,nobigotry,1
dorothiebell,nofunctionart,1
dorothiebell,nukegirl46,1
dorothiebell,occupycorruptDC,1
dorothiebell,ohbeaulaland,1
dorothiebell,pawpatrol2015,1
dorothiebell,peaceandjoy101,1
dorothiebell,peddoc63,4
dorothiebell,perry1949,1
dorothiebell,phillipcparrish,1
dorothiebell,pjbowles,1
dorothiebell,plummer4,1
dorothiebell,politicsillustr,1
dorothiebell,ppc59,1
dorothiebell,preciousliberty,1
dorothiebell,psychoDman,1
dorothiebell,randydeabay,1
dorothiebell,realDangerClose,1
dorothiebell,realDonaldTrump,11
dorothiebell,redostoneage,1
dorothiebell,retirednbored,1
dorothiebell,rickybobby90210,1
dorothiebell,rockynickydog,1
dorothiebell,roycan79,1
dorothiebell,samjcharles,1
dorothiebell,sandyaschneider,1
dorothiebell,schotts,1
dorothiebell,scottisbell_,1
dorothiebell,seanhannity,1
dorothiebell,shdtlz,1
dorothiebell,skb_sara,1
dorothiebell,sokeijarhead,1
dorothiebell,songbirdcd,1
dorothiebell,southernkimmy,1
dorothiebell,spieckerman,1
dorothiebell,spongeworthy2,1
dorothiebell,startelegram,1
dorothiebell,steingal2,1
dorothiebell,steph93065,2
dorothiebell,sweetatertot2,1
dorothiebell,swruddy,1
dorothiebell,t5monkey,1
dorothiebell,tedcruz,1
dorothiebell,terrymendozer,2
dorothiebell,thebryanhorn,1
dorothiebell,theglobaluniter,1
dorothiebell,true_pundit,1
dorothiebell,ultraconcept,1
dorothiebell,umpire43,1
dorothiebell,usapatriot1781,1
dorothiebell,vmpcott,1
dorothiebell,vpenley,2
dorothiebell,wesearchr,1
dorothiebell,whitewolfdown,1
dorothiebell,wikileaks,3
dorothiebell,wkteenagegop,1
dorothiebell,women4_trump,1
dorothiebell,wraithvenge,1
dorothiebell,wwcummings,1
dorothiebell,yojudenz,1
dorothiebell,zfamilymn,1
drmichaelgarcia,AP,1
drmichaelgarcia,AdamParkhomenko,1
drmichaelgarcia,AlbertHoward360,1
drmichaelgarcia,AmericanIndian8,7
drmichaelgarcia,AndrewTumilty,1
drmichaelgarcia,Are0h,3
drmichaelgarcia,ArthurA_P,1
drmichaelgarcia,AttorneyCrump,1
drmichaelgarcia,BarackObama,1
drmichaelgarcia,BlackAutonomist,2
drmichaelgarcia,BlackJesuscom,1
drmichaelgarcia,BlackjediNow,3
drmichaelgarcia,BlckGirlsMatter,1
drmichaelgarcia,Brasilmagic,1
drmichaelgarcia,BrotherJesse,1
drmichaelgarcia,Burrite,1
drmichaelgarcia,Carl_Dix,1
drmichaelgarcia,ClaudiaStellar,1
drmichaelgarcia,CyborgN8VMari,1
drmichaelgarcia,DaHomieNick,1
drmichaelgarcia,DadCommie,1
drmichaelgarcia,DanteB4u,5
drmichaelgarcia,Darren32895836,1
drmichaelgarcia,DavidAFrench,1
drmichaelgarcia,Delo_Taylor,1
drmichaelgarcia,DonCheadle,2
drmichaelgarcia,Equanimous_1,1
drmichaelgarcia,Eugene_Scott,1
drmichaelgarcia,FemalesForTrump,1
drmichaelgarcia,FeministaJones,1
drmichaelgarcia,FiveThirtyEight,1
drmichaelgarcia,FoxNewsInsider,1
drmichaelgarcia,GrnEyedMandy,1
drmichaelgarcia,HillaryClinton,1
drmichaelgarcia,IanKarmel,1
drmichaelgarcia,Independent,1
drmichaelgarcia,JSavoly,1
drmichaelgarcia,JamilSmith,11
drmichaelgarcia,JoeBriggsEsq,1
drmichaelgarcia,JohnLeguizamo,7
drmichaelgarcia,JoyAnnReid,1
drmichaelgarcia,KB805,1
drmichaelgarcia,KNP2BP,1
drmichaelgarcia,KarenBeishuizen,1
drmichaelgarcia,KendraFrank91,1
drmichaelgarcia,KevinMKruse,1
drmichaelgarcia,KhaledBeydoun,1
drmichaelgarcia,LizHackett,1
drmichaelgarcia,MSignorile,1
drmichaelgarcia,MaxBoot,3
drmichaelgarcia,Mediaite,1
drmichaelgarcia,MedvedSHOW,1
drmichaelgarcia,Milbank,1
drmichaelgarcia,MozellKrips,1
drmichaelgarcia,MrNegroMilitant,1
drmichaelgarcia,MyDaughtersArmy,2
drmichaelgarcia,NBCNews,2
drmichaelgarcia,NaYaKnoMi,8
drmichaelgarcia,Newer_Deal,1
drmichaelgarcia,NinjaEconomics,1
drmichaelgarcia,NiteSteppin,1
drmichaelgarcia,NoMoreTeaForMe,1
drmichaelgarcia,NolanHack,10
drmichaelgarcia,PhilMcCrackin44,1
drmichaelgarcia,Pooky_LoveRebel,1
drmichaelgarcia,RiskReversal,1
drmichaelgarcia,RiskyLiberal,1
drmichaelgarcia,Russian_Starr,1
drmichaelgarcia,SFL4Hillary,1
drmichaelgarcia,SamGriot,1
drmichaelgarcia,SankofaBrown,1
drmichaelgarcia,SerahOke,1
drmichaelgarcia,SethMacFarlane,1
drmichaelgarcia,ShaunKing,3
drmichaelgarcia,SoMetroRadio,1
drmichaelgarcia,SoulistaPhD,1
drmichaelgarcia,StarshipArragon,1
drmichaelgarcia,TEN_GOP,1
drmichaelgarcia,TalibKweli,5
drmichaelgarcia,TheBaxterBean,1
drmichaelgarcia,TheDailyShow,3
drmichaelgarcia,TheJLV,1
drmichaelgarcia,TheMrTruth,1
drmichaelgarcia,TheNewThinker,4
drmichaelgarcia,TheRealYoG,8
drmichaelgarcia,ThomasB00001,1
drmichaelgarcia,TillieEze,1
drmichaelgarcia,TooDistantLover,4
drmichaelgarcia,TrayneshaCole,1
drmichaelgarcia,TrumpNewsDesk,1
drmichaelgarcia,TweetingJam,1
drmichaelgarcia,Vanadia,1
drmichaelgarcia,WORLDSHIPHOP,1
drmichaelgarcia,WeNeedHillary,1
drmichaelgarcia,WesSmith123,8
drmichaelgarcia,YasminYonis,3
drmichaelgarcia,YourAnonNews,1
drmichaelgarcia,ZaibatsuNews,1
drmichaelgarcia,_empressnvdine,1
drmichaelgarcia,activist360,2
drmichaelgarcia,adept2u,9
drmichaelgarcia,ananavarro,3
drmichaelgarcia,anthoknees,1
drmichaelgarcia,aptly_engineerd,1
drmichaelgarcia,b_schaffner,1
drmichaelgarcia,blackrepublican,1
drmichaelgarcia,blicqer,2
drmichaelgarcia,blindmellojelly,3
drmichaelgarcia,bodysculptorokc,2
drmichaelgarcia,brianstelter,1
drmichaelgarcia,chrisrockyoz,1
drmichaelgarcia,crooksandliars,1
drmichaelgarcia,curlyheadRED,1
drmichaelgarcia,davidsirota,1
drmichaelgarcia,debv219,1
drmichaelgarcia,dennishallack,1
drmichaelgarcia,deray,2
drmichaelgarcia,djshiva,1
drmichaelgarcia,drmoore,1
drmichaelgarcia,elizabethforma,1
drmichaelgarcia,emmetoneal,1
drmichaelgarcia,engstromstudios,1
drmichaelgarcia,frankhowell7911,1
drmichaelgarcia,ggreenwald,1
drmichaelgarcia,goudiss,1
drmichaelgarcia,humb1ed_,1
drmichaelgarcia,jaberard,1
drmichaelgarcia,jawillie,4
drmichaelgarcia,jbouie,2
drmichaelgarcia,jeffdrosenberg,1
drmichaelgarcia,jfkeeler,1
drmichaelgarcia,jfreewright,1
drmichaelgarcia,jimmy_dore,1
drmichaelgarcia,jjmccorvey,2
drmichaelgarcia,johnny3Ko,1
drmichaelgarcia,joseiswriting,1
drmichaelgarcia,joshbhaskell,1
drmichaelgarcia,keeganpace_,1
drmichaelgarcia,khanknee,1
drmichaelgarcia,kurteichenwald,2
drmichaelgarcia,kylegriffin1,1
drmichaelgarcia,larryelder,9
drmichaelgarcia,markknoller,1
drmichaelgarcia,mattdpearce,1
drmichaelgarcia,mattyglesias,2
drmichaelgarcia,mdawriter,1
drmichaelgarcia,michaelsderby,1
drmichaelgarcia,mike_pence,1
drmichaelgarcia,mikememphis112,1
drmichaelgarcia,mindyfinn,1
drmichaelgarcia,mitchellvii,1
drmichaelgarcia,morningmoneyben,1
drmichaelgarcia,mrntweet2,1
drmichaelgarcia,mviser,1
drmichaelgarcia,nitram___,1
drmichaelgarcia,nmsaints87124,18
drmichaelgarcia,oldsmartian,1
drmichaelgarcia,oliviafaix,1
drmichaelgarcia,opticspolitics,1
drmichaelgarcia,people,1
drmichaelgarcia,pldanzis,1
drmichaelgarcia,rachelheldevans,1
drmichaelgarcia,randyshort,20
drmichaelgarcia,raymondneil13,1
drmichaelgarcia,resnikoff,1
drmichaelgarcia,richardhine,1
drmichaelgarcia,rick00979,1
drmichaelgarcia,riotwomennn,1
drmichaelgarcia,sallykohn,1
drmichaelgarcia,samswey,1
drmichaelgarcia,sardnas51,1
drmichaelgarcia,sarhoward,1
drmichaelgarcia,scribunda,1
drmichaelgarcia,sheeraf,1
drmichaelgarcia,sinbadbad,6
drmichaelgarcia,sluggahjells,1
drmichaelgarcia,southerntalker,1
drmichaelgarcia,stephan_harper,1
drmichaelgarcia,stopbeingfamous,2
drmichaelgarcia,tariqnasheed,1
drmichaelgarcia,taygogo,1
drmichaelgarcia,theferocity,1
drmichaelgarcia,thehill,2
drmichaelgarcia,tinaissa,1
drmichaelgarcia,tweetsintheME,1
drmichaelgarcia,washingtonpost,1
drmichaelgarcia,weprogressives,1
drmichaelgarcia,wikileaks,2
drmichaelgarcia,wildweezle,1
drmichaelgarcia,xz089y,1
drmichaelgarcia,younggwhite,1
drmichaelgarcia,youngsinick,1
drmichaelgarcia,ytzpaul,1
drmichaelgarcia,zellieimani,1
edmundrjr,BET,1
edmundrjr,Delo_Taylor,1
edmundrjr,MHarrisPerry,1
edmundrjr,POLITICOMag,1
edmundrjr,TheRealNews,1
edmundrjr,limitlesskait,1
edmundrjr,mollycrabapple,1
edmundrjr,rlocker12,2
edmundrjr,thehill,2
edmundrjr,vicenews,1
edmundrjr,wkamaubell,1
eliasbrick,Bakari_Sellers,2
eliasbrick,BishopPMorton,1
eliasbrick,Blackamazon,2
eliasbrick,Blavity,1
eliasbrick,DEMlSLANA,1
eliasbrick,DeeTwoCents,1
eliasbrick,Delo_Taylor,1
eliasbrick,DrReneeObey,1
eliasbrick,FeministaJones,1
eliasbrick,GeauxGabby,1
eliasbrick,GrahamDavidA,1
eliasbrick,IsaacDovere,1
eliasbrick,JamilSmith,2
eliasbrick,JamilahLemieux,1
eliasbrick,JoyAnnReid,2
eliasbrick,KFILE,1
eliasbrick,KingJohnLove,1
eliasbrick,Limerick1914,1
eliasbrick,LippyJimmy,1
eliasbrick,LubbockElitist,1
eliasbrick,MayaSchenwar,1
eliasbrick,MoElleithee,1
eliasbrick,MsPackyetti,1
eliasbrick,NateSilver538,1
eliasbrick,Official_Taiwo,1
eliasbrick,Olivianuzzi,1
eliasbrick,Power106LA,1
eliasbrick,RawStory,2
eliasbrick,Samir077,1
eliasbrick,SantitaJ,1
eliasbrick,ShaunKing,2
eliasbrick,SmithJolisa712,1
eliasbrick,SopanDeb,1
eliasbrick,TalibKweli,2
eliasbrick,ThatRealDani,1
eliasbrick,TheDailyEdge,1
eliasbrick,ThisWeekABC,1
eliasbrick,TomArnold,1
eliasbrick,Toure,1
eliasbrick,TransGriot,1
eliasbrick,VanJones68,1
eliasbrick,WHI_HBCUs,1
eliasbrick,angela_rye,1
eliasbrick,blackvoices,1
eliasbrick,blicqer,4
eliasbrick,bpolitics,1
eliasbrick,brianbeutler,1
eliasbrick,brianstelter,1
eliasbrick,chelseaperetti,1
eliasbrick,dawnporterm,1
eliasbrick,deray,1
eliasbrick,donnabrazile,1
eliasbrick,elonjames,1
eliasbrick,ezraklein,1
eliasbrick,fivefifths,1
eliasbrick,frankthorp,1
eliasbrick,goldietaylor,1
eliasbrick,greghoward88,1
eliasbrick,honegger,1
eliasbrick,jamalhbryant,1
eliasbrick,jayrosen_nyu,1
eliasbrick,jbarro,1
eliasbrick,jbouie,1
eliasbrick,jsavite,1
eliasbrick,mdotbrown,1
eliasbrick,metroadlib,3
eliasbrick,misslisha3,1
eliasbrick,monisismissing,1
eliasbrick,nytimes,1
eliasbrick,oberyhendricks,1
eliasbrick,owillis,5
eliasbrick,politico,1
eliasbrick,poniewozik,2
eliasbrick,ppppolls,1
eliasbrick,rtraister,1
eliasbrick,sacca,1
eliasbrick,secupp,1
eliasbrick,tanzinavega,1
eliasbrick,thehill,1
eliasbrick,theshrillest,1
eliasbrick,trtx84,1
eliasbrick,tyleroakley,1
eliasbrick,wikileaks,1
emileewaren,1001ptUS,1
emileewaren,1VoiceMatters,1
emileewaren,22Americanfirst,1
emileewaren,2ALAW,1
emileewaren,4TruthAndReason,1
emileewaren,62seabee,1
emileewaren,ABC,1
emileewaren,ABC7News,1
emileewaren,ATHEIST_STRONG,1
emileewaren,ActualFlatticus,2
emileewaren,AgendaOfEvil,1
emileewaren,AltStreamMedia,1
emileewaren,AlwaysInAmerica,1
emileewaren,AnnieAngst,1
emileewaren,AnsonJackdrew,1
emileewaren,ArchieOlivers,1
emileewaren,ArcticFox2016,1
emileewaren,AriaWilsonGOP,1
emileewaren,AtlanticCent,1
emileewaren,AuditTheMedia,1
emileewaren,BOlson63475131,1
emileewaren,Bakari_Sellers,1
emileewaren,BarbMuenchen,1
emileewaren,BenHowe,1
emileewaren,Bernie_Facts,1
emileewaren,BestRDSP,1
emileewaren,BigStick2013,1
emileewaren,BlacksWithTrump,1
emileewaren,BryanDawsonUSA,1
emileewaren,Buck_a_Roo,1
emileewaren,CDZ_999,1
emileewaren,CLichovsky,2
emileewaren,CarmineZozzora,1
emileewaren,CatholicsTweet,1
emileewaren,CelesteHerget,1
emileewaren,Cernovich,1
emileewaren,CherokeeBlueTP,1
emileewaren,ChuckRossDC,1
emileewaren,ClrView,1
emileewaren,CoFemale,1
emileewaren,ConstanceQueen8,4
emileewaren,CooknCooks,3
emileewaren,Corporatocrazy,1
emileewaren,Cory_1077,1
emileewaren,Crane_Maiden,1
emileewaren,CzechchickAz,1
emileewaren,DBHnBuckhead,1
emileewaren,DBloom451,2
emileewaren,DCMoshe,1
emileewaren,DMashak,2
emileewaren,DailyCaller,1
emileewaren,DanScavino,2
emileewaren,Daniel_Ohana,1
emileewaren,DarHuddleston,1
emileewaren,DarkNetXX,1
emileewaren,Darren32895836,2
emileewaren,DavidLakhan2014,1
emileewaren,DawnBurt12,1
emileewaren,Dbargen,1
emileewaren,DeanLeh,1
emileewaren,Defeatclinton,1
emileewaren,Delo_Taylor,1
emileewaren,DeplorableAdolf,1
emileewaren,DevinSavageLive,2
emileewaren,DharmaBum77,1
emileewaren,DiamondandSilk,2
emileewaren,DianeWealand1,1
emileewaren,DonaldJTrumpJr,1
emileewaren,DonutShorts,1
emileewaren,DrJillStein,2
emileewaren,DrJimboMac,1
emileewaren,DrMartyFox,1
emileewaren,Ecs555Grier,1
emileewaren,EdwardChelednik,1
emileewaren,EireKav,1
emileewaren,Ellison4DNChair,1
emileewaren,EvolveQuickly,1
emileewaren,FacMagnaAmerica,1
emileewaren,Fb1Marissa,1
emileewaren,FoxNews,7
emileewaren,FrankLuntz,1
emileewaren,FrankieRusso1,2
emileewaren,FrankieTease,1
emileewaren,FreeBeacon,1
emileewaren,GGNJ2000,1
emileewaren,GOPPollAnalyst,1
emileewaren,GPUSyouth,1
emileewaren,GigiTracyXO,1
emileewaren,GreatAmericaPAC,1
emileewaren,GregoryParry1,1
emileewaren,HarryIsaacJr,1
emileewaren,Hockey_Pro_Guru,1
emileewaren,ImIrredeemable,1
emileewaren,InGodIDoTrust,4
emileewaren,IngrahamAngle,2
emileewaren,Italians4Trump,1
emileewaren,JackBPR,1
emileewaren,JamesOKeefeIII,2
emileewaren,JaneDoeCountry,1
emileewaren,JaredWyand,1
emileewaren,JayS2629,1
emileewaren,JeanetteJing,1
emileewaren,JeffSanchezz,1
emileewaren,JessieJaneDuff,1
emileewaren,JoePrich,1
emileewaren,Joe_America1776,1
emileewaren,JohnAlan6,1
emileewaren,JohnFromCranber,1
emileewaren,JohnGab69864771,1
emileewaren,JohnKStahlUSA,2
emileewaren,JordanChariton,3
emileewaren,JrcheneyJohn,2
emileewaren,Juliet777777,1
emileewaren,JunkScience,1
emileewaren,KSL5TV,1
emileewaren,KellyannePolls,1
emileewaren,KimPiper1,2
emileewaren,KitDaniels1776,1
emileewaren,KyleWRowley,1
emileewaren,LMCIII,1
emileewaren,La1N5yKiVG1Mzwf,1
emileewaren,Lagartija_Nix,2
emileewaren,LazyKStafford,1
emileewaren,LeahR77,1
emileewaren,Lg4Lg,1
emileewaren,LibertyIsFTW,1
emileewaren,LibertySeeds,1
emileewaren,LindaSuhler,2
emileewaren,LisaScher,1
emileewaren,Lizzette007,1
emileewaren,Looking4evil,1
emileewaren,LouDobbs,2
emileewaren,Lrihendry,1
emileewaren,LucidHuricane,1
emileewaren,LucyForLiberty,1
emileewaren,Luminaria98,1
emileewaren,MONAKatOILS,1
emileewaren,MarathonerNYC,1
emileewaren,Margee11,1
emileewaren,MarkDice,1
emileewaren,MarkGeistSWP,1
emileewaren,Maryland4Trump,1
emileewaren,Md_Renegade,1
emileewaren,MediaJuggernaut,1
emileewaren,MedianPolitics,1
emileewaren,MeticulousPaul,1
emileewaren,MichaelKayeBook,1
emileewaren,MikeDollins,1
emileewaren,MikePenceVP,2
emileewaren,MonsterBehr,1
emileewaren,MrEdTrain,1
emileewaren,Ms1Scs,1
emileewaren,NMarco331,1
emileewaren,NRodibaugh,1
emileewaren,Nigel_Farage,1
emileewaren,NolteNC,2
emileewaren,OHStillHere,1
emileewaren,OpinionOnion7,1
emileewaren,Paki_Greenland,1
emileewaren,Patriot18D,1
emileewaren,PatriotBlake,3
emileewaren,PatriotByGod,1
emileewaren,Politicmanagerr,1
emileewaren,PoliticsPeach,1
emileewaren,PolitixGal,1
emileewaren,PrisonPlanet,4
emileewaren,ProLifeRosary,1
emileewaren,Project_Veritas,1
emileewaren,RNRMaryland,1
emileewaren,RagnarRockwell,1
emileewaren,Raynard1223,1
emileewaren,RealAlexJones,1
emileewaren,RealJamesWoods,1
emileewaren,RealScottErnst,1
emileewaren,Rellyhappening,1
emileewaren,Rikkirhoten,1
emileewaren,Riverboy15,1
emileewaren,SEC_SAM,1
emileewaren,SPRTG1,1
emileewaren,SamPeiffer,1
emileewaren,ScreamNReaper,1
emileewaren,ShennaFoxMusic,1
emileewaren,SilERabbit,1
emileewaren,SmokeEmSlow,1
emileewaren,StefanMolyneux,1
emileewaren,Steven31015146,1
emileewaren,Stonewall_77,1
emileewaren,StuNeff,1
emileewaren,SupaScoopa_,1
emileewaren,THETXEMBASSY,1
emileewaren,TRUMP_PREZ,1
emileewaren,TalkingWthTammy,1
emileewaren,Tamaralynn212,1
emileewaren,TeamTrump,1
emileewaren,TeamTrumpTeX,1
emileewaren,TellyStern,1
emileewaren,TheDCVince,1
emileewaren,TheGreatFeather,1
emileewaren,TheIJR,1
emileewaren,ThePatriot143,1
emileewaren,TheTrumpLady,1
emileewaren,TheresaMechele,1
emileewaren,Third_Position,2
emileewaren,TraceyM72,1
emileewaren,TrueEO,1
emileewaren,TrumpDynastyUSA,3
emileewaren,TrumpPatriots,1
emileewaren,TrumpVolume,1
emileewaren,Trump_Commander,1
emileewaren,TrumpsGucciGirl,1
emileewaren,TruthFeedNews,1
emileewaren,TweetBrettMac,1
emileewaren,Twititings,2
emileewaren,USATODAY,1
emileewaren,USSANews,1
emileewaren,UnPoliticalPrty,1
emileewaren,Usainflames,1
emileewaren,VesseyKristine,1
emileewaren,Veteran4Trump,1
emileewaren,ViciTrue,1
emileewaren,Vote4JillStein1,1
emileewaren,WDFx2EU7,5
emileewaren,WDFx2EU8,2
emileewaren,WGinetta,1
emileewaren,WISEUpAction,1
emileewaren,WSJPolitics,1
emileewaren,WashTimes,2
emileewaren,WashingtonDCTea,1
emileewaren,WayneDupreeShow,1
emileewaren,WeLoveJillStein,1
emileewaren,WeNeedTrump,1
emileewaren,Weena413,1
emileewaren,WhirlwindWisdom,1
emileewaren,YoungDems4Trump,1
emileewaren,ZaidJilani,1
emileewaren,adamjohnsonNYC,1
emileewaren,advocatingasd,1
emileewaren,america_trump,1
emileewaren,arthur_affect,1
emileewaren,avanconia,1
emileewaren,benitacanova,1
emileewaren,bfraser747,2
emileewaren,bigwill205,1
emileewaren,bluefishja,1
emileewaren,bocavista2016,1
emileewaren,bowhunter_va,1
emileewaren,brenz1,1
emileewaren,bzoet1,1
emileewaren,cabot_phillips,1
emileewaren,carolinagirl217,1
emileewaren,cochinalatina,1
emileewaren,cooluser51,1
emileewaren,cristinalaila1,1
emileewaren,d_seaman,1
emileewaren,datrumpnation1,1
emileewaren,davidradiowntp,1
emileewaren,davidsirota,2
emileewaren,deusXYX,2
emileewaren,disings,1
emileewaren,dmartosko,1
emileewaren,docmorry,1
emileewaren,dwthompson1945,1
emileewaren,ejmichaels74,1
emileewaren,elbori76,1
emileewaren,erinkellyd,6
emileewaren,explorer68841,1
emileewaren,fishinchickga,1
emileewaren,flappybernie001,1
emileewaren,flaunttnualf,1
emileewaren,foxnation,1
emileewaren,gaslightmystery,1
emileewaren,gatewaypundit,1
emileewaren,gehrig38,1
emileewaren,gerfingerpoken,8
emileewaren,gerfingerpoken2,1
emileewaren,grossi_jim,1
emileewaren,halsteadg048,1
emileewaren,hannahkauthor,1
emileewaren,happkendrahappy,1
emileewaren,hedgemastermb,1
emileewaren,heyits_toby,3
emileewaren,iamshunkwugga,1
emileewaren,immigrant4trump,1
emileewaren,islamlie2,1
emileewaren,jackbgoode1,1
emileewaren,jbspharmd,1
emileewaren,jimboazil,1
emileewaren,jimmy_dore,1
emileewaren,jjmrogers01,1
emileewaren,jrheintz,1
emileewaren,jstines3,1
emileewaren,kayleighmcenany,1
emileewaren,kentwilliam94,1
emileewaren,khammaker9,1
emileewaren,kinni00,1
emileewaren,libsnemesis,1
emileewaren,lynnj123,1
emileewaren,magnifier661,2
emileewaren,mama_sees,1
emileewaren,martucci_peter,2
emileewaren,marymac41,1
emileewaren,marypatriott,1
emileewaren,michaeljohns,1
emileewaren,mike_pence,2
emileewaren,mitchellvii,5
emileewaren,moore_patricia,1
emileewaren,mrtrump4potus,1
emileewaren,mrwalsh8,1
emileewaren,mtracey,2
emileewaren,muchmoresalt,1
emileewaren,myGianLuca,1
emileewaren,nathanielbumpo,1
emileewaren,neilinozone,2
emileewaren,nia4_trump,1
emileewaren,oooobear,1
emileewaren,os4185,1
emileewaren,peddoc63,1
emileewaren,pgpfoundation,1
emileewaren,pmicc33,1
emileewaren,proud_america1,1
emileewaren,realDonaldTrump,7
emileewaren,reallyo1,1
emileewaren,rogerkinkaid,1
emileewaren,rsultzba,1
emileewaren,samijs1,1
emileewaren,searchforithaka,1
emileewaren,seca1985,1
emileewaren,shawgerald4,1
emileewaren,srrabon_,1
emileewaren,stopsorosnow,1
emileewaren,sunflowerwsnc,1
emileewaren,swargcoming,1
emileewaren,thehill,2
emileewaren,tjalm,2
emileewaren,toby_dorena,1
emileewaren,tommy_udo,1
emileewaren,trebortwo,1
emileewaren,trumpology,1
emileewaren,tteegar,1
emileewaren,vDonaldTrump,1
emileewaren,wadeharriot,1
emileewaren,watchmennews,1
emileewaren,wendyvoss,1
emileewaren,wesearchr,1
emileewaren,wft2016,1
emileewaren,wikileaks,4
emileewaren,winegirl73,1
emileewaren,xavvypls,1
emileewaren,yankeebrit77,1
emileewaren,zachhaller,1
entatjanamax,APDiploWriter,1
entatjanamax,AnnLinde,1
entatjanamax,FedericaMog,3
entatjanamax,FoxNews,2
entatjanamax,GuardianAus,1
entatjanamax,Haberturk,2
entatjanamax,JohnJHarwood,1
entatjanamax,KremlinRussia_E,1
entatjanamax,LauraTurner_9,1
entatjanamax,NBCNews,1
entatjanamax,POLITICOEurope,1
entatjanamax,RT_com,1
entatjanamax,Reuters,1
entatjanamax,SputnikInt,2
entatjanamax,TheTodayShow,1
entatjanamax,YvesPDB,1
entatjanamax,business,7
entatjanamax,dld_nieuws,1
entatjanamax,dwnews,1
entatjanamax,eunewsit,1
entatjanamax,franceinfo,2
entatjanamax,larsnp,1
entatjanamax,lesoir,1
entatjanamax,realDonaldTrump,6
entatjanamax,sabellosi,1
entatjanamax,sunriseon7,1
entatjanamax,tagesschau,1
entatjanamax,tvn24,1
entatjanamax,vrtderedactie,1
entatjanamax,washingtonpost,1
erofeenkoanton,MaxAbrahms,1
erofeenkoanton,RT_America,3
erofeenkoanton,RT_com,4
erofeenkoanton,SimoneReports,1
erofeenkoanton,TEN_GOP,1
erofeenkoanton,TrumpNewss,2
erofeenkoanton,zertOne,1
errivvvvers,AriMelber,1
errivvvvers,BlackAutonomist,1
errivvvvers,BrotherJesse,1
errivvvvers,BuzzFeedNews,1
errivvvvers,Colorlines,1
errivvvvers,DLTrunnell,1
errivvvvers,DarlingEbony,1
errivvvvers,Delo_Taylor,1
errivvvvers,EWDolan,1
errivvvvers,FilmFatale_NYC,1
errivvvvers,HaroldItz,1
errivvvvers,HollaBlackGirl,1
errivvvvers,Jacquel78403333,1
errivvvvers,Joe_Schmucc,1
errivvvvers,KristenClarkeJD,1
errivvvvers,Latina,1
errivvvvers,MrNegroMilitant,1
errivvvvers,MsElectLadyKim,1
errivvvvers,NaphiSoc,1
errivvvvers,PatrickSvitek,1
errivvvvers,RevoltTV,1
errivvvvers,Salon,1
errivvvvers,SouthernLady328,1
errivvvvers,SusanDanzig219,1
errivvvvers,TheDailyEdge,1
errivvvvers,VOICEOFCHID,1
errivvvvers,WhiteHouse,1
errivvvvers,__BHB__,1
errivvvvers,ajamubaraka,1
errivvvvers,cool_as_heck,1
errivvvvers,dosjuanies,1
errivvvvers,ecshowalter,1
errivvvvers,em2wice,1
errivvvvers,enoughofyall1,1
errivvvvers,ericuman,1
errivvvvers,fawfulfan,1
errivvvvers,frodofied,3
errivvvvers,gabifresh,1
errivvvvers,johnbonazzo,1
errivvvvers,kharyp,1
errivvvvers,kindcutesteve,1
errivvvvers,mitchellvii,1
errivvvvers,msjbe20a,1
errivvvvers,mtcaballero02,1
errivvvvers,peterdaou,1
errivvvvers,riotwomennn,1
errivvvvers,rolandsmartin,1
errivvvvers,saulocolon,1
errivvvvers,tegmark,1
evagreen69,307rcKStar,1
evagreen69,A_M_Perez,1
evagreen69,Always_Trump,1
evagreen69,AppSame,1
evagreen69,BryceMcBitchin,1
evagreen69,CassandraRules,1
evagreen69,DVATW,1
evagreen69,Fingersflying,1
evagreen69,Gab1Aldana,1
evagreen69,Java_penguin,1
evagreen69,JeffSanchezz,1
evagreen69,JohnFromCranber,1
evagreen69,JudeLambertUSA,2
evagreen69,Juliet777777,1
evagreen69,KeepTXTX,1
evagreen69,Khaoz83,1
evagreen69,LeroyLovesUSA,2
evagreen69,MDColangelo,1
evagreen69,MichelleArry,1
evagreen69,PhxKen,1
evagreen69,TheFoundingSon,1
evagreen69,The_Anti_Fox,2
evagreen69,USAforTrump2016,1
evagreen69,WesternWindWes,1
evagreen69,andersonDrLJA,1
evagreen69,col_nj,1
evagreen69,libsnemesis,6
evagreen69,magnifier661,1
evagreen69,mr_clampin,1
evagreen69,realDonaldTrump,1
evagreen69,sow_with_vision,2
evagreen69,steve0423,2
evewebster373,Evagros22,1
evewebster373,MichelleArry,1
evewebster373,heyits_toby,1
fightm_d_b,Colorlines,1
fightm_d_b,Fidelia_Gabor,1
fightm_d_b,JamilSmith,2
fightm_d_b,L4urynKing,1
fightm_d_b,MichaelSteele,1
fightm_d_b,MistaMazeMusic,1
fightm_d_b,MrNegroMilitant,1
fightm_d_b,ShaunKing,1
fightm_d_b,TheDailyEdge,1
fightm_d_b,TransGriot,2
fightm_d_b,UniteUnion,1
fightm_d_b,blicqer,1
fightm_d_b,djolder,1
fightm_d_b,edu_post,1
fightm_d_b,goldengateblond,1
fightm_d_b,kylegriffin1,1
fightm_d_b,madamecain,1
fightm_d_b,samswey,1
fightm_d_b,thehill,1
finley1589,0HOUR1__,1
finley1589,0HOUR1___,2
finley1589,1861_again,5
finley1589,2AFightR,1
finley1589,2ALAW,4
finley1589,547George,9
finley1589,55cmvs,1
finley1589,63red,1
finley1589,74f5c728e7d446d,2
finley1589,888Scott,1
finley1589,AACONS,1
finley1589,ABCLiz,1
finley1589,ABCPolitics,1
finley1589,AG_Conservative,2
finley1589,AHMalcolm,3
finley1589,AIIAmericanGirI,2
finley1589,AOTR_Host,1
finley1589,AbnInfVet,1
finley1589,Acosta,1
finley1589,AgendaOfEvil,1
finley1589,AlRobins2015,1
finley1589,AlexisinNH,1
finley1589,AlwayanAmerican,1
finley1589,Always_Trump,2
finley1589,AlyLovesMovies,1
finley1589,AmericaFirst16,1
finley1589,America_1st_,1
finley1589,AmericanVoterUS,1
finley1589,Angela_Merkel_1,1
finley1589,AnthonyVVeiner,3
finley1589,AppSame,1
finley1589,ArcticFox2016,9
finley1589,Art_Vallejo,1
finley1589,ArtbyAWOHS,1
finley1589,AshleyBellR,1
finley1589,Aslan444,1
finley1589,Augustine25,2
finley1589,AwakeDeborah,1
finley1589,AxialEquatorial,1
finley1589,BZipper,2
finley1589,Babbsgirl2,4
finley1589,Bane1349,5
finley1589,Banks_Todd,1
finley1589,BarbMuenchen,1
finley1589,Bdog99993,1
finley1589,BeladonnaRogers,1
finley1589,Berners4Trump,1
finley1589,Biagio960,1
finley1589,BigMuscleBabe,1
finley1589,BishirDeborah,1
finley1589,BlauesAugeBlond,1
finley1589,BluegrassPundit,2
finley1589,BonnieMadden,1
finley1589,BradleeDean1,2
finley1589,BreitbartNews,2
finley1589,BrookeDatz,1
finley1589,ByronYork,1
finley1589,CBuch64,1
finley1589,CLewandowski_,1
finley1589,CO2HOG,1
finley1589,COWomenForTrump,1
finley1589,CR,3
finley1589,CRNC,2
finley1589,CalFreedomMom,1
finley1589,CannaJack,1
finley1589,CanuckCon,1
finley1589,CapeMayMeg,1
finley1589,CaptTedNorin,2
finley1589,CaptYonah,2
finley1589,CarmineZozzora,3
finley1589,Carolde,1
finley1589,CassandraRules,1
finley1589,Cernovich,3
finley1589,Chairmnoomowmow,1
finley1589,ChatRevolve,1
finley1589,ChooChooseU,1
finley1589,ChrisSnyderFox,1
finley1589,ChristieC733,1
finley1589,ClivetheClubGuy,1
finley1589,ColorMeRed,1
finley1589,ColumbiaBugle,1
finley1589,ConNewsNow,3
finley1589,Conservatexian,9
finley1589,Conservatism_US,1
finley1589,Conservative_VW,1
finley1589,ConstanceQueen8,5
finley1589,ConsvInCali,1
finley1589,CoolChange80,1
finley1589,Coondawg68,1
finley1589,Corporatocrazy,1
finley1589,CrankyGordon,1
finley1589,Crunched4time,1
finley1589,CultureVglante,1
finley1589,DLasater_99362,2
finley1589,DLin71,1
finley1589,DR8801,3
finley1589,DRUDGE_REPORT,4
finley1589,DReaganite,2
finley1589,D_Dextra,1
finley1589,DaGodfather907,1
finley1589,DailyCaller,8
finley1589,Daisy4America,1
finley1589,DanJoseph78,1
finley1589,DanRiehl,2
finley1589,DanScavino,2
finley1589,DannyGrimes5,1
finley1589,Darren32895836,5
finley1589,Davewellwisher,1
finley1589,DavidA7808,1
finley1589,Dbargen,5
finley1589,DeanSchanzel,2
finley1589,DebbraT,1
finley1589,Democrat_4Trump,1
finley1589,DennisMurphy15,3
finley1589,DeplorableFoon,1
finley1589,DeplorableJames,1
finley1589,DeplorableTrain,1
finley1589,DickZucker,1
finley1589,DineshDSouza,2
finley1589,Dinkiedow,1
finley1589,DisabledVetsCPX,1
finley1589,DivineMoments,2
finley1589,Dlw20161950,1
finley1589,DolorosM,1
finley1589,Don_Vito_08,2
finley1589,DonaldJTrumpJr,2
finley1589,Douglasmaher,1
finley1589,DrDavidDuke,1
finley1589,DrMartyFox,2
finley1589,DrewMcKissick,3
finley1589,EasyEarl,2
finley1589,EdMorrissey,1
finley1589,EdWorthy10,1
finley1589,ElectionLawCtr,1
finley1589,ElenaNinj,1
finley1589,ElianaBenador,2
finley1589,ErinLichnovsky,1
finley1589,Evan_McMullin,2
finley1589,FAIRImmigration,1
finley1589,FL4TRUMPDOTCOM,1
finley1589,Federalist46,1
finley1589,FeliciaBGomez,1
finley1589,Filterlbc,1
finley1589,Fioyl,1
finley1589,FirebaughNorman,1
finley1589,Floridaartist1,1
finley1589,FluffyDogAttack,2
finley1589,ForAmerica,1
finley1589,FoundinNV,1
finley1589,FoxBusiness,1
finley1589,FoxNews,2
finley1589,Fr3333dom,1
finley1589,FranCifelli,2
finley1589,FredZeppelin12,1
finley1589,FreeDavidKing,1
finley1589,FreedomChild3,1
finley1589,Freedom_Daily,1
finley1589,GLR3TX,1
finley1589,GOP,2
finley1589,GOPBlackChick,1
finley1589,GOPoversight,1
finley1589,GartrellLinda,2
finley1589,GaryD_Sr,1
finley1589,GideonResnick,1
finley1589,Ginabeans22,1
finley1589,GinyMiranda,2
finley1589,GoldStarMomTX55,1
finley1589,Gop42016,1
finley1589,GopAaron,2
finley1589,GordonPress,1
finley1589,GretchenInOK,1
finley1589,Guruness,1
finley1589,Haggisman57,1
finley1589,HalleyBorderCol,3
finley1589,Hardline_Stance,3
finley1589,Harlan,1
finley1589,HelloHello228,1
finley1589,HillaryClinton,1
finley1589,Honey17011,1
finley1589,HouseCracka,2
finley1589,HumanistReport,1
finley1589,IcemanDaGenius,1
finley1589,ImBryanWhite,1
finley1589,IngrahamAngle,1
finley1589,IsrStreet,1
finley1589,Italians4Trump,2
finley1589,Italiansunshine,1
finley1589,Ivorysnow3567,2
finley1589,JDRucker,3
finley1589,JRGrayThunder,1
finley1589,JackPosobiec,1
finley1589,Jade51453,1
finley1589,JamesMontfort1,1
finley1589,JamesOKeefeIII,1
finley1589,JamesRitch1,1
finley1589,Jamesyontrofsky,2
finley1589,Jami_USA,2
finley1589,JamieW1776,1
finley1589,Janetlarose1,1
finley1589,JaniceTXBlessed,1
finley1589,JaredWyand,4
finley1589,JasonMillerinDC,1
finley1589,JayDub1210,1
finley1589,JaynePenelope,1
finley1589,Jazzijenni06,1
finley1589,JeanetteJing,1
finley1589,JeffreyGriese,1
finley1589,JennJacques,1
finley1589,Jerry3741,1
finley1589,JerryJrFalwell,1
finley1589,JessieJaneDuff,1
finley1589,JimTuscaloosaAl,1
finley1589,Jimbobbarley,1
finley1589,JoanneColombo,1
finley1589,JoeTurner212,1
finley1589,JohnFromCranber,1
finley1589,JohnKStahlUSA,2
finley1589,JohnMor93323884,1
finley1589,JohnNew2015,2
finley1589,John_R_Scott,2
finley1589,Johnny_Petrini,2
finley1589,JosephAGallant,1
finley1589,JudgeMoroz,1
finley1589,JudicialWatch,1
finley1589,JudyBaldasaro,1
finley1589,JulsONright2012,1
finley1589,KLSouth,6
finley1589,KNP2BP,1
finley1589,Kamani1147,1
finley1589,Kasparov63,1
finley1589,KatrinaPierson,1
finley1589,KatyinIndy,1
finley1589,KazmierskiR,1
finley1589,KelemenCari,1
finley1589,KellyannePolls,8
finley1589,KikiMungo,1
finley1589,Kopernicus1967,1
finley1589,Ktywack1,1
finley1589,KurtSchlichter,1
finley1589,LEFTH00K,1
finley1589,LILLYZ720,1
finley1589,LMWhitcomb,1
finley1589,LVNancy,3
finley1589,Lagartija_Nix,1
finley1589,LarrySchweikart,1
finley1589,Larry_in_Ohio,1
finley1589,LauraWalkerKC,1
finley1589,LeahR77,2
finley1589,LeahRBoss,2
finley1589,LessGovMoreFun,1
finley1589,LevinTV,1
finley1589,LindaSuhler,7
finley1589,LisaM_RN,1
finley1589,LogicalCampaign,2
finley1589,Lookinabout,1
finley1589,LouDobbs,4
finley1589,Lrihendry,5
finley1589,MAGA3X,1
finley1589,MONAKatOILS,1
finley1589,MOVEFORWARDHUGE,1
finley1589,MR_PUNJABI,5
finley1589,MangusColorado,1
finley1589,ManiaMaiden,1
finley1589,MarcoGutierrez,1
finley1589,MarkRMatthews,2
finley1589,Mark_Kalet,1
finley1589,MaryPatriotNews,10
finley1589,Mat1025,1
finley1589,MathewSHarrison,4
finley1589,MaydnUSA,1
finley1589,McCarthyKnew,1
finley1589,McCarthythe2nd,1
finley1589,MediaShrink,1
finley1589,Mediaite,1
finley1589,MeekKristy,1
finley1589,MeetThePress,1
finley1589,Miami4Trump,2
finley1589,MichaelBerrySho,1
finley1589,MichaelCBackus,1
finley1589,MichaelCohen212,1
finley1589,MichaelHBlank,1
finley1589,MichelleRempel,1
finley1589,MikePenceVP,4
finley1589,Military4Trump,1
finley1589,MissAmericaPie,1
finley1589,MissLizzyNJ,1
finley1589,MkSpeaksHisMind,2
finley1589,Moparfan74A,1
finley1589,MrEd4011,1
finley1589,MrsESK,1
finley1589,MrsParkington,1
finley1589,MulcahyA,1
finley1589,Muricadad,1
finley1589,MuttSandersBro,1
finley1589,NHRAMom,1
finley1589,NMLarry1,1
finley1589,NMarco331,1
finley1589,NRA,1
finley1589,NRO,2
finley1589,NRSC,1
finley1589,NaimaHazelton,1
finley1589,Napoleonlegal,1
finley1589,NateSilver538,1
finley1589,NaughtyBeyotch,1
finley1589,NetworksManager,2
finley1589,NewSpeakisLies,1
finley1589,NiceGuyTonyP,1
finley1589,Nnedozi,1
finley1589,NolteNC,5
finley1589,NoteyG,1
finley1589,NubianAwakening,2
finley1589,NumbersMuncher,1
finley1589,OCAmericans,1
finley1589,ObamaMalik,1
finley1589,OliMauritania,1
finley1589,Olivianuzzi,1
finley1589,OnlinePatriots,1
finley1589,OpenCarryChris,2
finley1589,PaleoHorse,1
finley1589,Pamela_Moore13,1
finley1589,ParamjitGarewal,1
finley1589,PatDollard,4
finley1589,PatVPeters,5
finley1589,PatriciaBride,1
finley1589,PatriotCELL,2
finley1589,PatriotOfAKind,1
finley1589,PatriotSurge,2
finley1589,Patriotancestry,1
finley1589,PattiSM74,1
finley1589,PeacefulChrist,1
finley1589,PlanetFreeWill,1
finley1589,PolitiBunny,1
finley1589,Portosj81J,1
finley1589,PpollingNumbers,1
finley1589,PresApprentice,1
finley1589,PrisonPlanet,4
finley1589,ProdMichelle,1
finley1589,Pudingtane,1
finley1589,RJMorse13,1
finley1589,RJbulldog,1
finley1589,RNRArkansas,1
finley1589,RNRKentucky,1
finley1589,RNRMaryland,1
finley1589,RONCOULTER,1
finley1589,RRRoxy,1
finley1589,RWSalt,1
finley1589,RacySicilian,6
finley1589,Radioblogger,2
finley1589,RafJacob,1
finley1589,Rambobiggs,1
finley1589,RayAfroweave,1
finley1589,ReaganBattalion,1
finley1589,ReaganWorld,1
finley1589,ReaganiteGOPer,1
finley1589,Reagantonian,2
finley1589,RealAlexJones,1
finley1589,RealDJTrumpTeam,1
finley1589,RealEagleBites,1
finley1589,RealJamesWoods,4
finley1589,RealScottErnst,1
finley1589,RealStrategyFan,1
finley1589,Realjmannarino,1
finley1589,RebekahWorsham,1
finley1589,RedNationRising,2
finley1589,ReignsFreedom,1
finley1589,RepStevenSmith,1
finley1589,RevkahJC,1
finley1589,RichardGrenell,1
finley1589,RickSantorum,1
finley1589,Ricky_Vaughn99,1
finley1589,Right_Not_Wrong,1
finley1589,RitzyBacon2,1
finley1589,Rmhenry1Henry,1
finley1589,RobertJohnDavi,1
finley1589,RobertMCrossley,2
finley1589,Rockprincess818,2
finley1589,RoseD1st,4
finley1589,SEC_SAM,1
finley1589,Safwanmuhammed2,1
finley1589,SaltyBlackBroad,1
finley1589,SamAdamsLPL,1
finley1589,SandraTXAS,2
finley1589,SandySullivan1,1
finley1589,SassyConKatie,1
finley1589,SatireWorks,1
finley1589,ScottBaio,1
finley1589,ScottPresler,1
finley1589,SeaDimon,4
finley1589,SeanNobleAZDC,1
finley1589,SebGorka,1
finley1589,SecularKafir,1
finley1589,Seirra75,4
finley1589,Senor_619,1
finley1589,Serafinos,1
finley1589,SgtPolite,4
finley1589,ShamNaarai,1
finley1589,SheriffClarke,1
finley1589,Shooters_Wife,1
finley1589,SkidWillie,1
finley1589,Sky_Max,4
finley1589,Skycop1,1
finley1589,Smittyshs,1
finley1589,SnafuWorld,1
finley1589,SonnyRaye,1
finley1589,SonofLiberty357,1
finley1589,SooperMexican,1
finley1589,SopanDeb,1
finley1589,SpecialKMB1969,1
finley1589,SperanzaUSA,1
finley1589,SpreadButter,3
finley1589,SquidsLighters,3
finley1589,Sr_Politics,1
finley1589,StacyBrewer18,1
finley1589,StacyDmomof5,1
finley1589,StandUpAnne,2
finley1589,StefanMolyneux,1
finley1589,SteveDeaceShow,1
finley1589,StevePieczenik,1
finley1589,StopHillaryPAC,1
finley1589,StopStopHillary,2
finley1589,Sue_Brown,1
finley1589,SummitOne,1
finley1589,SuperRoadrider,1
finley1589,TDennis17,1
finley1589,TDsVoice,1
finley1589,TEN_GOP,8
finley1589,THETXEMBASSY,1
finley1589,TPInsidr,1
finley1589,TRUMPMOVEMENTUS,1
finley1589,TXGaryM,1
finley1589,Talkmaster,1
finley1589,TallahForTrump,2
finley1589,TaraSetmayer,1
finley1589,TeaPartyNevada,1
finley1589,TeaPartyOrg,3
finley1589,TeamTrump,4
finley1589,TellyStern,1
finley1589,TennConserv,2
finley1589,TeriAnne7201,1
finley1589,ThankYouDonald,1
finley1589,TheDC_Opinion,1
finley1589,TheFoundingSon,2
finley1589,TheIJR,1
finley1589,TheKillerBambi,1
finley1589,TheLastRefuge2,1
finley1589,TheMarkRomano,1
finley1589,ThePatriot143,3
finley1589,TheReaganWay,1
finley1589,TheRickWilson,1
finley1589,TheRightGirl585,1
finley1589,TheTrumpLady,1
finley1589,TheWeiseDame,1
finley1589,The_Trump_Fans,1
finley1589,Thebestnews21,1
finley1589,Thiru_0914,1
finley1589,Thomas1774Paine,2
finley1589,ThomasBernpaine,1
finley1589,TimRunsHisMouth,2
finley1589,Tim_Groseclose,1
finley1589,TimeHasCome1,1
finley1589,Tlore50,1
finley1589,TocRadio,1
finley1589,TonyWalde,1
finley1589,TopPeeks,1
finley1589,ToscaAusten,1
finley1589,TrishIntel,1
finley1589,TrueCOT,5
finley1589,TrumpFever2016,1
finley1589,TrumpNH,1
finley1589,TrumpTowerMVP,1
finley1589,TrumpTrainNewss,1
finley1589,TrumpWeLikeYou,1
finley1589,Trump_Videos,1
finley1589,Trump_World,3
finley1589,Trumptbird,1
finley1589,TuesdayTells,2
finley1589,TwitchyTeam,4
finley1589,USAHipster,1
finley1589,UnitedCitizen01,1
finley1589,UpTheRiverJBPD3,1
finley1589,VRWCTexan,1
finley1589,V_of_Europe,1
finley1589,VacavillesTerry,1
finley1589,VanWagoner,1
finley1589,Vendetta92429,1
finley1589,Vet4trump16,1
finley1589,Veteran4Trump,1
finley1589,VickyBrush,1
finley1589,VioletaCarieles,1
finley1589,VivaLaAmes,1
finley1589,VonniMediaMogul,2
finley1589,VoteTrumpMAGA,1
finley1589,VoteTrumpPics,2
finley1589,WDFx2EU7,3
finley1589,WTFandHolyCrap,1
finley1589,Wackbardsnam,2
finley1589,WashGovernment,1
finley1589,WashTimes,2
finley1589,WashingtonDCTea,1
finley1589,WayneDupreeShow,10
finley1589,WayneRoot,1
finley1589,WeNeedTrump,4
finley1589,WeirdReport,2
finley1589,WesWrob,1
finley1589,WillisShepherd,2
finley1589,WiseBanyanTree,2
finley1589,WoolardLynda,1
finley1589,WorldWideWaco1,1
finley1589,YANKEEFANNO3,2
finley1589,YMaslavi,1
finley1589,YoungDems4Trump,1
finley1589,Yvonne2016MAGA,3
finley1589,_Makada_,1
finley1589,a3auntie,1
finley1589,abc7jeffg,1
finley1589,actlightning,4
finley1589,alanahoff144,1
finley1589,alaskantexanQCT,1
finley1589,alenesopinions,1
finley1589,allegrakirkland,1
finley1589,amandacarpenter,1
finley1589,amentilone,1
finley1589,america_trump,1
finley1589,amrightnow,3
finley1589,andrewvail25,1
finley1589,angelaisms,1
finley1589,anne19brown,1
finley1589,apostlelaurinda,2
finley1589,asamjulian,5
finley1589,astroterf,2
finley1589,azfury,1
finley1589,bakedalaska,1
finley1589,bamasooner1,1
finley1589,basedmattforney,2
finley1589,baselinetom,1
finley1589,bcalvert7755,1
finley1589,bchiarillo,1
finley1589,benshapiro,4
finley1589,bfraser747,8
finley1589,blessed4home,1
finley1589,blondie36621,1
finley1589,bobfox321,9
finley1589,boolouise,6
finley1589,brandondarby,1
finley1589,brithume,2
finley1589,brittfpark,1
finley1589,bstevewhite,1
finley1589,buckyboone27,1
finley1589,bunniesmommy,1
finley1589,burghseyeview,1
finley1589,business,1
finley1589,canjcat,1
finley1589,carrieksada,1
finley1589,cathydit,1
finley1589,cathymv,1
finley1589,chipwoods,1
finley1589,christianlasval,1
finley1589,chuckwoolery,5
finley1589,cjtfarrell,1
finley1589,cjtweetstation,4
finley1589,clanceman65,1
finley1589,clarissamehler,1
finley1589,cmdorsey,1
finley1589,col_nj,2
finley1589,coloradoraven,1
finley1589,conserv_tribune,2
finley1589,creepingsharia,1
finley1589,cristinalaila1,2
finley1589,crosswindlive,1
finley1589,cuemastersuprem,1
finley1589,cultcommoncore,1
finley1589,cupcake4120,3
finley1589,curtandnan,2
finley1589,dakotanina,1
finley1589,dale_bernadette,1
finley1589,danielgullo,1
finley1589,danmericaCNN,1
finley1589,datrumpnation1,1
finley1589,davidf4444,1
finley1589,davidfrum,1
finley1589,davidhazony,1
finley1589,davis1087,1
finley1589,daxtonbrown,1
finley1589,dcexaminer,3
finley1589,dcontroversal,1
finley1589,derekdob,1
finley1589,dfunfer,1
finley1589,dj4k4000,1
finley1589,dmon4ever,1
finley1589,donnadwt4444,1
finley1589,drdrjojo,2
finley1589,dt_ads,1
finley1589,eREM1600,1
finley1589,eavesdropann,2
finley1589,ed_hooley,2
finley1589,edhenry,1
finley1589,eduardo_zorro,1
finley1589,elisamich0422,1
finley1589,exjon,1
finley1589,fairymoon4,1
finley1589,fbc1955,1
finley1589,flatwalk,1
finley1589,foxandfriends,3
finley1589,frankthorp,1
finley1589,fredwimpy,1
finley1589,fretsward,1
finley1589,fubaglady,5
finley1589,gabriellahope_,1
finley1589,gamma_ray239,1
finley1589,garydailydrift,1
finley1589,gerfingerpoken,4
finley1589,gerfingerpoken2,1
finley1589,ggeett37aaa,4
finley1589,gizmoroot,1
finley1589,glenda_burke,1
finley1589,gntlman,8
finley1589,goodguywon3,1
finley1589,grammy620,1
finley1589,greysanatomy112,1
finley1589,gs777gs777,1
finley1589,gynarchyrules,1
finley1589,halsteadg048,1
finley1589,handley_dix,1
finley1589,healthandcents,2
finley1589,heifer109,1
finley1589,hoodsonco,1
finley1589,hrkbenowen,1
finley1589,hrtablaze,3
finley1589,hughhewitt,1
finley1589,iResistAll,1
finley1589,ibsharkbait,1
finley1589,ihatethemedia,1
finley1589,incognito912,1
finley1589,inmatemd,1
finley1589,iowemysoul,2
finley1589,irishspy,1
finley1589,irritatedwoman,1
finley1589,ish10040,1
finley1589,izzyjsmom,1
finley1589,jaazee1,1
finley1589,jackbgoode1,1
finley1589,jackgiangi,1
finley1589,jakersmom,1
finley1589,jamestaranto,2
finley1589,jasoninthehouse,1
finley1589,jcnorfleet2,1
finley1589,jddickson,1
finley1589,jeanniology,1
finley1589,jenncox24,1
finley1589,jerome_corsi,1
finley1589,jessebwatters,1
finley1589,jimasher,1
finley1589,jimlibertarian,1
finley1589,jimmylemons,1
finley1589,jimtstrickland,1
finley1589,jjauthor,1
finley1589,joecarter,1
finley1589,joeinthejeep,1
finley1589,joej2020usa,1
finley1589,johncardillo,1
finley1589,jojoh888,2
finley1589,joshrogin,1
finley1589,joyreaper,1
finley1589,jpm05880,2
finley1589,jpwallis10,1
finley1589,jsrroger,1
finley1589,jtLOL,1
finley1589,keichri,3
finley1589,kenvogel,1
finley1589,kevinseney,1
finley1589,kevkid79,1
finley1589,kincannon_show,2
finley1589,kjmitchellky,1
finley1589,kksheld,1
finley1589,kupajo322,1
finley1589,kylegriffin1,1
finley1589,larryelder,2
finley1589,latinaafortrump,1
finley1589,leeleemunster,5
finley1589,leenpear,1
finley1589,lifeinthered,1
finley1589,livlikurdyn,1
finley1589,lorischovanec,1
finley1589,louie4me,1
finley1589,magnifier661,4
finley1589,manny_ottawa,1
finley1589,marian_maio,1
finley1589,markgburg,1
finley1589,markmobility,2
finley1589,marlowstephens,1
finley1589,mattlockeshow,1
finley1589,mc_morn,1
finley1589,mcglohn,1
finley1589,mckaycoppins,1
finley1589,mcuban,1
finley1589,mdpeace4u2,1
finley1589,mdubowitz,1
finley1589,merittandrews,1
finley1589,michaelharrisdr,1
finley1589,michelle4trump,1
finley1589,michellemalkin,1
finley1589,mickeymyman,1
finley1589,mikandynothem,1
finley1589,mike4193496,1
finley1589,mike_pence,2
finley1589,mikeo159,2
finley1589,minnman47,1
finley1589,mitchellvii,7
finley1589,mkardos,12
finley1589,mkhammer,1
finley1589,moderatetruth,1
finley1589,mojoe4usa,1
finley1589,movement_trump,1
finley1589,mrntweet2,3
finley1589,mtgrove,1
finley1589,mtracey,2
finley1589,mulah1,1
finley1589,mundyspeaks,2
finley1589,mybabysc01,1
finley1589,mychalmassie,1
finley1589,nelsonjgalan,3
finley1589,nia4_trump,3
finley1589,nobamanoway,1
finley1589,nursegurl38,1
finley1589,nvpoki,1
finley1589,occupycorruptDC,1
finley1589,ofccadjust,1
finley1589,pastorbones,1
finley1589,pastormarkburns,1
finley1589,pasupatidasi,1
finley1589,patriotgurrl,1
finley1589,peddoc63,4
finley1589,petefrt,33
finley1589,phil200269,1
finley1589,phillyrich1,1
finley1589,pmbasse,3
finley1589,policy_robot,1
finley1589,politicat1,1
finley1589,politstrip,1
finley1589,preciousliberty,1
finley1589,proudUScatholic,1
finley1589,puppymnkey,1
finley1589,railgirl1952,2
finley1589,ramgonzalez2,1
finley1589,randygdub,1
finley1589,ravishingrusal,1
finley1589,realDonaldTrump,14
finley1589,realkingrobbo,1
finley1589,rebarobinson,1
finley1589,redflagnews,3
finley1589,redostoneage,1
finley1589,rescuetracker81,1
finley1589,resurgent,1
finley1589,riteprices,1
finley1589,romans11732,1
finley1589,roycan79,2
finley1589,sailing2u2,1
finley1589,scalpatriot,1
finley1589,schotts,4
finley1589,scrowder,2
finley1589,sdnzen,2
finley1589,sdxyz2,3
finley1589,seanmdav,2
finley1589,shawgerald4,1
finley1589,shdtlz,2
finley1589,shempenny,1
finley1589,sherihilton1,1
finley1589,shishkebab123,1
finley1589,shortman5427,5
finley1589,shrk111,1
finley1589,signalhz,1
finley1589,skinnypresident,2
finley1589,slava381977,2
finley1589,slone,1
finley1589,sluggoD54,1
finley1589,smod2016,1
finley1589,snakeoiljake,1
finley1589,sow_with_vision,1
finley1589,spradlinok,1
finley1589,steingal2,1
finley1589,stevenj60329854,1
finley1589,sunnyherring1,1
finley1589,supercos7,1
finley1589,surfermom77,1
finley1589,sweetatertot2,2
finley1589,sxdoc,1
finley1589,tammytabby,1
finley1589,tanajam,1
finley1589,tasteofaz,2
finley1589,tedcruz,2
finley1589,tekamah402,1
finley1589,tellthetruuuth,1
finley1589,tfgnews,1
finley1589,theglobaluniter,2
finley1589,thewoman62,1
finley1589,tolovana66,1
finley1589,tpartynews,1
finley1589,transition2017,1
finley1589,true_pundit,1
finley1589,trump2016fan,2
finley1589,trump2021,1
finley1589,trump_uprising,1
finley1589,usacsmret,4
finley1589,usaforyoubruv,1
finley1589,usnews,1
finley1589,varepall,2
finley1589,vivelafra,1
finley1589,w4djt,1
finley1589,wayward_okie,1
finley1589,weaselzippers,1
finley1589,weknowwhatsbest,1
finley1589,wesearchr,1
finley1589,wikileaks,3
finley1589,woodywood143,1
finley1589,wraithvenge,1
finley1589,yogaste,1
finnaglo,AntonioFrench,1
finnaglo,AreYouAfro,2
finnaglo,BEAYAHUS,1
finnaglo,CNNgo,1
finnaglo,DavidCayJ,1
finnaglo,DonCheadle,2
finnaglo,ELLEmagazine,1
finnaglo,Fusion,1
finnaglo,IdekLoyda,1
finnaglo,JonCozart,1
finnaglo,MarkRuffalo,1
finnaglo,MrNegroMilitant,1
finnaglo,PoliticsPeach,1
finnaglo,PrisonReformMvt,1
finnaglo,RawStory,1
finnaglo,RichelleCarey,1
finnaglo,Russian_Starr,1
finnaglo,SpudLovr,1
finnaglo,T_FisherKing,1
finnaglo,TariqToure,1
finnaglo,TheDailyEdge,1
finnaglo,ThisIsAmerica,1
finnaglo,Tuniekc,1
finnaglo,YourAnonNews,1
finnaglo,alexis_levinson,1
finnaglo,blicqer,3
finnaglo,djolder,1
finnaglo,donnabrazile,1
finnaglo,evanasmith,2
finnaglo,feldmaniac,1
finnaglo,frodofied,1
finnaglo,ggreenwald,1
finnaglo,latimes,1
finnaglo,mtaibbi,1
finnaglo,pooter03,1
finnaglo,reneechatcher,1
finnaglo,robertwolf32,1
finnaglo,trueblackpower,1
fischermaria933,tagesschau,1
gab1aldana,ATHEIST_Blessed,1
gab1aldana,AndyHashtagger,1
gab1aldana,AnnoGalactic,1
gab1aldana,BadRonen,1
gab1aldana,ChrixMorgan,2
gab1aldana,CumuloPhallus,1
gab1aldana,DrProfessor756,1
gab1aldana,Dreamweasel,1
gab1aldana,Gamiliell,1
gab1aldana,GeffGefferson1,1
gab1aldana,GiselleEvns,1
gab1aldana,Goodluckbeer,1
gab1aldana,HassanMoKhan,1
gab1aldana,IlikeBIGbuttand,1
gab1aldana,KipperNY42,1
gab1aldana,Longhairleeroy,1
gab1aldana,LouGeese,1
gab1aldana,Mephist0paulus,1
gab1aldana,NasirLeigh,1
gab1aldana,NetAdvisor,1
gab1aldana,RealChrisCutts,1
gab1aldana,RobotSteve2016,1
gab1aldana,SaintGutz,1
gab1aldana,SemeiMuCasa,1
gab1aldana,Shane_Rodenbeck,2
gab1aldana,TTino_boi,1
gab1aldana,TheDailyShow,1
gab1aldana,Thor_2000,1
gab1aldana,WHOAwhatthefuck,1
gab1aldana,borforall,1
gab1aldana,bunnyhugger75,1
gab1aldana,chiefplan1,5
gab1aldana,lgmaterna,1
gab1aldana,paleblueeyes24,1
gab1aldana,republicanbob,1
gab1aldana,rhonlirob,1
gab1aldana,screechmonkey,1
gab1aldana,sftimrf,1
gab1aldana,therealezway,2
gab1aldana,timcogan,1
gab1aldana,travisj0331,1
gab1aldana,voxdotcom,1
gab1aldana,wikileaks,1
gallowayeliana,AntonioFrench,1
gallowayeliana,AzaniaJustice,1
gallowayeliana,ColossILL,1
gallowayeliana,EPWVLaw,1
gallowayeliana,HeideggerFan,1
gallowayeliana,JamilSmith,2
gallowayeliana,MrNegroMilitant,1
gallowayeliana,RawStory,1
gallowayeliana,RichelleCarey,1
gallowayeliana,TransGriot,1
gallowayeliana,Tuniekc,1
gallowayeliana,blackvoices,1
gallowayeliana,blicqer,2
gallowayeliana,djolder,1
gallowayeliana,em2wice,1
gallowayeliana,ggreenwald,1
gallowayeliana,lachlan,1
gallowayeliana,leedsgarcia,1
gallowayeliana,tchop__StL,1
gallowayeliana,thehill,1
gallowayeliana,tressiemcphd,1
garrettsimpson_,1VoiceMatters,2
garrettsimpson_,2016GetOverIt,1
garrettsimpson_,20committee,2
garrettsimpson_,3Quarters2Day,1
garrettsimpson_,4aFreeUSA,1
garrettsimpson_,AG_Conservative,2
garrettsimpson_,AIIAmericanGirI,1
garrettsimpson_,ARnews1936,1
garrettsimpson_,AbnInfVet,5
garrettsimpson_,AmbJohnBolton,1
garrettsimpson_,AmerPatriot1,1
garrettsimpson_,AnnCoulter,1
garrettsimpson_,AnnaZ,1
garrettsimpson_,AppSame,1
garrettsimpson_,AtticusGF,1
garrettsimpson_,BMartinezLive,1
garrettsimpson_,Badbadfox,1
garrettsimpson_,BocaLegend,4
garrettsimpson_,Brand_Allen,1
garrettsimpson_,ByronYork,1
garrettsimpson_,CalvinW57,1
garrettsimpson_,CarmineZozzora,9
garrettsimpson_,CatholicsTweet,1
garrettsimpson_,Cernovich,2
garrettsimpson_,Chairmnoomowmow,1
garrettsimpson_,ChatRevolve,1
garrettsimpson_,ChristiChat,3
garrettsimpson_,ChuckNellis,1
garrettsimpson_,Conservative_VW,1
garrettsimpson_,ConstanceQueen8,2
garrettsimpson_,CooknCooks,1
garrettsimpson_,Cory_1077,1
garrettsimpson_,Craigthepatriot,1
garrettsimpson_,CuomoWatch,1
garrettsimpson_,DLasater_99362,1
garrettsimpson_,DMashak,4
garrettsimpson_,DavidJo52951945,1
garrettsimpson_,DevineDevinBr,1
garrettsimpson_,DixieKoch5,1
garrettsimpson_,DonaldJTrumpJr,1
garrettsimpson_,DorothieBell,1
garrettsimpson_,ElianaBenador,1
garrettsimpson_,EricTrump,1
garrettsimpson_,EvaGreen69,1
garrettsimpson_,FFRNewsNet1,1
garrettsimpson_,FiveRights,1
garrettsimpson_,ForAmerica,1
garrettsimpson_,FoxBusiness,2
garrettsimpson_,FoxNews,4
garrettsimpson_,Frances_D,2
garrettsimpson_,FranklinMan25,1
garrettsimpson_,FreeBeacon,1
garrettsimpson_,FreeDavidKing,3
garrettsimpson_,GDLtothePDX,1
garrettsimpson_,GarrettSimpson_,2
garrettsimpson_,GeneMcVay,1
garrettsimpson_,GetThemOutaHere,1
garrettsimpson_,Golf69er999,1
garrettsimpson_,Gop3rd,1
garrettsimpson_,Honest_Hillary,1
garrettsimpson_,Hunter7Taylor,1
garrettsimpson_,IamyHuckleberry,1
garrettsimpson_,IcarusPundit,1
garrettsimpson_,InGodIDoTrust,8
garrettsimpson_,IranChrist,2
garrettsimpson_,JJohnsonLaw,1
garrettsimpson_,JackPosobiec,1
garrettsimpson_,JacquelinIsBest,4
garrettsimpson_,JasonMillerinDC,2
garrettsimpson_,JeffreyKahunas,1
garrettsimpson_,JessieJaneDuff,2
garrettsimpson_,JohnFromCranber,1
garrettsimpson_,JohnKStahlUSA,2
garrettsimpson_,JudicialWatch,3
garrettsimpson_,JustinRaimondo,1
garrettsimpson_,KNP2BP,1
garrettsimpson_,KamVTV,1
garrettsimpson_,LeahR77,1
garrettsimpson_,LessGovMoreFun,1
garrettsimpson_,LibertyRepublic,1
garrettsimpson_,LindaSuhler,17
garrettsimpson_,LodiSilverado,1
garrettsimpson_,LordKnighticus,1
garrettsimpson_,LouDobbs,4
garrettsimpson_,LucidHurricane_,1
garrettsimpson_,MDidaskalos,1
garrettsimpson_,MONAKatOILS,1
garrettsimpson_,MattMackowiak,1
garrettsimpson_,MattWalshBlog,1
garrettsimpson_,MedianPolitics,6
garrettsimpson_,Micha_Joy,1
garrettsimpson_,MikeMcCroskey,1
garrettsimpson_,MissLizzyNJ,1
garrettsimpson_,MockingJTrump,1
garrettsimpson_,NRA,2
garrettsimpson_,NahBabyNah,1
garrettsimpson_,NeilTurner_,1
garrettsimpson_,NetworksManager,1
garrettsimpson_,NickAPappas,3
garrettsimpson_,NickRiccardi,1
garrettsimpson_,OnMessageForHer,1
garrettsimpson_,PJStrikeForce,2
garrettsimpson_,Patriot18D,1
garrettsimpson_,PatriotBlake,2
garrettsimpson_,Patrioticgirl86,1
garrettsimpson_,Politic2k,1
garrettsimpson_,PoliticalCow,2
garrettsimpson_,PpollingNumbers,1
garrettsimpson_,PrisonPlanet,1
garrettsimpson_,ROCKONDUDE2,1
garrettsimpson_,ReaganBattalion,1
garrettsimpson_,RealJamesWoods,1
garrettsimpson_,RefDemo,1
garrettsimpson_,ReneeofSoCalif,1
garrettsimpson_,RickCanton,1
garrettsimpson_,RobManess,1
garrettsimpson_,Robasimms,1
garrettsimpson_,RotNScoundrel,6
garrettsimpson_,RyJamesG,1
garrettsimpson_,SOFLO_Today,1
garrettsimpson_,SandraTXAS,2
garrettsimpson_,SarahHuckabee,1
garrettsimpson_,SatiricalMuse,1
garrettsimpson_,Scott_Ott,1
garrettsimpson_,SheriffClarke,3
garrettsimpson_,SteveDeaceShow,1
garrettsimpson_,Stevenwhirsch99,1
garrettsimpson_,Stonewall_77,1
garrettsimpson_,TEN_GOP,1
garrettsimpson_,THETXEMBASSY,1
garrettsimpson_,TIMDUKE1959,1
garrettsimpson_,TPPatriots,1
garrettsimpson_,TeamTrump,2
garrettsimpson_,TheMikeYikes,1
garrettsimpson_,ThePatriot143,1
garrettsimpson_,Third_Position,1
garrettsimpson_,Timodc,1
garrettsimpson_,TorstenSjoberg,1
garrettsimpson_,TraciePrice19,1
garrettsimpson_,UGA1970,1
garrettsimpson_,USAforTrump2016,1
garrettsimpson_,ValisWatson,1
garrettsimpson_,Veteran4Trump,2
garrettsimpson_,VoteTrumpPics,3
garrettsimpson_,WayneDupreeShow,2
garrettsimpson_,WordSmithGuy,1
garrettsimpson_,Yellow_B_Road,1
garrettsimpson_,YoungDems4Trump,1
garrettsimpson_,_CFJ_,1
garrettsimpson_,_Drew_McCoy_,1
garrettsimpson_,_NickLuna_,2
garrettsimpson_,_kim37,1
garrettsimpson_,adagioforstring,1
garrettsimpson_,akawhit1,1
garrettsimpson_,atensnut,1
garrettsimpson_,avanconia,2
garrettsimpson_,baseballcrank,1
garrettsimpson_,bfraser747,2
garrettsimpson_,brianerbland,1
garrettsimpson_,bushhog1953,1
garrettsimpson_,carolinagirl63,2
garrettsimpson_,carrieksada,1
garrettsimpson_,charliekirk11,2
garrettsimpson_,chickfromchic,1
garrettsimpson_,chuckwoolery,3
garrettsimpson_,cnoble38,1
garrettsimpson_,crosswindlive,6
garrettsimpson_,cvpayne,1
garrettsimpson_,danquasch,1
garrettsimpson_,darrelralph_DDR,1
garrettsimpson_,debateupdate,1
garrettsimpson_,debsellsslc,1
garrettsimpson_,derektmuller,1
garrettsimpson_,diana_west_,1
garrettsimpson_,drewwyatt,1
garrettsimpson_,floridaguy267,1
garrettsimpson_,francisdominicu,1
garrettsimpson_,gerfingerpoken,3
garrettsimpson_,glee59,1
garrettsimpson_,glennyork,1
garrettsimpson_,granny55girl,1
garrettsimpson_,guntrust,5
garrettsimpson_,harambetch,1
garrettsimpson_,heatherwilhelm,1
garrettsimpson_,hrtablaze,1
garrettsimpson_,iowahawkblog,1
garrettsimpson_,irkjain,1
garrettsimpson_,jenilynn1001,1
garrettsimpson_,jko417,1
garrettsimpson_,jstines3,3
garrettsimpson_,kachninja,1
garrettsimpson_,keichri,1
garrettsimpson_,landofmind1,1
garrettsimpson_,lesstaxingcpa,1
garrettsimpson_,luisaponteortiz,1
garrettsimpson_,lybr3,1
garrettsimpson_,magnifier661,2
garrettsimpson_,marklevinshow,1
garrettsimpson_,mepperganfortas,1
garrettsimpson_,mike_pence,3
garrettsimpson_,mitchellvii,1
garrettsimpson_,nia4_trump,1
garrettsimpson_,p_atira,1
garrettsimpson_,partystraws,1
garrettsimpson_,patcondell,1
garrettsimpson_,patrick_hostis,1
garrettsimpson_,pawpagerald12,1
garrettsimpson_,petefrt,1
garrettsimpson_,phillyrich1,1
garrettsimpson_,piersmorgan,1
garrettsimpson_,politico,1
garrettsimpson_,realAngeloGomez,1
garrettsimpson_,realDonaldTrump,5
garrettsimpson_,realkingrobbo,1
garrettsimpson_,scottisbell_,1
garrettsimpson_,shash1116,1
garrettsimpson_,shishkebab123,1
garrettsimpson_,sitandtwit,1
garrettsimpson_,skoczela,1
garrettsimpson_,smitty_one_each,2
garrettsimpson_,steph93065,2
garrettsimpson_,stephenstephan,2
garrettsimpson_,thomaskaplan,1
garrettsimpson_,tjemery1,1
garrettsimpson_,transition2017,1
garrettsimpson_,true_pundit,1
garrettsimpson_,trumpiowa,3
garrettsimpson_,trumpology,1
garrettsimpson_,vfx_dude,1
garrettsimpson_,w0tn0t,1
garrettsimpson_,whatdiffernece,1
garrettsimpson_,wikileaks,1
garrettsimpson_,winegirl73,2
garrettsimpson_,yesnicksearcy,1
gffgfsfgfsdffjj,RomaAcorn,1
gffgfsfgfsdffjj,a_malahov,1
gffgfsfgfsdffjj,realDonaldTrump,1
gffgfsfgfsdffjj,tina_kandelaki,1
giselleevns,4everKnighttt,1
giselleevns,72Conti,1
giselleevns,ATHEIST_Blessed,1
giselleevns,AWoodsWrites,1
giselleevns,AdelG9,1
giselleevns,AlfonZoRachel,1
giselleevns,Amiewriter,1
giselleevns,AndyHashtagger,8
giselleevns,AtomicElbow1,2
giselleevns,AuntiegraceG,1
giselleevns,AwkwardlyReeRee,1
giselleevns,BBT_333,1
giselleevns,BardleyRex,1
giselleevns,BigEnuff,1
giselleevns,Booth_Prince,9
giselleevns,BornNot2Know,1
giselleevns,Born_To_DYE,1
giselleevns,BringerOfRain88,1
giselleevns,CMooreHere,1
giselleevns,CSwifeLKmom,1
giselleevns,CanadaAgainst,1
giselleevns,CaptainFindhorn,1
giselleevns,CasanovasTool,1
giselleevns,CassieWeltch,3
giselleevns,CestLaScordia,1
giselleevns,ChrixMorgan,10
giselleevns,ConradClaviger,1
giselleevns,CooterMr,1
giselleevns,CriminalSuiter,1
giselleevns,CurtCBryant,1
giselleevns,CurtisBigMan,2
giselleevns,DALLASNITES,1
giselleevns,DBFR118,1
giselleevns,DShrensky,1
giselleevns,D__Joanne,1
giselleevns,DaileyJadon,15
giselleevns,Daleyinsanity,1
giselleevns,DanaGeezus,8
giselleevns,DavidTheNative,2
giselleevns,DeVon_FNMfan2K8,1
giselleevns,DimwittedGenius,1
giselleevns,DoMenMatter,1
giselleevns,DonnieLMiller,1
giselleevns,DrEricBruin,1
giselleevns,DrProfessor756,1
giselleevns,Dreamweasel,5
giselleevns,Edwardaespinoza,2
giselleevns,ElPenguinito,1
giselleevns,ElianLindsey,1
giselleevns,ElleLatham,1
giselleevns,Emptydata,1
giselleevns,EricaRutter,1
giselleevns,ErinRHazel,1
giselleevns,FaithPeaceLove2,2
giselleevns,FeeBooths,6
giselleevns,FiveRights,1
giselleevns,Freddiemaize,2
giselleevns,Gab1Aldana,2
giselleevns,Gentleman_John,1
giselleevns,GiselleEvns,76
giselleevns,GoingLewis,1
giselleevns,Goodluckbeer,1
giselleevns,GulliverGooch,1
giselleevns,HassanMoKhan,5
giselleevns,HereIs_Kev,1
giselleevns,Hi7ar_Pe7ar,1
giselleevns,HurtsWhenIP23,1
giselleevns,HydroTech12,1
giselleevns,ItsMeMandiC,1
giselleevns,JD_Snapps,1
giselleevns,JamesMorgan92,3
giselleevns,Jasper_Fly,6
giselleevns,JeanetteDBolden,1
giselleevns,JennaroV,1
giselleevns,JoeLudoviK,1
giselleevns,JonnieConcrete,1
giselleevns,JoshDeMaria,1
giselleevns,JunkyWithAMonkE,1
giselleevns,KathieMrr,1
giselleevns,KenCannone,2
giselleevns,KerryWaysman,1
giselleevns,KeswickPinhead,3
giselleevns,LSUArsenalCorey,1
giselleevns,LionMcHeartson,1
giselleevns,LoraGreeen,1
giselleevns,LuisPullsOut,1
giselleevns,MCGlamorazzi,1
giselleevns,MLCzone,1
giselleevns,Madi_Hitt97,1
giselleevns,MelvinSRoberts,7
giselleevns,MichaelAlliman,1
giselleevns,Michael_Oh2L,1
giselleevns,Mr_khenny,1
giselleevns,N4BWR,1
giselleevns,NASCARSuperman,1
giselleevns,NoEinLonardo,1
giselleevns,NotRitaHart,9
giselleevns,NrouteHQ,1
giselleevns,Obambulator,1
giselleevns,Ogreing,1
giselleevns,OmnicientIam,1
giselleevns,PepeSupremist,1
giselleevns,PhantomNuts,1
giselleevns,PotTopicz,1
giselleevns,PresidentJeffPJ,1
giselleevns,QueerComedy,1
giselleevns,Ramrobhill,1
giselleevns,RandomEd787,1
giselleevns,Ri_Zo_,1
giselleevns,RobertOmegaDoom,1
giselleevns,Rushs_Dad,1
giselleevns,SemeiMuCasa,2
giselleevns,Shane_Rodenbeck,4
giselleevns,Shaughn_A,1
giselleevns,SishirChetri,1
giselleevns,SitDamnYou,1
giselleevns,Solely_Toya,1
giselleevns,SonnyUndercover,1
giselleevns,StevenEveral,1
giselleevns,TGJones_62,2
giselleevns,THEManOf_Steel_,1
giselleevns,TheBabyHolloway,1
giselleevns,TheBlakkSamurai,1
giselleevns,TheFoundingSon,3
giselleevns,TheGaMerOreo,1
giselleevns,ThisSideOp,1
giselleevns,Thor_2000,2
giselleevns,TonyStarksssss,1
giselleevns,TriumphantTruth,1
giselleevns,TrumpWeiners4,1
giselleevns,Trump_ette2016,2
giselleevns,WorkWithKirk,1
giselleevns,WorldOfHashtags,1
giselleevns,WriteAwayEurope,1
giselleevns,XQueenAckermanX,1
giselleevns,alexand91127300,1
giselleevns,alexypkeaton,1
giselleevns,andreidanpop,1
giselleevns,antic5,1
giselleevns,ashriel5,1
giselleevns,bazedinburgh82,1
giselleevns,bbrewerstandup,1
giselleevns,biff1414,1
giselleevns,bkacat,1
giselleevns,chaoticbeautykj,1
giselleevns,chenning81,1
giselleevns,chico_for,1
giselleevns,coolcalmron,1
giselleevns,cooldork7,1
giselleevns,craigoOZ,1
giselleevns,dannythehappies,1
giselleevns,darleneturner53,2
giselleevns,deathofcivility,1
giselleevns,deinestrassen,1
giselleevns,dexmonte1,1
giselleevns,don_haworth,2
giselleevns,dtgriffith,1
giselleevns,dwttennis,1
giselleevns,eddywaraich91,4
giselleevns,edward_shore,3
giselleevns,emilia_writer,1
giselleevns,futuremorrison,1
giselleevns,fzero2245,1
giselleevns,genesis6090,1
giselleevns,geoffclark37,1
giselleevns,gigitalley,1
giselleevns,gnchicken,1
giselleevns,googergieger,6
giselleevns,hashtag_darren,1
giselleevns,iLSmittyJ,1
giselleevns,im_srishabh21,2
giselleevns,jarvok01,1
giselleevns,jayblackcomedy,1
giselleevns,jaylsisak,1
giselleevns,josephtgood,1
giselleevns,kauffeemann,2
giselleevns,kevinwxgg,2
giselleevns,kielbasanova,1
giselleevns,kshark001,1
giselleevns,latoyajackson,1
giselleevns,livewbeth,1
giselleevns,luvstern1,1
giselleevns,mark7130,1
giselleevns,marknmnlynch,1
giselleevns,marktsstarr,1
giselleevns,mickel196749,1
giselleevns,mikeconners730,1
giselleevns,monalisa4068,1
giselleevns,mr_clampin,2
giselleevns,mrd125,3
giselleevns,muddywolfking,1
giselleevns,neverhipster,2
giselleevns,nikhammik,1
giselleevns,p2j303,2
giselleevns,pashov_atanas,1
giselleevns,pdiddy71,1
giselleevns,phoutz,1
giselleevns,pkellyshock,1
giselleevns,pureDavie,4
giselleevns,pyrosplayhouse,1
giselleevns,queenofthewo,6
giselleevns,randilynisin,1
giselleevns,realJackHu,1
giselleevns,realdaveshelton,2
giselleevns,republicanbob,1
giselleevns,rhonlirob,1
giselleevns,rikroku,1
giselleevns,ringgoldsandra,1
giselleevns,roseofraychel,1
giselleevns,scaglioned,1
giselleevns,schofey27,1
giselleevns,silverdoe2,1
giselleevns,sparklefade89,1
giselleevns,squatchdiary,1
giselleevns,steve_d24,1
giselleevns,stormynights10,4
giselleevns,sunkisseeddd,2
giselleevns,tacoeater,2
giselleevns,tbchicago1,1
giselleevns,thoughtfloss,1
giselleevns,timvicious,1
giselleevns,travisj0331,1
giselleevns,treedoesstandup,2
giselleevns,truthusmaximus,1
giselleevns,tyarrum77,1
giselleevns,umussbekidding,1
giselleevns,visionnairasoc,1
giselleevns,waba4,1
giselleevns,weird4,2
giselleevns,wendymncees143,1
giselleevns,willd013,1
giselleevns,xNICKTAYLORx,1
giselleevns,x_princesscrime,1
glebnikon,IntheNow_tweet,1
glebnikon,RT_America,5
glebnikon,RT_com,3
glebnikon,SputnikInt,1
glebnikon,narod_detektiv,1
gloed_up,0_Canada,1
gloed_up,3ChicsPolitico,1
gloed_up,98Mvv,1
gloed_up,BlackToLive,1
gloed_up,BleepThePolice,10
gloed_up,Bruhmanfrmthe5,1
gloed_up,COSADEL,1
gloed_up,CallMeSpits,1
gloed_up,ChrystaGal,2
gloed_up,CubicVacuum,1
gloed_up,D_Rod91,1
gloed_up,DarthKudo,1
gloed_up,HeatherMatarazz,1
gloed_up,HotepOsc,1
gloed_up,JasonHensel,1
gloed_up,Johnsalazar09,1
gloed_up,Justis4u,2
gloed_up,No1_Gheaz,1
gloed_up,NolanHack,1
gloed_up,OnStolenSOIL,1
gloed_up,QueenBee_71,2
gloed_up,SPOOKYKEVlN,1
gloed_up,Salsassin,1
gloed_up,Sorceress_ofSV,1
gloed_up,Tee_White24,1
gloed_up,TheFoundingSon,2
gloed_up,Tommyguns_____,1
gloed_up,TrayneshaCole,11
gloed_up,Trill_Kontrol,1
gloed_up,Whiteegiiirl,1
gloed_up,YallJustDontKno,1
gloed_up,_bajan_,1
gloed_up,alfonsopinate,1
gloed_up,avenueworld,1
gloed_up,brodouche,1
gloed_up,catherinemario2,1
gloed_up,dreadheadhil,1
gloed_up,es_snipes,1
gloed_up,ethan_t0,1
gloed_up,ginestracey,8
gloed_up,gloed_up,56
gloed_up,iinsure,1
gloed_up,imassah,1
gloed_up,immigrantdoll,1
gloed_up,jannie_aminata,1
gloed_up,juniorsassyrule,1
gloed_up,justinaireland,1
gloed_up,keidekay,1
gloed_up,lisasuzannethom,1
gloed_up,ljvthelion20,1
gloed_up,misstea10,1
gloed_up,nicholas_cindi,1
gloed_up,phantomemuno,1
gloed_up,realDenaldTrump,1
gloed_up,senorasantos,1
gloed_up,suhr_thing,1
gloed_up,thatlilbaldie,1
gloed_up,thefrappemafia,1
gloed_up,vickieclayb,2
gorelkinnn,realDonaldTrump,1
gvardeykalena,KerryPicket,1
gvardeykalena,RT_America,1
gvardeykalena,RT_com,4
gvardeykalena,Russ_Warrior,1
gvardeykalena,TrumpD2016,2
gvardeykalena,realDonaldTrump,1
gvardeykalena,zertOne,1
gwennythot,AceMackMW,1
gwennythot,AmericanIndian8,1
gwennythot,AskCheyB,1
gwennythot,BlackNLA,1
gwennythot,BlazeBerner,1
gwennythot,BlogLiberally,1
gwennythot,CharlesMBlow,1
gwennythot,DJ_Scooby,1
gwennythot,DonCheadle,1
gwennythot,GABBYiSACTiVE,1
gwennythot,GeneralNikkiX,1
gwennythot,HallieJackson,1
gwennythot,HaroldWNelson,1
gwennythot,HeidiPrzybyla,2
gwennythot,HillaryClinton,1
gwennythot,HollaBlackGirl,1
gwennythot,ItsMeNeshia,1
gwennythot,JARosenberg12,1
gwennythot,JamilSmith,1
gwennythot,JenniferJJacobs,1
gwennythot,KFILE,1
gwennythot,KeithOlbermann,1
gwennythot,Khanoisseur,1
gwennythot,KimbrlyKrautter,1
gwennythot,KofiAKADion,1
gwennythot,L4urynKing,1
gwennythot,LateNightSeth,1
gwennythot,Limeylizzie,1
gwennythot,LosinDonald,1
gwennythot,MarlowNYC,1
gwennythot,MoreAndAgain,1
gwennythot,MrGBIZ,1
gwennythot,MrJamesonNeat,1
gwennythot,MrNegroMilitant,2
gwennythot,PattiaGarder,1
gwennythot,PoliticsPeach,1
gwennythot,RawStory,1
gwennythot,Rikreation,1
gwennythot,RippDemUp,4
gwennythot,RolandReports,1
gwennythot,Russian_Starr,1
gwennythot,SORASPY,1
gwennythot,ShaunKing,2
gwennythot,TalibKweli,4
gwennythot,TheFinalCall,2
gwennythot,TomthunkitsMind,1
gwennythot,Tuniekc,1
gwennythot,adamhudson5,1
gwennythot,armancarr1990,2
gwennythot,blicqer,1
gwennythot,brianstelter,1
gwennythot,chaz1944,1
gwennythot,double_cupp_me,1
gwennythot,emenogu_phil,1
gwennythot,funder,1
gwennythot,funkflex,1
gwennythot,gonzalezjanet06,1
gwennythot,iLoveGENEJANE,1
gwennythot,jayrosen_nyu,1
gwennythot,kumailn,1
gwennythot,kurteichenwald,1
gwennythot,masterwilliams,1
gwennythot,nine_oh,1
gwennythot,ogkeyser,1
gwennythot,patrickhealynyt,1
gwennythot,petersuderman,2
gwennythot,pittgriffin,1
gwennythot,realDonaldTrump,1
gwennythot,rolandsmartin,1
gwennythot,seankent,1
gwennythot,spooney35,1
gwennythot,swin24,1
gwennythot,thehill,1
gwennythot,voxdotcom,1
gwennythot,wikileaks,2
gwennythot,zyooh,1
happkendrahappy,20committee,1
happkendrahappy,2ALAW,1
happkendrahappy,623Sis,1
happkendrahappy,ABCPolitics,1
happkendrahappy,AlisonSpalding2,1
happkendrahappy,AllenWestRepub,6
happkendrahappy,Always_Trump,1
happkendrahappy,America_1st_,2
happkendrahappy,AmyMek,1
happkendrahappy,Amyloukingery,1
happkendrahappy,AnnCoulter,1
happkendrahappy,Ataxia162,1
happkendrahappy,AviWoolf,1
happkendrahappy,BarrieNJ,1
happkendrahappy,BearingArmsCom,1
happkendrahappy,BeladonnaRogers,1
happkendrahappy,BenHowe,1
happkendrahappy,Bikers4Trump,1
happkendrahappy,BillyHallowell,1
happkendrahappy,BradThor,2
happkendrahappy,BrazilianGirl32,5
happkendrahappy,BreitbartXM,1
happkendrahappy,BuntyBagshawe,1
happkendrahappy,CCCINNC,1
happkendrahappy,CNM_Michael,1
happkendrahappy,CStevenTucker,1
happkendrahappy,Callisto1947,1
happkendrahappy,CapeMayMeg,1
happkendrahappy,Carolde,1
happkendrahappy,Cernovich,3
happkendrahappy,Chbz_,1
happkendrahappy,ConNewsNow,2
happkendrahappy,ConcealNCarryNt,1
happkendrahappy,ConserValidity,1
happkendrahappy,Conservative_VW,1
happkendrahappy,DHerm66,1
happkendrahappy,DRUDGE_REPORT,1
happkendrahappy,DailyMail,1
happkendrahappy,Dbargen,4
happkendrahappy,DebiDawnDean,1
happkendrahappy,Delta_Smelt,1
happkendrahappy,Democrat_4Trump,1
happkendrahappy,DevlinBarrett,1
happkendrahappy,DonaldJTrumpJr,1
happkendrahappy,EELegal,1
happkendrahappy,EgoAltered02,1
happkendrahappy,EjHirschberger,1
happkendrahappy,EricTrump,1
happkendrahappy,Evan_McMullin,1
happkendrahappy,Fahrenthold,1
happkendrahappy,FishmanLevine,1
happkendrahappy,FoxNews,1
happkendrahappy,FredZeppelin12,2
happkendrahappy,FreeBeacon,2
happkendrahappy,FreedomSentinel,1
happkendrahappy,GartrellLinda,1
happkendrahappy,GorillaChompz,1
happkendrahappy,GregAbbott_TX,1
happkendrahappy,HKirsh1,1
happkendrahappy,HWDRepublican,2
happkendrahappy,HappyDeplorable,1
happkendrahappy,Harlan,2
happkendrahappy,HarleyLeBon,1
happkendrahappy,HawkinsUSA,11
happkendrahappy,Herfarm,2
happkendrahappy,HouseCracka,1
happkendrahappy,Ifindthemissing,1
happkendrahappy,InGodIDoTrust,3
happkendrahappy,IngrahamAngle,2
happkendrahappy,JGBigfish,1
happkendrahappy,JackBPR,1
happkendrahappy,JackPosobiec,1
happkendrahappy,Jail_Killery,2
happkendrahappy,JamesBham,1
happkendrahappy,JaneAndTheWorld,1
happkendrahappy,Jarjarbug,1
happkendrahappy,Jenn_Abrams,1
happkendrahappy,JerushaRed,1
happkendrahappy,Jim_Peoples_,1
happkendrahappy,JoanneColombo,1
happkendrahappy,JohnKStahlUSA,2
happkendrahappy,KFILE,2
happkendrahappy,KNDetweiler,1
happkendrahappy,KQK2,1
happkendrahappy,KamVTV,1
happkendrahappy,Kamani1147,6
happkendrahappy,KarrieFleetwood,1
happkendrahappy,Kegan05,1
happkendrahappy,KennyPolcari,1
happkendrahappy,LEFTH00K,1
happkendrahappy,LMBigSur,3
happkendrahappy,LadyLiberTea,1
happkendrahappy,LatestAnonNews,1
happkendrahappy,LeahR77,1
happkendrahappy,LessGovMoreFun,1
happkendrahappy,LifeNewsHQ,3
happkendrahappy,LouDobbs,2
happkendrahappy,MCCNP,1
happkendrahappy,Maddog5827,1
happkendrahappy,MediaJuggernaut,1
happkendrahappy,Merry__Can,3
happkendrahappy,MightyBusterBro,1
happkendrahappy,MissLizzyNJ,2
happkendrahappy,MoodyBrew,1
happkendrahappy,MrSrsly,1
happkendrahappy,NetworksManager,1
happkendrahappy,NineWorthies,1
happkendrahappy,NoahCRothman,1
happkendrahappy,NolteNC,1
happkendrahappy,Nottinghams1,1
happkendrahappy,OCAmericans,2
happkendrahappy,Oldfolksmatter,1
happkendrahappy,Outofnames,1
happkendrahappy,PMgeezer,1
happkendrahappy,Pamela_Moore13,1
happkendrahappy,ParamjitGarewal,2
happkendrahappy,PatDollard,1
happkendrahappy,Patriot_MM,2
happkendrahappy,Patriotancestry,2
happkendrahappy,PatrioticSpirit,1
happkendrahappy,PhDexpected2017,1
happkendrahappy,PinkBelgium,1
happkendrahappy,PlaysTrumpCard,1
happkendrahappy,PolyPatriot,1
happkendrahappy,Portosj81J,1
happkendrahappy,PpollingNumbers,1
happkendrahappy,PrisonPlanet,3
happkendrahappy,ProudPatriot,1
happkendrahappy,R0NlN,1
happkendrahappy,RMConservative,1
happkendrahappy,RealAlexJones,1
happkendrahappy,RealDJTrumpTeam,1
happkendrahappy,RealJamesWoods,2
happkendrahappy,RepStevenSmith,1
happkendrahappy,RepublicanChick,1
happkendrahappy,RichardTBurnett,1
happkendrahappy,Right_Smarts,1
happkendrahappy,Rmhenry1Henry,1
happkendrahappy,Rob59640848,1
happkendrahappy,RotNScoundrel,1
happkendrahappy,RtOnPrinciple,1
happkendrahappy,SandraTXAS,1
happkendrahappy,SavetheUSNation,1
happkendrahappy,ScottBlivtrusci,1
happkendrahappy,ShaneRegated,1
happkendrahappy,ShillForHillary,1
happkendrahappy,ShrinkGov,1
happkendrahappy,SmallBiz4Trump,1
happkendrahappy,SmartFrogLegs,1
happkendrahappy,StateMilitia,1
happkendrahappy,Steve_yerp,1
happkendrahappy,Stevenwhirsch99,1
happkendrahappy,SusieD57,1
happkendrahappy,SykesCharlie,2
happkendrahappy,TEN_GOP,1
happkendrahappy,TRUMPMOVEMENTUS,1
happkendrahappy,TRUMP_PREZ,1
happkendrahappy,TeamTrump,2
happkendrahappy,TheBrandonMorse,1
happkendrahappy,TheDCPolitics,1
happkendrahappy,TheLastRefuge2,1
happkendrahappy,TheRealMaddog58,1
happkendrahappy,TheTrumpNews,2
happkendrahappy,The_NewRight,1
happkendrahappy,The_Trump_Train,1
happkendrahappy,Third_Position,2
happkendrahappy,ThomasBernpaine,1
happkendrahappy,ThomasGS,1
happkendrahappy,TimBurt,1
happkendrahappy,TomFitton,1
happkendrahappy,TriciaMcLemore,1
happkendrahappy,TrueEO,1
happkendrahappy,TrumpNV,1
happkendrahappy,TrumpSuperPAC,1
happkendrahappy,TrumpTheHill,2
happkendrahappy,USA_Gunslinger,1
happkendrahappy,UnityActivist,1
happkendrahappy,Victoriaokane,1
happkendrahappy,VivaLaAmes,1
happkendrahappy,WDFx2EU7,2
happkendrahappy,WDFx2EU8,1
happkendrahappy,WashTimes,1
happkendrahappy,WeNeedTrump,1
happkendrahappy,WesleyRickard,1
happkendrahappy,WillieJ_Davis,1
happkendrahappy,YodaLoco,1
happkendrahappy,YoungDems4Trump,1
happkendrahappy,abusedtaxpayer,1
happkendrahappy,airbrat77,1
happkendrahappy,akawhit1,1
happkendrahappy,andersonDrLJA,1
happkendrahappy,andrewf77,1
happkendrahappy,asamjulian,3
happkendrahappy,bayareahausfrau,1
happkendrahappy,benshapiro,2
happkendrahappy,bfraser747,1
happkendrahappy,bob_owens,1
happkendrahappy,brianknewhouse,1
happkendrahappy,brunelldonald,1
happkendrahappy,cbatson941,1
happkendrahappy,cboutet11,1
happkendrahappy,cgpb,1
happkendrahappy,charliekirk11,1
happkendrahappy,chazermann26,1
happkendrahappy,chuckatkins311,1
happkendrahappy,cirrus_seven,1
happkendrahappy,cmdorsey,4
happkendrahappy,col_nj,1
happkendrahappy,costareports,1
happkendrahappy,dananoah,1
happkendrahappy,dcexaminer,1
happkendrahappy,deplorable111,1
happkendrahappy,dmon4ever,1
happkendrahappy,elliosch,1
happkendrahappy,endtimesalert,1
happkendrahappy,exjon,2
happkendrahappy,fairNtrue,1
happkendrahappy,flJAB,1
happkendrahappy,gerfingerpoken,5
happkendrahappy,gerfingerpoken2,1
happkendrahappy,grammy620,1
happkendrahappy,grantbosse,1
happkendrahappy,greeneyes0084,1
happkendrahappy,grindingdude,1
happkendrahappy,gtobronco,1
happkendrahappy,guypbenson,1
happkendrahappy,harpus88,1
happkendrahappy,heatherwilhelm,1
happkendrahappy,ihatethemedia,3
happkendrahappy,iluvspringtime,1
happkendrahappy,imadreamkeeper2,1
happkendrahappy,indigenous01,2
happkendrahappy,irshroz,1
happkendrahappy,islamlie2,1
happkendrahappy,jaketapper,1
happkendrahappy,jason_howerton,1
happkendrahappy,jenworkmail38,1
happkendrahappy,jerome_corsi,1
happkendrahappy,jimdwrench,1
happkendrahappy,jimmylemons,6
happkendrahappy,joedmaier,1
happkendrahappy,jstines3,1
happkendrahappy,kcanderson30,1
happkendrahappy,kevkid79,2
happkendrahappy,kimmieguy,1
happkendrahappy,kwilli1046,1
happkendrahappy,kylegriffin1,1
happkendrahappy,leodunson,1
happkendrahappy,louislalor,1
happkendrahappy,luchadora41,2
happkendrahappy,luvGodncountry,6
happkendrahappy,lybr3,1
happkendrahappy,magnifier661,1
happkendrahappy,mastadonarmy,1
happkendrahappy,mckelvey_ian,1
happkendrahappy,metlyn1025,1
happkendrahappy,micheleroberts0,1
happkendrahappy,michellemalkin,1
happkendrahappy,mitchellvii,1
happkendrahappy,mollyday15,1
happkendrahappy,mrntweet2,1
happkendrahappy,nanci_pray2jc,1
happkendrahappy,newsbusters,1
happkendrahappy,nukingpolitics,1
happkendrahappy,oganali1000,1
happkendrahappy,onlnsurfer,5
happkendrahappy,osPatriot,3
happkendrahappy,pcarenza,1
happkendrahappy,peacemaker4u,1
happkendrahappy,perry1949,1
happkendrahappy,prchristen,7
happkendrahappy,preciousliberty,9
happkendrahappy,prosehaikus,1
happkendrahappy,ramjet_tx,1
happkendrahappy,randycaputo,1
happkendrahappy,rayinnh31,1
happkendrahappy,realDonaldTrump,5
happkendrahappy,realFirearms,1
happkendrahappy,redrivergrl,1
happkendrahappy,resurgent,1
happkendrahappy,richiebuono,1
happkendrahappy,rickybobby90210,1
happkendrahappy,rumpfshaker,1
happkendrahappy,ryanra,3
happkendrahappy,schotziejlk,1
happkendrahappy,scottienhughes,1
happkendrahappy,scottthong,1
happkendrahappy,seanhannity,3
happkendrahappy,shortman5427,1
happkendrahappy,sinderbrand,1
happkendrahappy,smod2016,1
happkendrahappy,superlioness1,1
happkendrahappy,terrymendozer,1
happkendrahappy,tfarley1969,1
happkendrahappy,thedailybeast,1
happkendrahappy,timmyjrebel,1
happkendrahappy,tkinder,1
happkendrahappy,tonyjones153,1
happkendrahappy,toomuchnoise,1
happkendrahappy,trscoop,1
happkendrahappy,true_pundit,1
happkendrahappy,trulytexan,1
happkendrahappy,trumpamericann,1
happkendrahappy,twright55,1
happkendrahappy,ultraconcept,1
happkendrahappy,vhfancc,1
happkendrahappy,vnuek,1
happkendrahappy,websquaw,1
happkendrahappy,weknowwhatsbest,1
happkendrahappy,wikileaks,6
hellieedwards,AnitaNelson,1
hellieedwards,AnnoGalactic,3
hellieedwards,BabyJannyMeow,1
hellieedwards,BardleyRex,1
hellieedwards,CNNPolitics,1
hellieedwards,ChrixMorgan,2
hellieedwards,CumuloPhallus,1
hellieedwards,DanaGeezus,1
hellieedwards,DominicValent,1
hellieedwards,Edwardaespinoza,1
hellieedwards,FightNowAmerica,1
hellieedwards,FunnyPantsTV,1
hellieedwards,GeffGefferson1,1
hellieedwards,HassanMoKhan,1
hellieedwards,HillaryClinton,1
hellieedwards,JRoInAK,1
hellieedwards,JackDrees,1
hellieedwards,KeshaTedder,1
hellieedwards,KeswickPinhead,2
hellieedwards,KipperNY42,1
hellieedwards,Latent_Fury,1
hellieedwards,Mephist0paulus,1
hellieedwards,NetAdvisor,1
hellieedwards,Redlinesi10,1
hellieedwards,RobotSteve2016,1
hellieedwards,SeeDaneRun,1
hellieedwards,TGJones_62,1
hellieedwards,TTino_boi,1
hellieedwards,WHOAwhatthefuck,1
hellieedwards,XQueenAckermanX,1
hellieedwards,batshake1,1
hellieedwards,bunnyhugger75,3
hellieedwards,chiefplan1,4
hellieedwards,lgmaterna,1
hellieedwards,marildeo,1
hellieedwards,midnight,1
hellieedwards,onlxn,1
hellieedwards,paleblueeyes24,1
hellieedwards,pdiddy71,1
hellieedwards,sftimrf,1
hellieedwards,squatchdiary,1
hellieedwards,sweet_melissa06,1
hellieedwards,theclobra,2
hellieedwards,therealezway,1
hellieedwards,timcogan,1
hellieedwards,twiticulture,1
heyheyhailey,AlexKollet,1
heyheyhailey,AndyHashtagger,1
heyheyhailey,AnnoGalactic,2
heyheyhailey,ChrixMorgan,1
heyheyhailey,Dreamweasel,3
heyheyhailey,HillaryClinton,2
heyheyhailey,Jarmadillos,1
heyheyhailey,LoLo_OOC,1
heyheyhailey,Longhairleeroy,1
heyheyhailey,MelvinSRoberts,1
heyheyhailey,Nick_Pettigrew,1
heyheyhailey,PepeSupremist,1
heyheyhailey,SandiBurkhart,1
heyheyhailey,SemeiMuCasa,1
heyheyhailey,Shane_Rodenbeck,1
heyheyhailey,SyedSalehAbbas,1
heyheyhailey,TCB_AK,2
heyheyhailey,Thor_2000,1
heyheyhailey,borforall,1
heyheyhailey,chiefplan1,1
heyheyhailey,completelymoral,1
heyheyhailey,cutupx2,1
heyheyhailey,daacpa,1
heyheyhailey,ericraio,1
heyheyhailey,fatalmocking,1
heyheyhailey,neverhipster,1
heyheyhailey,p2j303,1
heyheyhailey,ronen321,1
heyheyhailey,therealezway,1
heyheyhailey,tncomedy,1
heyheyhailey,woodseysmith,1
heyits_toby,BeladonnaRogers,2
heyits_toby,Bliss_Ville,1
heyits_toby,CassandraRules,1
heyits_toby,Chbz_,1
heyits_toby,CooknCooks,1
heyits_toby,DonaldJTrumpJr,1
heyits_toby,DorothieBell,1
heyits_toby,DrienaSixto,1
heyits_toby,EmileeWaren,1
heyits_toby,GaltsGultch,1
heyits_toby,GarrettSimpson_,3
heyits_toby,GiselleEvns,3
heyits_toby,JOMainEvent,1
heyits_toby,JeanneMccarthy0,2
heyits_toby,JeffSanchezz,7
heyits_toby,LauraBaeley,1
heyits_toby,LeroyLovesUSA,3
heyits_toby,LibertySeeds,1
heyits_toby,LighteningBoldt,1
heyits_toby,Logan_WhatsUp,2
heyits_toby,MicParrish,1
heyits_toby,MichelleArry,1
heyits_toby,RacySicilian,1
heyits_toby,RichardTBurnett,1
heyits_toby,Right_Smarts,1
heyits_toby,RyanMaxwell_1,1
heyits_toby,StatesPoll,1
heyits_toby,Stevenwhirsch99,2
heyits_toby,TheDonWins,1
heyits_toby,The_Anti_Fox,4
heyits_toby,Trump4NC,1
heyits_toby,Trumptbird,1
heyits_toby,adagioforstring,1
heyits_toby,cathydit,1
heyits_toby,cristinalaila1,1
heyits_toby,deweylasv,1
heyits_toby,dkm177,1
heyits_toby,gerfingerpoken2,2
heyits_toby,heyits_toby,1
heyits_toby,hollandpatrickk,1
heyits_toby,jstines3,4
heyits_toby,landofmind1,1
heyits_toby,mike_pence,1
heyits_toby,rescuetracker81,1
heyits_toby,sbeckwilliams,1
hiimkhloe,AceMackMW,1
hiimkhloe,Alkanz,1
hiimkhloe,Anomaly100,1
hiimkhloe,BohoLadyEdith,1
hiimkhloe,C0LTj,1
hiimkhloe,DcSlumdog,1
hiimkhloe,DominicTV,1
hiimkhloe,FeministaJones,2
hiimkhloe,Fusion,1
hiimkhloe,JamilSmith,1
hiimkhloe,JlSpback,1
hiimkhloe,JoyAnnReid,1
hiimkhloe,MrNegroMilitant,2
hiimkhloe,NikkiFinke,1
hiimkhloe,SenWarren,1
hiimkhloe,Skepmi,1
hiimkhloe,TalibKweli,2
hiimkhloe,TornadoesBoreMe,1
hiimkhloe,TwiterHero,1
hiimkhloe,VanJones68,1
hiimkhloe,VeryWhiteGuy,1
hiimkhloe,WayTreWill,1
hiimkhloe,blicqer,2
hiimkhloe,dagr8fm,1
hiimkhloe,darrylreeves,1
hiimkhloe,docrocktex26,2
hiimkhloe,guardian,1
hiimkhloe,laurby,1
hiimkhloe,marpeesh,1
hiimkhloe,nytimes,1
hiimkhloe,peterdaou,1
hiimkhloe,peterwsinger,1
hiimkhloe,rickhasen,1
hiimkhloe,rolandsmartin,1
hiimkhloe,thehill,2
hiimkhloe,truthout,1
hiimkhloe,washingtonpost,1
hiimkhloe,whitmanesque,1
hipppo_,AnnoGalactic,2
hipppo_,Booth_Prince,1
hipppo_,CumuloPhallus,1
hipppo_,DianaHollins,1
hipppo_,DonaldMAGATrump,1
hipppo_,Dreamweasel,4
hipppo_,Goodluckbeer,1
hipppo_,HillaryClinton,2
hipppo_,Latent_Fury,1
hipppo_,Longhairleeroy,1
hipppo_,MelvinSRoberts,1
hipppo_,Mephist0paulus,1
hipppo_,Michael_Oh2L,1
hipppo_,Peters1Aaron,1
hipppo_,PresidentJeffPJ,1
hipppo_,RealTimers,1
hipppo_,Redlinesi10,1
hipppo_,ReenieDiva,1
hipppo_,SemeiMuCasa,1
hipppo_,Shane_Rodenbeck,1
hipppo_,TCB_AK,2
hipppo_,TGJones_62,1
hipppo_,Thor_2000,1
hipppo_,TimKcomic,1
hipppo_,WHOAwhatthefuck,1
hipppo_,XQueenAckermanX,1
hipppo_,ZenRand,1
hipppo_,andylevy,1
hipppo_,brightandglory,1
hipppo_,chiefplan1,2
hipppo_,completelymoral,1
hipppo_,eddywaraich91,1
hipppo_,lgmaterna,1
hipppo_,rhonlirob,1
hipppo_,therealezway,1
hipppo_,tncomedy,1
hipppo_,voxdotcom,1
hollandpatrickk,America_1st_,1
hollandpatrickk,CassandraRules,1
hollandpatrickk,CooknCooks,2
hollandpatrickk,DorothieBell,1
hollandpatrickk,GiselleEvns,2
hollandpatrickk,JasonMillerinDC,1
hollandpatrickk,JeanneMccarthy0,3
hollandpatrickk,Kelvin_Chambers,1
hollandpatrickk,LauraWalkerKC,1
hollandpatrickk,LeroyLovesUSA,3
hollandpatrickk,MarissaImStrong,3
hollandpatrickk,MarkAlmost,6
hollandpatrickk,McDebida,1
hollandpatrickk,MichelleArry,4
hollandpatrickk,RichardTBurnett,1
hollandpatrickk,RobManess,1
hollandpatrickk,RyanMaxwell_1,5
hollandpatrickk,_NickLuna_,1
hollandpatrickk,adagioforstring,1
hollandpatrickk,cassishere,4
hollandpatrickk,cristinalaila1,1
hollandpatrickk,farai,1
hollandpatrickk,gehrig38,1
hollandpatrickk,gerfingerpoken2,1
hollandpatrickk,maddezmom,1
hollandpatrickk,thehill,1
hollandpatrickk,wadeharriot,4
hollandpatrickk,wikileaks,1
hollydler,00LovelyDay00,1
hollydler,0HOUR1___,1
hollydler,1FishingGoddess,1
hollydler,1VoiceMatters,1
hollydler,1rishinfidel,1
hollydler,2ALAW,1
hollydler,411Mssip,1
hollydler,572horse,1
hollydler,AIIAmericanGirI,1
hollydler,AJDelgado13,1
hollydler,ALilJaded4u2,1
hollydler,AMTrump4PRES,1
hollydler,ANOMALY1,3
hollydler,ARnews1936,1
hollydler,ATSublimecraft,1
hollydler,AZ_Susan,1
hollydler,AbnInfVet,1
hollydler,AdamBaldwin,1
hollydler,AiryDisk56,1
hollydler,Alanjtoste,1
hollydler,AllthomasMC,1
hollydler,Always_Trump,4
hollydler,AmericaRising,1
hollydler,An0nRav,1
hollydler,AndyBinderMO,1
hollydler,Angelabasso5,1
hollydler,AnnCoulter,1
hollydler,AppSame,1
hollydler,AsYouNotWish,1
hollydler,Aslan2266,1
hollydler,AuditTheMedia,2
hollydler,BAMAPERRY,2
hollydler,BankersDidIt,1
hollydler,Bencjacobs,1
hollydler,BillAtkinson77,1
hollydler,Billhic02785574,1
hollydler,BlacksWithTrump,1
hollydler,Boazziz,1
hollydler,BobG231,1
hollydler,BradleeDean1,1
hollydler,BraveConWarrior,1
hollydler,BriAn02815145,1
hollydler,BullshineBilly,1
hollydler,CDoranHarader,1
hollydler,CTSUTTER,1
hollydler,Cailin4Assange,1
hollydler,CarmineZozzora,4
hollydler,Carolde,2
hollydler,Cary88888888,1
hollydler,CathyTo47590555,1
hollydler,Cernovich,1
hollydler,Cheviotchaser,1
hollydler,ChiTownCheese,1
hollydler,Chris_1791,1
hollydler,Chris_in_RI,1
hollydler,ColbyCane,1
hollydler,CommonSense39,1
hollydler,Conservative_OK,1
hollydler,ConstanceQueen8,1
hollydler,Corporatocrazy,1
hollydler,CosmosLeaseExp,1
hollydler,Counselor70,1
hollydler,CronkiteSays,1
hollydler,DJTMAGA2017,1
hollydler,DRUDGE_REPORT,4
hollydler,DailyCaller,1
hollydler,DanMartin_cards,2
hollydler,DanScavino,2
hollydler,DancrDave,1
hollydler,DarHuddleston,1
hollydler,DarinDorsey4,1
hollydler,DarkMoneyWatch,1
hollydler,Darren32895836,7
hollydler,DavidMDrucker,1
hollydler,DaystoTrump,1
hollydler,Dbargen,1
hollydler,Dc37Deborah,1
hollydler,DclareDiane,4
hollydler,DeanSchanzel,2
hollydler,Debramax,2
hollydler,DebtAssassin1,1
hollydler,DeplorableInATX,1
hollydler,DickMorrisTweet,1
hollydler,DineshDSouza,1
hollydler,DinoFancellu,1
hollydler,DonaldJTrumpJr,1
hollydler,DonnaWR8,1
hollydler,DrMartyFox,1
hollydler,DragonForce_One,1
hollydler,Durty_Munky,1
hollydler,EdRogersDC,1
hollydler,EffinEffEffEff,1
hollydler,ElcJoe,1
hollydler,ElianaBenador,1
hollydler,EricTrump,1
hollydler,ExposeHillary,1
hollydler,FL4TRUMPDOTCOM,1
hollydler,FLORANN2000,1
hollydler,FedUpAmerican5,1
hollydler,FemalesForTrump,1
hollydler,Fidelity364,1
hollydler,FightNowAmerica,1
hollydler,FillTheChair,1
hollydler,FishingwFredo,1
hollydler,FoxBusiness,1
hollydler,FoxNews,1
hollydler,FoxyBlue52,1
hollydler,FrankenGator,1
hollydler,FriendlyJMC,1
hollydler,FunnyOne8192,1
hollydler,GaetaSusan,1
hollydler,GenGSPatton,1
hollydler,GeraldineLewis,1
hollydler,GoldStarMomTX55,1
hollydler,GoldnStateTimes,1
hollydler,GoodMad_,1
hollydler,HalleyBorderCol,1
hollydler,Hardcase726,1
hollydler,HawkinsUSA,1
hollydler,HillaryClinton,1
hollydler,Hisladydiana,1
hollydler,HomerWhite,1
hollydler,Hood_Darla,1
hollydler,HotDiggetyDam,1
hollydler,HouseCracka,1
hollydler,ICANFLA,1
hollydler,ImmaTrumpest,1
hollydler,InGodIDoTrust,8
hollydler,IngrahamAngle,4
hollydler,ItsSarasotaJoe,1
hollydler,JAPITTER,1
hollydler,JUDAHsCHILDREN,1
hollydler,Jamin2g,1
hollydler,JammieWF,1
hollydler,JaredWyand,7
hollydler,JasonsGrandpa,1
hollydler,JayChar15376136,1
hollydler,JessieJaneDuff,1
hollydler,JewsChooseTrump,1
hollydler,Jnetab,1
hollydler,JoeTurner212,1
hollydler,JohnFromCranber,2
hollydler,JohnKStahlUSA,2
hollydler,Junior_R27,1
hollydler,K1erry,1
hollydler,KaceyIlliot1669,1
hollydler,KamVTV,1
hollydler,Kathy73942403,1
hollydler,KatiePavlich,1
hollydler,KazeSkyz,1
hollydler,KellyannePolls,4
hollydler,KevinJacksonTBS,1
hollydler,KrajacicJodi,1
hollydler,Ktywack1,1
hollydler,Kwicherbichen,1
hollydler,LANURSE1,1
hollydler,Lagartija_Nix,4
hollydler,LaraLeaTrump,1
hollydler,LatitudeofMind,1
hollydler,LeahRBoss,1
hollydler,LeeTwts,1
hollydler,LeraasJulie,1
hollydler,LibertyNews1776,1
hollydler,LindaSuhler,3
hollydler,LivNow,1
hollydler,LizWFB,1
hollydler,Llewgnal,1
hollydler,LogicalCampaign,1
hollydler,LoriBlaney,1
hollydler,LoriPatriot,1
hollydler,LouDobbs,1
hollydler,Lrihendry,2
hollydler,LynnePatton,1
hollydler,MRsmithersMD,1
hollydler,MacNicol1957,1
hollydler,MadBarbi,1
hollydler,MadVoterInMN,1
hollydler,Maddog5827,1
hollydler,MagicRoyalty,1
hollydler,Mamadoxie,1
hollydler,Marc_Smash,2
hollydler,MargaretMcgui16,1
hollydler,MarilynHobson2,2
hollydler,MarkDice,1
hollydler,MassRon,1
hollydler,MeatScales,1
hollydler,MelodyLayne68,1
hollydler,MerienneL,1
hollydler,Miami4Trump,1
hollydler,MichaelsANewman,1
hollydler,Miki9857,1
hollydler,MissAmericaPie,1
hollydler,MissLizzyNJ,1
hollydler,MooiachiRios,1
hollydler,MotherGoos3,1
hollydler,MrsParkington,1
hollydler,MsEddieD,1
hollydler,MushKat,1
hollydler,NBCNews,1
hollydler,NRA,1
hollydler,NYWhiteHouse,1
hollydler,NaomiNiche,1
hollydler,NetworksManager,1
hollydler,New_Trump,1
hollydler,NewtTrump,1
hollydler,NolteNC,4
hollydler,NubianAwakening,2
hollydler,Nvr4Get91101,1
hollydler,OnMessageForHer,1
hollydler,OnidaGirl,1
hollydler,Outhere,1
hollydler,P0TUSTrump,1
hollydler,PJStrikeForce,1
hollydler,PMgeezer,2
hollydler,POLITICAL_Jeff,1
hollydler,Pamela_Moore13,1
hollydler,PatDollard,4
hollydler,PatrickSvitek,1
hollydler,PatriotGeorgia,1
hollydler,PatriotTrumpet,1
hollydler,Pieter_Gericke,1
hollydler,Pjdahling,1
hollydler,PlacedeBastille,1
hollydler,PoliticalDose,1
hollydler,PoliticalShort,1
hollydler,Poppelsquat,1
hollydler,Popstufs3,1
hollydler,PorkyCrusade,1
hollydler,Portosj81J,1
hollydler,PpollingNumbers,2
hollydler,PrisonPlanet,1
hollydler,Prntly,1
hollydler,ProfessorRobo,1
hollydler,ProgPoker,1
hollydler,RSBNetwork,1
hollydler,RacySicilian,1
hollydler,RaheemKassam,1
hollydler,RayMileur,1
hollydler,RealJamesWoods,2
hollydler,RealMrsPJNET,1
hollydler,Reality_n_Truth,1
hollydler,RedVote2016,1
hollydler,Redeemed1952,1
hollydler,ReignsFreedom,1
hollydler,Rhondako,1
hollydler,RickRWells,2
hollydler,Ricky_Vaughn99,1
hollydler,Right_Smarts,1
hollydler,RobertPercin,1
hollydler,RuthWhiteDavis,1
hollydler,SGLawrence,1
hollydler,SKatzKeating,1
hollydler,SandraTXAS,2
hollydler,SarahHuckabee,1
hollydler,Saveourvalues,1
hollydler,ScotchJLK,1
hollydler,ScottInSC,1
hollydler,Scrufey21,3
hollydler,Sdonna361W,1
hollydler,SecularKafir,1
hollydler,SeldenGADawgs,1
hollydler,SethMacFarlane,1
hollydler,ShennaFoxMusic,1
hollydler,SheriffClarke,2
hollydler,SoCal4Trump,2
hollydler,Solaryellow731,1
hollydler,Soldierjohn,1
hollydler,Sonali1109,1
hollydler,SonofLiberty357,2
hollydler,Southernkiddo,1
hollydler,StatesPoll,1
hollydler,StefanMolyneux,2
hollydler,SteveDeaceShow,1
hollydler,SteveHa_rris,1
hollydler,Stevenwhirsch99,2
hollydler,StocksAlotTEMP,1
hollydler,Stonewall_77,1
hollydler,StopStopHillary,3
hollydler,SunKissdNerd,1
hollydler,SupportDonald,1
hollydler,SurferDi,1
hollydler,SusanSpurgeon1,1
hollydler,SydneyAtheist,1
hollydler,SylvieKareena,1
hollydler,T17R_TEdinger,1
hollydler,TEN_GOP,2
hollydler,TPoliticmanager,1
hollydler,TUSK81,1
hollydler,TallahForTrump,1
hollydler,TeaPartyOrg,1
hollydler,TeamTrump,1
hollydler,TeamTrumpUK,1
hollydler,TellyStern,1
hollydler,TheDonaldNews,2
hollydler,TheGOPReport,1
hollydler,TheLastRefuge2,1
hollydler,TheSlopChute,1
hollydler,The_Q_is,1
hollydler,Third_Position,1
hollydler,ThomasB00001,1
hollydler,TorstenSjoberg,1
hollydler,Tout_Sondage,1
hollydler,TrishaSchriner,1
hollydler,TroyBlayne,1
hollydler,TruckerBobS,1
hollydler,TrueEO,1
hollydler,TrueTheVote,1
hollydler,TrumpDynastyUSA,1
hollydler,TrumpMyPres,1
hollydler,TrumpPenceUSA1,1
hollydler,TrumpSuperPAC,4
hollydler,TrumpTheHill,1
hollydler,Trumpazona,1
hollydler,Trumptbird,1
hollydler,TurekJoe,1
hollydler,TwitchyTeam,1
hollydler,USAHipster,1
hollydler,USATODAY,1
hollydler,USAforTrump2016,1
hollydler,UnPoliticalPrty,1
hollydler,VetPatriot70,1
hollydler,Veteran4Trump,1
hollydler,VoteTrumpPics,1
hollydler,WDFx2EU8,2
hollydler,WandaMiller5102,1
hollydler,WeNeedTrump,2
hollydler,WestJournalism,1
hollydler,WiggersLynn,1
hollydler,Workers4Trump,3
hollydler,WorldEventsNews,1
hollydler,YTM1staWu1fy,1
hollydler,YouCallWeHaul6,1
hollydler,YoungDems4Trump,1
hollydler,_CFJ_,1
hollydler,_Makada_,2
hollydler,abusedtaxpayer,1
hollydler,aconman_,1
hollydler,aduanebrown,1
hollydler,ahabicher,1
hollydler,akawhit1,2
hollydler,alaskantexanQCT,1
hollydler,alcardfan,1
hollydler,andersonDrLJA,1
hollydler,asamjulian,2
hollydler,atensnut,1
hollydler,baalter,1
hollydler,beebobaby,1
hollydler,benshapiro,1
hollydler,bfraser747,4
hollydler,blackdeplorable,1
hollydler,bmarsh31,1
hollydler,bob_owens,1
hollydler,bryancrabtree,1
hollydler,business,1
hollydler,calidhd,2
hollydler,cancioal,1
hollydler,captainanglin,1
hollydler,catahoula_mama,1
hollydler,cbinflux,1
hollydler,cdnrod,1
hollydler,cerenomri,1
hollydler,cheerio15,1
hollydler,chipwoods,1
hollydler,chuckles711,1
hollydler,col_nj,1
hollydler,cristinalaila1,2
hollydler,dailyrapid,1
hollydler,dallas_413,1
hollydler,davequast,1
hollydler,davidjones720,1
hollydler,dawngpsalm63,2
hollydler,dcexaminer,3
hollydler,debsellsslc,1
hollydler,deletto1954,1
hollydler,democrapssuck,1
hollydler,den2114,1
hollydler,docmurdock,1
hollydler,domedog311,1
hollydler,dreamedofdust,1
hollydler,dt_ads,1
hollydler,econgregation,1
hollydler,ed_hooley,2
hollydler,effrein_a,1
hollydler,eph4_15,2
hollydler,extremetruckers,1
hollydler,eye2winner,1
hollydler,fawn_mac,1
hollydler,foxandfriends,1
hollydler,freebird_Pepper,1
hollydler,gary_causer,1
hollydler,gatewaypundit,1
hollydler,gerfingerpoken,4
hollydler,gerfingerpoken2,1
hollydler,getitihope,1
hollydler,gmfkms04,1
hollydler,greeneyes0084,1
hollydler,gunsandbikes,1
hollydler,happkat,1
hollydler,healthandcents,1
hollydler,highblueridge,1
hollydler,hrothenb,1
hollydler,hrtablaze,1
hollydler,idawhannadoyou,1
hollydler,imatrumpgirl,1
hollydler,immigrant4trump,1
hollydler,immigrant_legal,1
hollydler,infidel1,1
hollydler,iptuttle,1
hollydler,irvine_landon,1
hollydler,ish10040,1
hollydler,jhjanie1,2
hollydler,jimasher,1
hollydler,jko417,1
hollydler,jlangdale,1
hollydler,joegooding,1
hollydler,joepalojoe,1
hollydler,johnkessler5,1
hollydler,jojoh888,2
hollydler,jonmcclellan,1
hollydler,josh_burlingame,1
hollydler,jsrroger,1
hollydler,jstines3,1
hollydler,jtblogs,1
hollydler,jthomas309,1
hollydler,justanavywife,1
hollydler,kallaue,1
hollydler,karina_jarrod,1
hollydler,kerpen,1
hollydler,kjbtazz,1
hollydler,kjung_brown,1
hollydler,kylie_oneil75,1
hollydler,lanheechen,1
hollydler,larksnestartist,1
hollydler,larryelder,1
hollydler,latinaafortrump,1
hollydler,lbrot1,1
hollydler,leonpui_,1
hollydler,lili_beauchamps,1
hollydler,lilymooncloud,1
hollydler,liz_yatessaint1,1
hollydler,magnifier661,2
hollydler,marchaig,1
hollydler,maribellezza,1
hollydler,mariclaire81,1
hollydler,marilynkj,1
hollydler,marylene58,1
hollydler,mike_pence,2
hollydler,mitchellvii,4
hollydler,mnelson0422,1
hollydler,movement_trump,1
hollydler,mparis46,1
hollydler,msvette2u,1
hollydler,myGianLuca,1
hollydler,nathanielbumpo,1
hollydler,neelnabh,1
hollydler,newtgingrich,1
hollydler,nordog13,1
hollydler,nytpolitics,1
hollydler,ohworriesme,1
hollydler,oliverdarcy,1
hollydler,onlxn,1
hollydler,oubliezleavion,1
hollydler,p_kenney,1
hollydler,pal29b,1
hollydler,patriototus,1
hollydler,paxdickinson,1
hollydler,peddoc63,1
hollydler,plasmalight1,1
hollydler,pms5699,1
hollydler,puppymnkey,1
hollydler,rdavidfloyd,1
hollydler,realDonaldTrump,3
hollydler,realkingrobbo,1
hollydler,redflagnews,1
hollydler,redostoneage,1
hollydler,resurgent,1
hollydler,rey_lowe,1
hollydler,rockynickydog,2
hollydler,rosea_tony,1
hollydler,roycan79,1
hollydler,rratkinson,1
hollydler,rtoberl,1
hollydler,sandro_au,1
hollydler,sandyaschneider,1
hollydler,sdxyz2,1
hollydler,seanspicer,1
hollydler,sethweathers,1
hollydler,sickhillary,1
hollydler,skipgodfrey,1
hollydler,slava381977,1
hollydler,slone,1
hollydler,smartvalueblog,1
hollydler,sokeijarhead,1
hollydler,staceyT85363374,1
hollydler,steph93065,1
hollydler,steve0423,1
hollydler,sweetatertot2,1
hollydler,swruddy,1
hollydler,tamaraleighllc,1
hollydler,tea0704,1
hollydler,tedcruz,1
hollydler,terrihammer2728,1
hollydler,terrymendozer,1
hollydler,theblaze,1
hollydler,thedailybeast,1
hollydler,thehill,1
hollydler,tnrockymom,1
hollydler,toby_dorena,1
hollydler,topcota1SG,1
hollydler,torbahax,1
hollydler,tponews,1
hollydler,tradethecycles,1
hollydler,truclear,1
hollydler,trump2016fan,1
hollydler,trumpforwin,1
hollydler,tweet4upatriots,1
hollydler,txcelat,1
hollydler,ultraconcept,1
hollydler,unconcious0,2
hollydler,usnews,1
hollydler,vmpcott,1
hollydler,vpassenheim5729,1
hollydler,w0tn0t,1
hollydler,weknowwhatsbest,3
hollydler,wikileaks,1
hollydler,worldgoneweird,3
hollydler,worldnetdaily,1
hollydler,yojudenz,1
holycrapchrix,3DzD,1
holycrapchrix,AtomicElbow1,1
holycrapchrix,Booth_Prince,1
holycrapchrix,Born_To_DYE,1
holycrapchrix,BuzzFeed,1
holycrapchrix,ChrixMorgan,1
holycrapchrix,Cthulhu_Tweets,1
holycrapchrix,CumuloPhallus,1
holycrapchrix,CurtisBigMan,1
holycrapchrix,Daleyinsanity,1
holycrapchrix,DanaGeezus,1
holycrapchrix,DonaldMAGATrump,1
holycrapchrix,Dreamweasel,2
holycrapchrix,FightNowAmerica,1
holycrapchrix,Forza_Velocita,1
holycrapchrix,FranklinFoer,1
holycrapchrix,GeffGefferson1,1
holycrapchrix,Goodluckbeer,1
holycrapchrix,Harrynotlarry,1
holycrapchrix,HeyItsChadAlan,1
holycrapchrix,HillaryClinton,1
holycrapchrix,InGodIDoTrust,1
holycrapchrix,LSUArsenalCorey,1
holycrapchrix,Latent_Fury,1
holycrapchrix,Longhairleeroy,1
holycrapchrix,Mephist0paulus,1
holycrapchrix,Pheramuse,1
holycrapchrix,PresidentJeffPJ,2
holycrapchrix,RacerX393,1
holycrapchrix,RealChrisCutts,1
holycrapchrix,Redlinesi10,1
holycrapchrix,ReenieDiva,1
holycrapchrix,RobotSteve2016,1
holycrapchrix,SeeDaneRun,1
holycrapchrix,Shane_Rodenbeck,3
holycrapchrix,SonnyUndercover,1
holycrapchrix,TCB_AK,1
holycrapchrix,TaraSetmayer,1
holycrapchrix,TheDailyShow,1
holycrapchrix,Thor_2000,2
holycrapchrix,TimKcomic,1
holycrapchrix,XQueenAckermanX,1
holycrapchrix,ZenRand,1
holycrapchrix,alexypkeaton,1
holycrapchrix,anticrisis73,1
holycrapchrix,borforall,1
holycrapchrix,bunnyhugger75,2
holycrapchrix,chelseallyn,1
holycrapchrix,chiefplan1,2
holycrapchrix,djblack,1
holycrapchrix,fatalmocking,1
holycrapchrix,fitzdog1167,1
holycrapchrix,lgmaterna,1
holycrapchrix,meyer2311,1
holycrapchrix,onlxn,1
holycrapchrix,pandamania_121,1
holycrapchrix,payneoflarry,1
holycrapchrix,randilynisin,1
holycrapchrix,realDonaldTrump,1
holycrapchrix,screechmonkey,1
holycrapchrix,sftimrf,1
holycrapchrix,sophie_diddles,1
holycrapchrix,stormynights10,1
holycrapchrix,theclobra,1
holycrapchrix,therealezway,3
holycrapchrix,travisj0331,1
holycrapchrix,voxdotcom,1
holycrapchrix,waba4,1
horrorki,tina_kandelaki,1
hunteroddddom,AntheaButler,3
hunteroddddom,BlackElleWoods,1
hunteroddddom,BraddJaffy,1
hunteroddddom,CerromeRussell,1
hunteroddddom,ChadLivengood,1
hunteroddddom,ClintSmithIII,1
hunteroddddom,DISmagazine,1
hunteroddddom,DJBLHolla,1
hunteroddddom,Donte_Donald,1
hunteroddddom,EMA_radio1,1
hunteroddddom,HeerJeet,1
hunteroddddom,HillaryClinton,1
hunteroddddom,JackNForTweets_,1
hunteroddddom,JeffreyFeldman,1
hunteroddddom,JoyAnnReid,4
hunteroddddom,KeshRue,2
hunteroddddom,Remdelarem,1
hunteroddddom,SheSeauxSaditty,1
hunteroddddom,SheenBean32,1
hunteroddddom,Slate,1
hunteroddddom,SonofBaldwin,1
hunteroddddom,TalibKweli,4
hunteroddddom,VaughnHillyard,1
hunteroddddom,Yamiche,1
hunteroddddom,aminatou,1
hunteroddddom,ananavarro,1
hunteroddddom,blicqer,1
hunteroddddom,bomani_jones,1
hunteroddddom,civilrights_rr,1
hunteroddddom,colinjones,1
hunteroddddom,daniecal,2
hunteroddddom,deray,1
hunteroddddom,docrocktex26,1
hunteroddddom,dwaynefighter,1
hunteroddddom,emptychampagne,1
hunteroddddom,fivefifths,2
hunteroddddom,ggreenwald,2
hunteroddddom,keithboykin,1
hunteroddddom,kurteichenwald,1
hunteroddddom,kylegriffin1,2
hunteroddddom,markwellsrector,1
hunteroddddom,mciszek,1
hunteroddddom,nytimes,1
hunteroddddom,nytopinion,2
hunteroddddom,onmaggieswatch,1
hunteroddddom,papalozarou,1
hunteroddddom,samswey,1
hunteroddddom,supernicehes,1
hyddrox,0HOUR1__,2
hyddrox,10903,1
hyddrox,1FilchFelonious,1
hyddrox,1SupremeGoddess,1
hyddrox,1VirtualPixie,1
hyddrox,1VoiceMatters,2
hyddrox,1_Hoof_Hearted,4
hyddrox,1st_infantry,1
hyddrox,1truprophet,1
hyddrox,1truthtel,1
hyddrox,2016_or_bust,1
hyddrox,20committee,2
hyddrox,28Malfunction,1
hyddrox,2AFightR,1
hyddrox,2ALAW,4
hyddrox,392551a121fa430,1
hyddrox,3lectric5heep,1
hyddrox,46drhouse,1
hyddrox,49thpost,1
hyddrox,4chansbest,1
hyddrox,4x_Clubchamp,1
hyddrox,555ft,1
hyddrox,5945USARTR,1
hyddrox,6bird4,1
hyddrox,70Roxx,1
hyddrox,74f5c728e7d446d,1
hyddrox,7CGcpa,1
hyddrox,7im,1
hyddrox,ABAesq,1
hyddrox,ABBooster,1
hyddrox,ABC,1
hyddrox,ABCPolitics,1
hyddrox,ABSaks,1
hyddrox,AG_Conservative,11
hyddrox,AIIAmericanGirI,5
hyddrox,AJDelgado13,3
hyddrox,AMTrump4PRES,2
hyddrox,ANOMALY1,6
hyddrox,AOverit,1
hyddrox,AP,2
hyddrox,APatriotDude,1
hyddrox,ARnews1936,2
hyddrox,ASatyanarayanan,1
hyddrox,ATHudd,1
hyddrox,AccuracyInMedia,1
hyddrox,AceofSpadesHQ,1
hyddrox,Acesmom1955,1
hyddrox,AdamBaldwin,1
hyddrox,AdamWollner,1
hyddrox,AgnesClaire,1
hyddrox,AirWarrior1969,1
hyddrox,AklamJor,1
hyddrox,AlRobins2015,1
hyddrox,Al_Gorelioni,1
hyddrox,AlbionAwakes,1
hyddrox,AllRepublicans,1
hyddrox,AllenWest,2
hyddrox,AllenWestRepub,30
hyddrox,AllthomasMC,1
hyddrox,AltRights,1
hyddrox,AlverezAmanda,1
hyddrox,Always_Trump,13
hyddrox,AlyLovesMovies,6
hyddrox,AmRenaissance,1
hyddrox,Amercans4YPG,1
hyddrox,American1765,1
hyddrox,AmericanMex067,1
hyddrox,AmericanVoterUS,1
hyddrox,Americooligan,1
hyddrox,AmyLeBelle,1
hyddrox,AmyMek,6
hyddrox,Amyloukingery,20
hyddrox,AndrewCMcCarthy,1
hyddrox,AngeloJohnGage,1
hyddrox,AnnCoulter,7
hyddrox,AnneBayefsky,1
hyddrox,AnonymousJobsUS,1
hyddrox,AnthonyVVeiner,1
hyddrox,AntiqueSully,1
hyddrox,AppSame,1
hyddrox,AriaWilsonGOP,1
hyddrox,ArmorCavSpin,1
hyddrox,Arron_banks,1
hyddrox,ArthurSchwartz,4
hyddrox,Artisanderson1,1
hyddrox,Asher_P_Fly,1
hyddrox,AshleyEdam,1
hyddrox,AtlTeaPartyLove,1
hyddrox,AuditTheMedia,1
hyddrox,AviWoolf,1
hyddrox,AxelMerk,1
hyddrox,BAMAPERRY,1
hyddrox,BBCJamesCook,1
hyddrox,BBUMH,1
hyddrox,BBegly,1
hyddrox,BIZPACReview,2
hyddrox,BJT_88,1
hyddrox,Babbsgirl2,5
hyddrox,Babyboomer1227,1
hyddrox,BakedAlcatraz,1
hyddrox,Barb4TRUMP,1
hyddrox,Barkvader,1
hyddrox,BarryMaicock1,1
hyddrox,Bcldecor,1
hyddrox,BeckyWuThere,1
hyddrox,Beer__Wolf,2
hyddrox,BeladonnaRogers,1
hyddrox,Bellanieve,1
hyddrox,BenHowe,4
hyddrox,BenWinslow,1
hyddrox,Benelliot3,1
hyddrox,Beth7316,1
hyddrox,Beyond_I_Do,1
hyddrox,BigBrotherizer,1
hyddrox,BigStick2013,2
hyddrox,Bikers4Trump,3
hyddrox,BillClintonTHOF,1
hyddrox,BillJohnson42,1
hyddrox,BillPeriman,1
hyddrox,Blaknsam,1
hyddrox,Bleachaholix,1
hyddrox,BleedGrnPhilly,1
hyddrox,BlendahTom,1
hyddrox,BluegrassPundit,1
hyddrox,Boazziz,2
hyddrox,BobMacAZ,12
hyddrox,BobbyEberle13,1
hyddrox,BobsNewsToday,1
hyddrox,Bohoover,1
hyddrox,BonnieL73841656,1
hyddrox,Boris_Badenoff,1
hyddrox,BostonForTrump,1
hyddrox,BradThor,1
hyddrox,BraddJaffy,1
hyddrox,Braveheart_USA,5
hyddrox,BrayTracie,1
hyddrox,BrazilianGirl32,28
hyddrox,BresPolitico,1
hyddrox,BretBaier,2
hyddrox,BrianGriffiths,1
hyddrox,BrittPettibone,1
hyddrox,Brownfractals,1
hyddrox,Bubbacaldwell,1
hyddrox,ByronYork,2
hyddrox,CDoranHarader,1
hyddrox,CGasparino,1
hyddrox,CJRamthun,1
hyddrox,CNN,3
hyddrox,CR,1
hyddrox,CRRogers5,1
hyddrox,CSteven,1
hyddrox,CajunKangaroo,2
hyddrox,CajunRich240,1
hyddrox,CalebHowe,1
hyddrox,CaliforniaPanda,1
hyddrox,Callisto1947,4
hyddrox,Cameron_Gray,1
hyddrox,CapeMayMeg,20
hyddrox,CaptBluLou,1
hyddrox,CaptYonah,1
hyddrox,Capt_Kirk45,1
hyddrox,CarlKenner,1
hyddrox,CarlosCruz2016,1
hyddrox,CarmineZozzora,2
hyddrox,CarrollStandard,1
hyddrox,Catheri96792731,1
hyddrox,CathyHolladay1,1
hyddrox,Cemoto78,1
hyddrox,CentFL4Trump,1
hyddrox,Cernovich,7
hyddrox,Chairmnoomowmow,1
hyddrox,CharMckenney,1
hyddrox,CharleneBaron,1
hyddrox,CheriJacobus,2
hyddrox,CherylBPR,1
hyddrox,ChooseToBFree,1
hyddrox,ChrisCoon4,1
hyddrox,ChrisRBarron,1
hyddrox,ChristiChat,5
hyddrox,ChristieC733,5
hyddrox,Christinascanl5,1
hyddrox,ChristophHeer52,1
hyddrox,ChristopherUng9,2
hyddrox,ChuckNellis,3
hyddrox,CindyCoops,1
hyddrox,CitizenAnalyst,1
hyddrox,ClarenceWhorley,1
hyddrox,ColBannister,1
hyddrox,ConNewsNow,11
hyddrox,ConcealNCarryNt,1
hyddrox,ConradMBlack,1
hyddrox,Conscores,1
hyddrox,ConserValidity,1
hyddrox,ConservVoice,1
hyddrox,ConservaVideos,1
hyddrox,Conservatexian,2
hyddrox,Conservative_VW,4
hyddrox,ConstanceQueen8,2
hyddrox,Cookiemuffen,2
hyddrox,Coondawg68,1
hyddrox,CopTheTruth,1
hyddrox,CortesSteve,1
hyddrox,Cory_1077,1
hyddrox,CounterJihadUS,2
hyddrox,Craigthepatriot,1
hyddrox,CronkiteSays,1
hyddrox,Crunched4time,1
hyddrox,CruzinAhead,1
hyddrox,Crystal4Trump,1
hyddrox,CrystalEPrebola,1
hyddrox,CrystalPrebola,2
hyddrox,Cuckerella,1
hyddrox,Cynthiamomof3,1
hyddrox,DANKBEANS,1
hyddrox,DBloom451,3
hyddrox,DEfortheBG,1
hyddrox,DFSSweets,1
hyddrox,DL1651,1
hyddrox,DRUDGE_REPORT,6
hyddrox,DT_TrumpFriends,1
hyddrox,DUANEALLEN,1
hyddrox,DV8s_com,1
hyddrox,DVATW,1
hyddrox,DWestsirman,1
hyddrox,DagnyRed,1
hyddrox,DagnyShea,1
hyddrox,DailyCaller,9
hyddrox,DanJoseph78,2
hyddrox,DanRiehl,3
hyddrox,DanScavino,8
hyddrox,Dannypace,1
hyddrox,DarrahValentine,1
hyddrox,Darren32895836,16
hyddrox,Davewellwisher,1
hyddrox,DavidA7808,1
hyddrox,DavidAFrench,1
hyddrox,DavidCayJ,4
hyddrox,DavidGoldbergNY,1
hyddrox,David_in_Dallas,1
hyddrox,DaystoTrump,1
hyddrox,Dbargen,55
hyddrox,DebAlwaystrump,1
hyddrox,DeborahRogan,1
hyddrox,DebraFBloom,1
hyddrox,Debramax,1
hyddrox,Democrat_4Trump,2
hyddrox,DenMom1965,1
hyddrox,DennaUsa,1
hyddrox,DeplorableMark1,1
hyddrox,DeplorablePride,1
hyddrox,DeplorableSense,1
hyddrox,Deplorablekat,1
hyddrox,DeplorityReport,1
hyddrox,Desert2theSea,1
hyddrox,DesertRiver,1
hyddrox,DetteMason,1
hyddrox,DiamondandSilk,1
hyddrox,Dianne09314822,1
hyddrox,DiggaBruckShot,1
hyddrox,Dimitriy7593,1
hyddrox,DineshDSouza,2
hyddrox,Disciple4Lif,1
hyddrox,Discoveringme40,2
hyddrox,Disgruntled_vot,1
hyddrox,DivineMoments,1
hyddrox,Dlw20161950,2
hyddrox,Don_Vito_08,3
hyddrox,DonaldJTrumpJr,2
hyddrox,DonaldT4Prez,1
hyddrox,DonnaM5050,1
hyddrox,DonnaWR8,2
hyddrox,DonnyFerguson,3
hyddrox,DrEstella,1
hyddrox,DrJillStein,1
hyddrox,DrMartyFox,5
hyddrox,DropThe_Mic,1
hyddrox,ECCDeplorable,1
hyddrox,EDinCali,1
hyddrox,EcuadorDeb,1
hyddrox,EdShelby,1
hyddrox,EjHirschberger,1
hyddrox,Eli22301003,1
hyddrox,ElianaBenador,1
hyddrox,ElinaBeauchamp,1
hyddrox,Ellysa_Maye,1
hyddrox,EnemyWithinn,1
hyddrox,English_For_You,2
hyddrox,EntheosShines,1
hyddrox,Enubus,1
hyddrox,Evan_McMullin,3
hyddrox,EvelynGarone,1
hyddrox,EvilEsq,2
hyddrox,EvolveQuickly,1
hyddrox,ExposeHillary,2
hyddrox,ExurbanKevin,1
hyddrox,Eyes_of_justice,2
hyddrox,FAIRImmigration,1
hyddrox,FHouston38,1
hyddrox,FT,1
hyddrox,FacMagnaAmerica,2
hyddrox,Fahrenthold,3
hyddrox,FanaticalGOP,1
hyddrox,FederalSpyGuy,1
hyddrox,FemalesForTrump,3
hyddrox,FightersIntel,1
hyddrox,Fingersflying,1
hyddrox,FirstTeamTommy,2
hyddrox,FiveRights,1
hyddrox,ForAmerica,1
hyddrox,ForeignPolicyTp,1
hyddrox,FormerlyFormer,1
hyddrox,FoxBusiness,4
hyddrox,FoxNews,6
hyddrox,FredHayek,1
hyddrox,FredZeppelin12,1
hyddrox,FreeDavidKing,1
hyddrox,FreedomChild3,1
hyddrox,FreedomFOA,1
hyddrox,FreestyIeRaps,1
hyddrox,Fresh_News_24,1
hyddrox,FriendManager,1
hyddrox,GDLtothePDX,1
hyddrox,GHalv,1
hyddrox,GIUSEPPE766Q,1
hyddrox,GLCPOPS,1
hyddrox,GOP,2
hyddrox,GOPBlackChick,2
hyddrox,GOP_Contessa,1
hyddrox,GaetaSusan,1
hyddrox,GaltsGultch,1
hyddrox,GartrellLinda,1
hyddrox,GayRepublicSwag,1
hyddrox,GaylenKathleen,1
hyddrox,GeauxTrump2016,1
hyddrox,GenFlynn,2
hyddrox,Genealogy123,1
hyddrox,GeorgeWept,1
hyddrox,GeorgeWhiteJr,1
hyddrox,GeorgiaLogCabin,1
hyddrox,Ghastly_Grinner,1
hyddrox,GideonResnick,1
hyddrox,GingoFob,1
hyddrox,Girls4urtrump,1
hyddrox,GoldStarMomTX55,2
hyddrox,GovMikeHuckabee,1
hyddrox,Grant503,1
hyddrox,Gumball55668882,3
hyddrox,Gunnar_Thor,1
hyddrox,HKirsh1,1
hyddrox,HVENews,1
hyddrox,HWDRepublican,1
hyddrox,HahnAmerica,1
hyddrox,HaleyTessIsis,1
hyddrox,HalleyBorderCol,4
hyddrox,Harlan,8
hyddrox,HarleyLeBon,1
hyddrox,HarveyAckerman,1
hyddrox,HawkinsUSA,47
hyddrox,Henry3Castro,1
hyddrox,Herfarm,2
hyddrox,HeyTammyBruce,1
hyddrox,Hicks333Allen,1
hyddrox,Hillarizer,1
hyddrox,HillarysHandler,1
hyddrox,Hillarysearpie1,1
hyddrox,HindaRifka,1
hyddrox,HlLLARYCLINT0N,1
hyddrox,HolzMAS,1
hyddrox,HomerWhite,3
hyddrox,HorseShort,1
hyddrox,HotlineJosh,1
hyddrox,Hotpage_News,1
hyddrox,HowieCarrShow,1
hyddrox,Hublife,1
hyddrox,HunterHRC2016,1
hyddrox,Hutch_USA,2
hyddrox,IAMPCBob,1
hyddrox,IAmSoSmart,10
hyddrox,INTJutsu,3
hyddrox,I_AmAmerica,1
hyddrox,IamJoogle,1
hyddrox,Ian56789,2
hyddrox,ImGayNotStupid,1
hyddrox,ImIrredeemable,1
hyddrox,ImWithYou010,1
hyddrox,InGodIDoTrust,5
hyddrox,Infidelzfun,1
hyddrox,IngrahamAngle,5
hyddrox,Italians4Trump,1
hyddrox,ItsMeJessAriane,1
hyddrox,IzzabooLady,1
hyddrox,JACURRY295,1
hyddrox,JBaker31826004,1
hyddrox,JBrenn,1
hyddrox,JC3Me2,1
hyddrox,JC7109,1
hyddrox,JDiamond1,1
hyddrox,JOHNR1488,1
hyddrox,JOMainEvent,1
hyddrox,JSavoly,1
hyddrox,JackPosobiec,4
hyddrox,JackieTheJudge,1
hyddrox,Jahbalon,1
hyddrox,Jail_Killery,7
hyddrox,JamesOKeefeIII,3
hyddrox,JamesTheSilent_,1
hyddrox,JammieWF,1
hyddrox,JanettSimmat,1
hyddrox,JaredWyand,4
hyddrox,Jarjarbug,1
hyddrox,JasonMillerinDC,4
hyddrox,JayCaruso,1
hyddrox,JayWeber3,1
hyddrox,JeanetteJing,7
hyddrox,JeffreyGuterman,1
hyddrox,JenCam07,1
hyddrox,JenCapriati,1
hyddrox,Jenna4Trump,1
hyddrox,JermonMaxey,1
hyddrox,JerrywithaJ1,1
hyddrox,JesseKellyDC,1
hyddrox,JessieJaneDuff,1
hyddrox,JimmyPrinceton,2
hyddrox,JoAnn_Bill,1
hyddrox,JoKiddo,1
hyddrox,JodiGiddings,1
hyddrox,JoeFreedomLove,3
hyddrox,JoeKoltisko10,1
hyddrox,JoeNYLaw,1
hyddrox,JoePrich,1
hyddrox,JoelCRosenberg,1
hyddrox,JohnEkdahl,3
hyddrox,JohnFromCranber,10
hyddrox,JohnKStahlUSA,8
hyddrox,JohnRLottJr,1
hyddrox,JohnSpensieri1,1
hyddrox,Johnatsrs1949,4
hyddrox,JonBowzerBauman,1
hyddrox,JonahNRO,1
hyddrox,JonnybeHood,1
hyddrox,Josal87,1
hyddrox,Joseph_Brand0,1
hyddrox,JoyAnnReid,2
hyddrox,JudicialWatch,1
hyddrox,JudyBaldasaro,1
hyddrox,JulesKrajewski,1
hyddrox,Juliet777777,1
hyddrox,Just_a_Texan,1
hyddrox,K1erry,3
hyddrox,KBrocking,1
hyddrox,KFieLd_4TRUMP,1
hyddrox,KGBVeteran,1
hyddrox,KLSouth,2
hyddrox,KNDetweiler,1
hyddrox,KSTXN,1
hyddrox,KSoltisAnderson,1
hyddrox,KamVTV,2
hyddrox,Kamani1147,16
hyddrox,KarenKnotts4,1
hyddrox,KarinaOlivierC,1
hyddrox,Kasparov63,4
hyddrox,KathyMicale,1
hyddrox,KatiePavlich,1
hyddrox,Kattaus2016,1
hyddrox,KatyinIndy,2
hyddrox,KeeponTrumppin,1
hyddrox,KelemenCari,1
hyddrox,KellyannePolls,10
hyddrox,KelsH2,1
hyddrox,KenGardner11,2
hyddrox,KenPaxtonTX,1
hyddrox,KennethHoefle,1
hyddrox,KevinJacksonTBS,1
hyddrox,KimDotcom,2
hyddrox,KipAimes,1
hyddrox,KitDaniels1776,1
hyddrox,KlayVolk,2
hyddrox,KloeKeppler,1
hyddrox,Koxinga8,1
hyddrox,KrisParonto,1
hyddrox,Ktywack1,2
hyddrox,KurtSchlichter,2
hyddrox,KyleKulinski,1
hyddrox,KyleWRowley,2
hyddrox,KyllikiT,1
hyddrox,LANURSE1,1
hyddrox,LCFMorningstar,3
hyddrox,LEFTH00K,47
hyddrox,LGMS56,1
hyddrox,LGlick1,1
hyddrox,LLH713,1
hyddrox,LMBigSur,1
hyddrox,LPDonovan,2
hyddrox,LVNancy,2
hyddrox,LadyBabs07,1
hyddrox,LadyLiberTea,45
hyddrox,Lagartija_Nix,1
hyddrox,LanceSilver1,2
hyddrox,LaraLeaTrump,1
hyddrox,LarrySabato,1
hyddrox,LatinaPatriotNV,1
hyddrox,LatinoOtherSide,1
hyddrox,Lauren_Southern,1
hyddrox,LaurieBailey,2
hyddrox,LaydiHD,1
hyddrox,LeahR77,11
hyddrox,LeahRBoss,1
hyddrox,Leaha_Luv,1
hyddrox,LeftfootLeeds,1
hyddrox,LegInsurrection,1
hyddrox,LessaT,13
hyddrox,LiberatedCit,1
hyddrox,LibertyNews1776,1
hyddrox,LibertySeeds,3
hyddrox,LifeNewsHQ,14
hyddrox,LifeZette,1
hyddrox,LilMissRightie,1
hyddrox,LillyLooooL,2
hyddrox,Linda18788,2
hyddrox,LindaSuhler,19
hyddrox,LizMair,1
hyddrox,LogicalCampaign,2
hyddrox,LordKnighticus,1
hyddrox,LorenzoCastane3,1
hyddrox,LouDobbs,18
hyddrox,LouiseMensch,1
hyddrox,Lpr1944W,1
hyddrox,Lrihendry,11
hyddrox,LuanaMacLac,1
hyddrox,LulusParty,3
hyddrox,M0L0NL4BE,1
hyddrox,M24Miles,1
hyddrox,MADE__USA,1
hyddrox,MBGlenn,1
hyddrox,MEEchelleO,1
hyddrox,MIKETODD_,1
hyddrox,MJGerson,1
hyddrox,MJoemal19,1
hyddrox,MPHaus,1
hyddrox,M_RevereUSA,1
hyddrox,Maddog5827,2
hyddrox,MadisonSiriusXM,1
hyddrox,MagicRoyalty,1
hyddrox,MalyndaNyc,1
hyddrox,ManhattanInst,1
hyddrox,Manni_syd,1
hyddrox,MargaretClancy,1
hyddrox,MariaBartiromo,2
hyddrox,MariviGarces,1
hyddrox,MarkDice,1
hyddrox,MarkSteynOnline,1
hyddrox,MaryCRoberson,1
hyddrox,MaryLoveUS4,1
hyddrox,MasterGuns1313,1
hyddrox,MattLugar,2
hyddrox,MattMackowiak,1
hyddrox,MatthewMarkLuk3,1
hyddrox,MauryCostes,1
hyddrox,MaxBlumenthal,1
hyddrox,MaxBoot,1
hyddrox,Maxinerunner,1
hyddrox,MaxsowellOne,1
hyddrox,MayIrmamay14,1
hyddrox,May_Stone121,1
hyddrox,McDebida,1
hyddrox,McDermie,1
hyddrox,McGweegan,1
hyddrox,Mdixon55,1
hyddrox,MediaJuggernaut,1
hyddrox,Mediaite,1
hyddrox,MegMegaBlocks,1
hyddrox,MeganSmiles,1
hyddrox,Merry__Can,4
hyddrox,Miami4Trump,9
hyddrox,Micha_Joy,1
hyddrox,MichaelScarbrou,1
hyddrox,Michael_Haz,1
hyddrox,MichelleFields,1
hyddrox,MiddleEastEye,1
hyddrox,MiddleEastOne,1
hyddrox,MightyBusterBro,1
hyddrox,MikeBates,4
hyddrox,MikePenceVP,7
hyddrox,MikeRoySF,1
hyddrox,MileahKromer,1
hyddrox,Miller89918204,1
hyddrox,MissMcC5,1
hyddrox,MissinBreitbart,1
hyddrox,MissingReagan,1
hyddrox,Mitt_Fit,1
hyddrox,MoScarlet,1
hyddrox,Momfullofhope,2
hyddrox,Mona_Lina1,1
hyddrox,MonicaCrowley,1
hyddrox,Morty_Fied,1
hyddrox,MrEdTrain,4
hyddrox,Mr_Holtzworth,1
hyddrox,MrsVyousee,1
hyddrox,Ms10AC,1
hyddrox,MuchWowShibes,1
hyddrox,N0_Sorr0w,1
hyddrox,NEWS9,1
hyddrox,NRA,1
hyddrox,NRBAssociation,1
hyddrox,NSMNationalist,1
hyddrox,NYTnickc,1
hyddrox,NancyHSTi,1
hyddrox,NasonDon,1
hyddrox,NatShupe,2
hyddrox,NathanWurtzel,1
hyddrox,NeilTurner_,1
hyddrox,NetworksManager,3
hyddrox,New_England_,1
hyddrox,NewportLost,1
hyddrox,NikoTheFarmer,1
hyddrox,NimbleNavgater,1
hyddrox,NoKoolAide,1
hyddrox,NolteNC,13
hyddrox,Nomedialies,1
hyddrox,NorCalCrush,1
hyddrox,NormOrnstein,1
hyddrox,NotBizzy,1
hyddrox,NotJoshEarnest,2
hyddrox,Nottinghams1,6
hyddrox,NubianAwakening,3
hyddrox,NumbersMuncher,6
hyddrox,NumbersUSA,1
hyddrox,OCAmericans,31
hyddrox,OMFG_America,1
hyddrox,ORConservative,7
hyddrox,Oasis00000,1
hyddrox,ObamaBash,18
hyddrox,Obamaisnuts,1
hyddrox,OccuWorld,1
hyddrox,OhSumthinShiny,1
hyddrox,OhioCoastie,1
hyddrox,OkKelly22,1
hyddrox,OliMauritania,1
hyddrox,Onelifetogive,1
hyddrox,OrwellForks,1
hyddrox,OutFrontCNN,1
hyddrox,P0TUSTrump,1
hyddrox,PBugbuster,1
hyddrox,PJMedia_com,1
hyddrox,PJMorum,2
hyddrox,PJStrikeForce,4
hyddrox,PMgeezer,4
hyddrox,PageforTN,1
hyddrox,PamelaGeller,2
hyddrox,Pamela_Moore13,5
hyddrox,ParamjitGarewal,1
hyddrox,PatDollard,9
hyddrox,PatVPeters,1
hyddrox,PatriciaAHenso1,1
hyddrox,PatrickSvitek,1
hyddrox,PatriotByGod,2
hyddrox,PatriotGinger,1
hyddrox,PatriotHuth,1
hyddrox,Patriot_0007,1
hyddrox,Patriot_Depot,1
hyddrox,Patriot_Ink,1
hyddrox,Patriot_MM,13
hyddrox,Patriotancestry,33
hyddrox,Patriotic_Me,1
hyddrox,Patriotic_Pete,1
hyddrox,PattiSM74,1
hyddrox,PattyFrye12,1
hyddrox,PaulBarksdale,1
hyddrox,PaulGregory2173,1
hyddrox,PaulOD1,1
hyddrox,Peggy7172,1
hyddrox,Peggynoonannyc,1
hyddrox,PeterTownsend7,2
hyddrox,PhilipRucker,2
hyddrox,PhxKen,1
hyddrox,PizzaPartyBen,1
hyddrox,PlaysTrumpCard,1
hyddrox,PolitiBunny,1
hyddrox,PolitiCompass,1
hyddrox,Politic2k,1
hyddrox,PoliticalDose,1
hyddrox,PoliticalShort,1
hyddrox,PoliticsNewsUS4,1
hyddrox,PolitixGal,3
hyddrox,PolyPatriot,1
hyddrox,Popehat,2
hyddrox,PoppyHarlowCNN,1
hyddrox,Portosj81J,1
hyddrox,PounderFile,1
hyddrox,PpollingNumbers,5
hyddrox,PrisonPlanet,16
hyddrox,ProfWaller,1
hyddrox,ProudAmerican82,1
hyddrox,ProudPatriot,2
hyddrox,QueenKafirBitch,1
hyddrox,RFlotz,1
hyddrox,RJ_Bond,1
hyddrox,RMConservative,1
hyddrox,RNRMaryland,1
hyddrox,ROCKONDUDE2,3
hyddrox,R_U_Srs,1
hyddrox,Raddmom,1
hyddrox,RadioFreeTom,2
hyddrox,Raffi716,1
hyddrox,Ramtoad,2
hyddrox,ReadTheHornNews,1
hyddrox,ReaganBattalion,1
hyddrox,RealAlexJones,2
hyddrox,RealDJTrumpTeam,4
hyddrox,RealJBradly,1
hyddrox,RealJTP,1
hyddrox,RealJamesWoods,4
hyddrox,RealJoeS1,1
hyddrox,RealRickyVaughn,1
hyddrox,RealRobCurry,1
hyddrox,RealScottErnst,1
hyddrox,Real_TrumpFacts,1
hyddrox,RedNationRising,1
hyddrox,RedState,5
hyddrox,RedheadAndRight,1
hyddrox,RefDemo,1
hyddrox,ReformedBreeder,2
hyddrox,ReporterGreen,1
hyddrox,RepublicanChick,3
hyddrox,RepublicanPunk,1
hyddrox,ResistTyranny,1
hyddrox,Restart_GOP,1
hyddrox,Reverend_Ducati,1
hyddrox,RevkahJC,1
hyddrox,RichLowry,1
hyddrox,RichardGrenell,2
hyddrox,RichardTBurnett,2
hyddrox,RichardUSA,1
hyddrox,RichardW_1943,1
hyddrox,RichardWeaving,1
hyddrox,RickRWells,4
hyddrox,RickyBird11811,1
hyddrox,Ricky_Vaughn99,1
hyddrox,Right4America,1
hyddrox,RightnewsNews,1
hyddrox,RobHoey,24
hyddrox,RobertJohnDavi,1
hyddrox,RobertPercin,2
hyddrox,Rockprincess818,3
hyddrox,RogerJStoneJr,3
hyddrox,Rositabonita48,1
hyddrox,RotNScoundrel,1
hyddrox,RtOnPrinciple,5
hyddrox,RussVet1,1
hyddrox,SEC_SAM,1
hyddrox,SHowe06,1
hyddrox,SLWorona,1
hyddrox,SLandinSoCal,1
hyddrox,SRobertsKRON4,1
hyddrox,SSbridges51,1
hyddrox,STSTWO,1
hyddrox,SadieTurner17,1
hyddrox,Sailingflyingd,1
hyddrox,Salg26,1
hyddrox,SamThiessen,1
hyddrox,SamValley,1
hyddrox,SamuelWhiskey2,1
hyddrox,SandraTXAS,4
hyddrox,SarahHuckabee,1
hyddrox,Sargon_of_Akkad,1
hyddrox,SassyPantsjj,1
hyddrox,SavageNation,1
hyddrox,SaveUSA1776,1
hyddrox,ScottAdamsSays,1
hyddrox,ScottBaio,3
hyddrox,ScottFordTVGuy,3
hyddrox,ScottPresler,2
hyddrox,ScrapMetalIrish,1
hyddrox,SebGorka,1
hyddrox,SecularKafir,2
hyddrox,SeeHumanity007,1
hyddrox,SenTedCruz,1
hyddrox,SethAMandel,2
hyddrox,Shaftan,1
hyddrox,SharNeal,1
hyddrox,SharonMcCutchan,2
hyddrox,ShawnMichaelR,1
hyddrox,Sheasma,1
hyddrox,SheriffClarke,6
hyddrox,ShillForHillary,1
hyddrox,Shimmyfab,1
hyddrox,ShrekBane,1
hyddrox,ShutOffMSM,1
hyddrox,SilERabbit,1
hyddrox,Sir_Max,1
hyddrox,SkipLicker,1
hyddrox,SkuzzNews,1
hyddrox,Slate,1
hyddrox,SloaneRanger4,1
hyddrox,SmallgGay,2
hyddrox,SmileyNH,1
hyddrox,Smor1957Suzan,1
hyddrox,SmurfBoobs,1
hyddrox,Snitfit,1
hyddrox,SoCal4Trump,1
hyddrox,SociallySherri,1
hyddrox,SooperMexican,6
hyddrox,SopanDeb,3
hyddrox,SouthBoulder,1
hyddrox,SouthLoneStar,1
hyddrox,Southern1337,1
hyddrox,Spicoli83,1
hyddrox,SputnikInt,1
hyddrox,Ssmfarley777,1
hyddrox,Staciopath,1
hyddrox,StacyBrewer18,1
hyddrox,StanleyECook,1
hyddrox,StefanMolyneux,4
hyddrox,SteveDeaceShow,8
hyddrox,SteveSGoddard,1
hyddrox,SteveStevethe,1
hyddrox,Steve_yerp,1
hyddrox,StevenpTruong,1
hyddrox,Stevenwhirsch99,7
hyddrox,Stonewall_77,6
hyddrox,StopStopHillary,1
hyddrox,StrangeFunnies,1
hyddrox,Sultanknish,1
hyddrox,SupaScoopa_,1
hyddrox,SuperDuperBecky,1
hyddrox,SurvivorMed,1
hyddrox,Swee2thMc,1
hyddrox,SweetFreedom29,1
hyddrox,Sweetatertot,1
hyddrox,SykesCharlie,2
hyddrox,TBCJay,1
hyddrox,TEN_GOP,12
hyddrox,THEHermanCain,1
hyddrox,THEQUEENISMAD,1
hyddrox,THE_KATZ,1
hyddrox,TMZ,1
hyddrox,TNJim,1
hyddrox,TRUMPMOVEMENTUS,11
hyddrox,TRUMPOATH12017,1
hyddrox,TRUMPWOMENMATT1,1
hyddrox,TRUMP_PREZ,2
hyddrox,TSimm246,1
hyddrox,TUSK81,1
hyddrox,TXGOOGLE,1
hyddrox,TakeItBack2o16,1
hyddrox,TalSullivan,1
hyddrox,TalkCritic,1
hyddrox,TallahForTrump,4
hyddrox,TaraSetmayer,1
hyddrox,TeaPartyNevada,2
hyddrox,TeamMcMullin,1
hyddrox,TeamTrump,5
hyddrox,TeamTrumpAZ,1
hyddrox,TelcoJ,1
hyddrox,TempletonTJones,1
hyddrox,TennConserv,1
hyddrox,Terrence_Kimi,1
hyddrox,TexasSportsDog,1
hyddrox,TexasYankee001,1
hyddrox,ThankYouDonald,1
hyddrox,ThatChristyChic,5
hyddrox,TheBatriarchy,1
hyddrox,TheBlazeRadio,1
hyddrox,TheBoogeyPage,1
hyddrox,TheDavidAHamm,1
hyddrox,TheFoundingSon,1
hyddrox,TheGOPReport,1
hyddrox,TheGatekeeper37,1
hyddrox,TheJackOBrien,1
hyddrox,TheKillerBambi,1
hyddrox,TheLastRefuge2,2
hyddrox,TheLeadCNN,1
hyddrox,TheMorningSpew,1
hyddrox,TheNewsDigital2,1
hyddrox,TheOneSoleShoe,2
hyddrox,ThePatriot143,4
hyddrox,ThePolitiStick,1
hyddrox,TheReaganWay,1
hyddrox,TheRickWilson,1
hyddrox,TheRightGirl585,1
hyddrox,TheSchnabs,1
hyddrox,TheSourceStar,1
hyddrox,TheTrumpLady,3
hyddrox,TheTrumpTrain,1
hyddrox,TheTrutherTank,1
hyddrox,TheWeiseDame,1
hyddrox,The_NeoKong,2
hyddrox,The_Patriot_V,1
hyddrox,The_Trump_Train,6
hyddrox,The_Trumpident,1
hyddrox,ThenMoveWhiner,1
hyddrox,Third_Position,2
hyddrox,Thomas1774Paine,4
hyddrox,TimBurt,3
hyddrox,TimInHonolulu,1
hyddrox,TimJGraham,1
hyddrox,TimRunsHisMouth,1
hyddrox,ToddHagopian,1
hyddrox,TomFitton,1
hyddrox,TonightsFights,1
hyddrox,TrainmanDave,1
hyddrox,Trinity506595R,1
hyddrox,TrishIntel,1
hyddrox,TrishaSchriner,1
hyddrox,TruckMafk,1
hyddrox,Trump4Hope,1
hyddrox,TrumpDynastyUSA,1
hyddrox,TrumpIsTheTrue,1
hyddrox,TrumpMyPres,2
hyddrox,TrumpNewMedia,1
hyddrox,TrumpPence2020,1
hyddrox,TrumpPenceUSA1,3
hyddrox,TrumpSuperPAC,4
hyddrox,TrumpToWH,1
hyddrox,TrumpTrainNewss,1
hyddrox,TrumpVsHilary,1
hyddrox,TrumpWins2017,1
hyddrox,Trumpazona,1
hyddrox,Trumpster4Trump,1
hyddrox,Trumptbird,2
hyddrox,Trumpviewz,3
hyddrox,TruthFeedNews,3
hyddrox,TweetingYarnie,2
hyddrox,TwitchyTeam,1
hyddrox,USAHipster,1
hyddrox,USAforTrump2016,5
hyddrox,USMCJuanCarlos,1
hyddrox,UTHornsRawk,1
hyddrox,UnPoliticalPrty,2
hyddrox,UnityActivist,1
hyddrox,Varneyco,5
hyddrox,Veteran4Trump,1
hyddrox,VickiMcKenna,1
hyddrox,VickyBrush,1
hyddrox,VigilantVeteran,1
hyddrox,VivaLaAmes,5
hyddrox,VloVincent,1
hyddrox,WDFx2EU7,5
hyddrox,WDFx2EU8,1
hyddrox,WSCP1,1
hyddrox,Walldo,3
hyddrox,Wally59Steve,1
hyddrox,WalshFreedom,1
hyddrox,WalterHorsting,1
hyddrox,WanderNWoodsman,1
hyddrox,WaskelweeWabbit,1
hyddrox,WatchCenter,1
hyddrox,WayneDupreeShow,9
hyddrox,WeNeedTrump,5
hyddrox,WeThePatriotic,2
hyddrox,Welly_World,1
hyddrox,Wes_St_Clair,1
hyddrox,WesleyRickard,10
hyddrox,WestJournalism,2
hyddrox,WhineNot,1
hyddrox,WhitestRabbit_,1
hyddrox,WhoWolfe,2
hyddrox,WilliamFBuckley,1
hyddrox,Wisakijak,1
hyddrox,Workers4Trump,2
hyddrox,WorldTvlr,1
hyddrox,YOUNGFiREBRAND,1
hyddrox,Yair_Rosenberg,1
hyddrox,YoungCons,2
hyddrox,YoungDems4Trump,9
hyddrox,YourLibertyNews,1
hyddrox,Z1Nomad,1
hyddrox,Zeke311,1
hyddrox,Zigmanfreud,2
hyddrox,Ziplok_,3
hyddrox,_CFJ_,1
hyddrox,_Deplorables,1
hyddrox,_Drew_McCoy_,1
hyddrox,_HankRearden,1
hyddrox,_HughBris,1
hyddrox,_Makada_,6
hyddrox,_VoteThemOut,1
hyddrox,_redhaze_,3
hyddrox,aaronsrgenus,1
hyddrox,ablearnn,1
hyddrox,abusedtaxpayer,49
hyddrox,aceloew,1
hyddrox,adirado29,1
hyddrox,adjunctprofessr,3
hyddrox,agreatercountry,1
hyddrox,ajenable,1
hyddrox,alaskantexanQCT,1
hyddrox,alenesopinions,1
hyddrox,alimhaider,1
hyddrox,allahpundit,1
hyddrox,almostjingo,1
hyddrox,am77933250,1
hyddrox,amandacarpenter,3
hyddrox,amrightnow,6
hyddrox,amronsomar,1
hyddrox,ananavarro,1
hyddrox,andersonDrLJA,5
hyddrox,andieiamwhoiam,2
hyddrox,andrewborel94,1
hyddrox,andrewsweiss,1
hyddrox,annaleclaire,1
hyddrox,annehelen,1
hyddrox,annieone3,1
hyddrox,antbaxter,1
hyddrox,anthonyzenkus,1
hyddrox,antiplantation1,1
hyddrox,antoniosabatojr,2
hyddrox,apgovea1,1
hyddrox,asamjulian,10
hyddrox,askthemayven,1
hyddrox,asmMelendez,1
hyddrox,asskickymchotti,1
hyddrox,asterdog1,1
hyddrox,asymmetricinfo,1
hyddrox,attentionmustbe,1
hyddrox,avanconia,1
hyddrox,azfury,1
hyddrox,azmike2001,2
hyddrox,azqueen57Sandy,1
hyddrox,babysgramma,1
hyddrox,badov49,1
hyddrox,barelypolitix,1
hyddrox,bayareahausfrau,2
hyddrox,bedfish,1
hyddrox,beecozz,2
hyddrox,belle819819,1
hyddrox,benshapiro,6
hyddrox,benslick101,1
hyddrox,bespokeinvest,1
hyddrox,betseyross,1
hyddrox,bfraser747,21
hyddrox,bigmikeintexas,1
hyddrox,billsoltis,1
hyddrox,bjh_cda,1
hyddrox,blackrepublican,1
hyddrox,blaubok,1
hyddrox,bleakfacts,2
hyddrox,bmphillips1976,1
hyddrox,bob_owens,25
hyddrox,bobrod42,1
hyddrox,bocavista2016,6
hyddrox,bogiebeagle2,1
hyddrox,brandobogartone,1
hyddrox,brandondarby,1
hyddrox,bravehart60,1
hyddrox,brawlady,1
hyddrox,britemiller,1
hyddrox,brokencountry1,1
hyddrox,burzenski,1
hyddrox,bwtanker,1
hyddrox,cajunkallie,1
hyddrox,camboviet,1
hyddrox,carlastrass,1
hyddrox,carolfhandy,1
hyddrox,carrieksada,2
hyddrox,cccleland,1
hyddrox,cgpb,13
hyddrox,chambers_doug,1
hyddrox,charliekirk11,1
hyddrox,christianlasval,1
hyddrox,cindyforliberty,1
hyddrox,ckoivu,1
hyddrox,clanceman65,1
hyddrox,cmdorsey,63
hyddrox,cnni,1
hyddrox,cnnwriter69,2
hyddrox,cocosbentmind,1
hyddrox,col_nj,2
hyddrox,colleen2296,1
hyddrox,commondecencyyo,1
hyddrox,commonpatriot,1
hyddrox,conncarroll,1
hyddrox,conner24evanz,1
hyddrox,conserv_tribune,1
hyddrox,conservtivemom,1
hyddrox,corinnahodges1,1
hyddrox,cristinalaila1,1
hyddrox,cspan,1
hyddrox,cwforshizzle,1
hyddrox,cyrusgill,1
hyddrox,cyvault,1
hyddrox,dangallo,1
hyddrox,danieltobin,1
hyddrox,datrumpnation1,2
hyddrox,daviddavidsocal,1
hyddrox,davidfrum,7
hyddrox,davidharsanyi,1
hyddrox,davidsirota,1
hyddrox,dawnellemurray,2
hyddrox,dawngpsalm63,1
hyddrox,dbernstein,1
hyddrox,dbongino,1
hyddrox,dcexaminer,4
hyddrox,dckolarik,1
hyddrox,deaconcruise,1
hyddrox,debbywitt,1
hyddrox,debfinley46,1
hyddrox,debraraes,1
hyddrox,debsellsslc,2
hyddrox,deedee862,1
hyddrox,dempstermd,1
hyddrox,deplorable111,1
hyddrox,deplorablelori,1
hyddrox,dgcloud9,1
hyddrox,dgminer3,1
hyddrox,dhrxsol1234,1
hyddrox,digitalfuture4u,1
hyddrox,ditzkoff,1
hyddrox,djaccity,1
hyddrox,dls58,1
hyddrox,dmartosko,1
hyddrox,dmon4ever,2
hyddrox,docmurdock,1
hyddrox,doctor_z1ck,1
hyddrox,dovorah001,1
hyddrox,dreamedofdust,2
hyddrox,drivn2xl,1
hyddrox,drudgeheadlines,1
hyddrox,dt_ads,1
hyddrox,eaglesdontflock,7
hyddrox,ed_hooley,2
hyddrox,eddiecarl4468,1
hyddrox,eddiern,1
hyddrox,eeynouf,1
hyddrox,efto,1
hyddrox,elsoldepuebla1,1
hyddrox,emrutherford90,1
hyddrox,emzanotti,1
hyddrox,ereaganwright,1
hyddrox,ericgeller,1
hyddrox,erinhaust,4
hyddrox,ernieHHI,1
hyddrox,exjon,2
hyddrox,exposeliberals,1
hyddrox,ezbiz,1
hyddrox,faagifts,2
hyddrox,fancygap1,1
hyddrox,farmagoo,1
hyddrox,fashgeese,1
hyddrox,feeonline,1
hyddrox,filterednews,1
hyddrox,finnygo,1
hyddrox,fkyatrump,1
hyddrox,flatwalk,1
hyddrox,floridaguy267,1
hyddrox,foxandfriends,4
hyddrox,fpatterson1050,1
hyddrox,frankgaffney,2
hyddrox,frankthorp,1
hyddrox,freedomforusnow,1
hyddrox,freedomwatchweb,3
hyddrox,front_end_dev,1
hyddrox,fubaglady,1
hyddrox,gailbuckley,1
hyddrox,gammawcarol,1
hyddrox,gatewaypundit,1
hyddrox,gays4trump2016,1
hyddrox,gaywonk,1
hyddrox,gelicmonkey,1
hyddrox,gene70,1
hyddrox,geosplace,1
hyddrox,gerfingerpoken,10
hyddrox,gerfingerpoken2,3
hyddrox,ggeett37aaa,3
hyddrox,gohatt,5
hyddrox,gqforbes4,1
hyddrox,gradearadio,1
hyddrox,grammy620,3
hyddrox,grandmatobe,1
hyddrox,greeneyes0084,7
hyddrox,greta,1
hyddrox,grindingdude,6
hyddrox,gs777gs777,1
hyddrox,gulfcoastbred,1
hyddrox,guypbenson,4
hyddrox,haaretzcom,1
hyddrox,hail_yeahx2,1
hyddrox,hale_razor,1
hyddrox,halsteadg048,2
hyddrox,hampman24,1
hyddrox,hapkidobigdad,1
hyddrox,harpus88,1
hyddrox,hautedamn,2
hyddrox,healthandcents,3
hyddrox,heatherwilhelm,1
hyddrox,hectormorenco,4
hyddrox,heligkrig,1
hyddrox,hereistheanswer,1
hyddrox,heytana,1
hyddrox,hhstull,1
hyddrox,higherleaders,1
hyddrox,hinasil,1
hyddrox,horseaunt,1
hyddrox,horsesandhounds,1
hyddrox,hrkbenowen,2
hyddrox,hrtablaze,2
hyddrox,hughhewitt,1
hyddrox,hyddrox,1
hyddrox,iKaitg16,1
hyddrox,ihatethemedia,47
hyddrox,iluvscoops,11
hyddrox,iluvspringtime,2
hyddrox,immigrant4trump,2
hyddrox,immigrant_legal,2
hyddrox,immike22,1
hyddrox,indigenous01,18
hyddrox,instapundit,4
hyddrox,iowa_trump,2
hyddrox,iowahawkblog,1
hyddrox,iptuttle,1
hyddrox,irritatedwoman,2
hyddrox,ish10040,2
hyddrox,izzysroses,2
hyddrox,j4mesdub,1
hyddrox,jaazee1,1
hyddrox,jaketapper,1
hyddrox,jamalrustler,1
hyddrox,jamesg2613,1
hyddrox,jamestaranto,1
hyddrox,jamiedupree,1
hyddrox,janimine,1
hyddrox,janrask,1
hyddrox,jason_howerton,1
hyddrox,jasonnobleDMR,1
hyddrox,jaynordlinger,2
hyddrox,jb_morey,6
hyddrox,jbnv,2
hyddrox,jcdwms,1
hyddrox,jediofgondor,1
hyddrox,jeffzeleny,1
hyddrox,jeremydenholm,1
hyddrox,jerrypane13,1
hyddrox,jffree1,1
hyddrox,jimasher,3
hyddrox,jimgeraghty,1
hyddrox,jimlibertarian,1
hyddrox,jimmylemons,29
hyddrox,jimni27,1
hyddrox,jjauthor,1
hyddrox,jkboice,1
hyddrox,jko417,1
hyddrox,jmegown52302,1
hyddrox,joecarter,1
hyddrox,joesanders33,2
hyddrox,joeyyeo13,2
hyddrox,johncardillo,1
hyddrox,johncitysq,1
hyddrox,jojoh888,3
hyddrox,jonswaine,1
hyddrox,joshgremillion,3
hyddrox,joshuakassemi,1
hyddrox,joyreaper,1
hyddrox,jpsal123,1
hyddrox,jpwallis10,1
hyddrox,jsnbieber,1
hyddrox,jtLOL,1
hyddrox,jtkola,1
hyddrox,justanavywife,1
hyddrox,justinjm1,1
hyddrox,justkarl,1
hyddrox,k9rotts,1
hyddrox,karen58Romans,2
hyddrox,karma1244,1
hyddrox,kayleighmcenany,1
hyddrox,kazueger1,1
hyddrox,kelleyb227,1
hyddrox,kellyz713,1
hyddrox,ken_dahl,1
hyddrox,kencampbell66,1
hyddrox,kenk22,1
hyddrox,kerpen,2
hyddrox,kevinperkins,1
hyddrox,kevkid79,28
hyddrox,kimberly_mc2,1
hyddrox,kingpin1948,1
hyddrox,kingrera,1
hyddrox,kinni00,3
hyddrox,kk_mayer,1
hyddrox,kohlweiler,1
hyddrox,krisreese,1
hyddrox,kttk234567,1
hyddrox,lafayette41,1
hyddrox,largebill68,1
hyddrox,latinaafortrump,2
hyddrox,laura_stietz,1
hyddrox,law_newz,1
hyddrox,lazyzimms,1
hyddrox,ldayton7,1
hyddrox,learjetter,1
hyddrox,liberty,1
hyddrox,lifebythecreek,1
hyddrox,lizzysherwood,1
hyddrox,lookup4love,1
hyddrox,lorischovanec,2
hyddrox,lozanosunwest,1
hyddrox,luchadora41,8
hyddrox,luvGodncountry,32
hyddrox,lynmacjay,1
hyddrox,lyrabladethorne,1
hyddrox,madisongesiotto,1
hyddrox,maga_swaga,1
hyddrox,magnifier661,7
hyddrox,marauditor,1
hyddrox,marian_maio,3
hyddrox,marilynkj,1
hyddrox,markusalbrekts,1
hyddrox,maryannemercog,1
hyddrox,marylene58,1
hyddrox,mastadonarmy,2
hyddrox,mavros35169,1
hyddrox,maxnrgmax,1
hyddrox,mayday2744,4
hyddrox,mckaycoppins,1
hyddrox,mckelvey_ian,1
hyddrox,mclatterbu,1
hyddrox,mcuban,11
hyddrox,megynkelly,1
hyddrox,mericangirlz,1
hyddrox,michaelkeyes,2
hyddrox,michelekirkBPR,2
hyddrox,michelle4trump,1
hyddrox,michellemalkin,1
hyddrox,michellewally64,1
hyddrox,middleman918,1
hyddrox,mikandynothem,1
hyddrox,mike4193496,1
hyddrox,mike_pence,3
hyddrox,mimi_saulino,1
hyddrox,mimimayesTN,1
hyddrox,minerjp,1
hyddrox,mitchellvii,12
hyddrox,mkraju,1
hyddrox,mlcalderone,1
hyddrox,mmmoonie,6
hyddrox,moenjonh,1
hyddrox,mollyday15,3
hyddrox,moneybunnyalice,1
hyddrox,mountain_viper,1
hyddrox,movieguns,1
hyddrox,mrdjspaz,1
hyddrox,mrtom3560,1
hyddrox,msully65,1
hyddrox,mundyspeaks,1
hyddrox,muzikgirl11,1
hyddrox,myers_chrdie37,1
hyddrox,myerssharon61,1
hyddrox,nationdivided,1
hyddrox,nautilus55,7
hyddrox,nes709,1
hyddrox,news1alfa1,1
hyddrox,newsmax,1
hyddrox,nia4_trump,3
hyddrox,niceninja,2
hyddrox,nickie_greer,1
hyddrox,nielslesniewski,1
hyddrox,njoanyork,1
hyddrox,nobamanoway,1
hyddrox,notiro03,1
hyddrox,nuiotwo,4
hyddrox,nullek,1
hyddrox,nvrggivup,1
hyddrox,nycjim,1
hyddrox,nyinvesting,1
hyddrox,nyridgegirl,1
hyddrox,obamascrewingus,1
hyddrox,observer,1
hyddrox,occupycorruptDC,1
hyddrox,ofccadjust,2
hyddrox,oldscoolguitar,1
hyddrox,oliverdarcy,1
hyddrox,onlnsurfer,36
hyddrox,os2hankh,1
hyddrox,os4185,1
hyddrox,osPatriot,27
hyddrox,outsidercapital,1
hyddrox,pRESIDENT_ALIEN,1
hyddrox,pagejoni1,1
hyddrox,pamnsc,1
hyddrox,papakilogolf,1
hyddrox,patrioticpepe,1
hyddrox,patriots928,2
hyddrox,pattyshepherd1,1
hyddrox,peaceandjoy101,2
hyddrox,peddoc63,4
hyddrox,perry1949,1
hyddrox,personalliberty,1
hyddrox,petefrt,1
hyddrox,pewresearch,1
hyddrox,pgmdev_luis,1
hyddrox,phil200269,4
hyddrox,phillyrich1,1
hyddrox,piersmorgan,1
hyddrox,pine_kush,1
hyddrox,pinepilot,1
hyddrox,pink_lady56,2
hyddrox,pjcobbrocks5,2
hyddrox,planecrashvids,1
hyddrox,plz_think_1st,1
hyddrox,pmicc33,1
hyddrox,politcagal,1
hyddrox,politico,2
hyddrox,politicsillustr,3
hyddrox,pollreport,1
hyddrox,pr1nc355bttrcup,1
hyddrox,prchristen,16
hyddrox,preciousliberty,81
hyddrox,qthoot,1
hyddrox,radical_right1,2
hyddrox,rahumphreys1,1
hyddrox,railboy63,1
hyddrox,randycaputo,3
hyddrox,realDonaldTrump,38
hyddrox,realDrOlmo,1
hyddrox,realbigstriper,1
hyddrox,realkingrobbo,4
hyddrox,realshaynes2016,1
hyddrox,realstevemills,1
hyddrox,recoveringlibrl,2
hyddrox,redostoneage,2
hyddrox,redrivergrl,13
hyddrox,redsteeze,7
hyddrox,reg1776,1
hyddrox,renitar,1
hyddrox,rharrisonfries,2
hyddrox,riingram,1
hyddrox,risetoflyy,1
hyddrox,rishibagree,1
hyddrox,riteprices,5
hyddrox,rizzaproduction,1
hyddrox,rneppell,1
hyddrox,roberticog777,1
hyddrox,robyns323,1
hyddrox,rockynickydog,2
hyddrox,rogerlsimon,1
hyddrox,ronfair43,2
hyddrox,rossr122,1
hyddrox,roycan79,1
hyddrox,rumpfshaker,1
hyddrox,runningforpizza,1
hyddrox,rvedrenne,1
hyddrox,ryanra,10
hyddrox,ryanward87,1
hyddrox,saminhim,1
hyddrox,sammelbis1998,1
hyddrox,sand3633,5
hyddrox,saneplanet,1
hyddrox,sanmichele15,2
hyddrox,santiagos58,2
hyddrox,saraemmaanne,1
hyddrox,saratrump1,1
hyddrox,sav01,1
hyddrox,saverjoy,1
hyddrox,schotziejlk,1
hyddrox,scottisbell_,1
hyddrox,scottlincicome,2
hyddrox,scrowder,1
hyddrox,sdv92,1
hyddrox,seanhannity,9
hyddrox,seanmdav,6
hyddrox,sethweathers,1
hyddrox,sfcmac57,1
hyddrox,shadowbanned_,1
hyddrox,shan34976498,1
hyddrox,sharonpine1,1
hyddrox,shdtlz,1
hyddrox,shesnohag,1
hyddrox,shinemperor,3
hyddrox,shirleyvc725,1
hyddrox,shootingfurfun,1
hyddrox,shortwave8669,13
hyddrox,shropdaddytweet,1
hyddrox,sialusa,1
hyddrox,signoftria,1
hyddrox,sillynotabsurd,1
hyddrox,sinderbrand,1
hyddrox,sirsassalot,1
hyddrox,slone,3
hyddrox,snowstorm1944,1
hyddrox,sokeijarhead,1
hyddrox,solus2sail,1
hyddrox,sssweetsleep,1
hyddrox,ssullivan315,1
hyddrox,steph93065,3
hyddrox,stephenfhayes,2
hyddrox,stevelemois,1
hyddrox,steveparkermd,1
hyddrox,stompcure,1
hyddrox,str8thinker,2
hyddrox,sue51684,1
hyddrox,sunnyherring1,2
hyddrox,sunnyright,1
hyddrox,surfcitysocal,1
hyddrox,susanjredwine,1
hyddrox,suziejoh,1
hyddrox,sweetatertot2,6
hyddrox,tabletmag,1
hyddrox,tahDeetz,1
hyddrox,tamaraleighllc,2
hyddrox,tannerwatts7,1
hyddrox,taxmule4u,1
hyddrox,tcottruth,1
hyddrox,tea0704,1
hyddrox,tedcruz,3
hyddrox,temi227,1
hyddrox,terri5453,1
hyddrox,terrymendozer,2
hyddrox,theblaze,1
hyddrox,thebryanhorn,1
hyddrox,thechuckmoore91,1
hyddrox,theglobaluniter,2
hyddrox,thehill,7
hyddrox,therealcornett,2
hyddrox,therealroseanne,1
hyddrox,think4urself8,1
hyddrox,thomasfxlt,1
hyddrox,thomasj17431826,1
hyddrox,thomassfl,1
hyddrox,thowell23,1
hyddrox,timmyjrebel,1
hyddrox,tj02192943,1
hyddrox,tjrocks18,1
hyddrox,tkinder,1
hyddrox,tktoulouse,1
hyddrox,tlamb775,4
hyddrox,tmcphd,1
hyddrox,toby_dorena,1
hyddrox,toddstarnes,1
hyddrox,tonyschwartz,6
hyddrox,tonyzump,2
hyddrox,toomuchnoise,1
hyddrox,toreilly,1
hyddrox,totalcollapse,1
hyddrox,tracithoms,1
hyddrox,transition2017,1
hyddrox,tret_ann,2
hyddrox,trscoop,9
hyddrox,true_pundit,5
hyddrox,trulytexan,2
hyddrox,trump2021,1
hyddrox,trump_woman,1
hyddrox,trumpamericann,7
hyddrox,ttsocb5,1
hyddrox,tvkatesnow,1
hyddrox,ultraconcept,1
hyddrox,umpire43,1
hyddrox,un_break_able,1
hyddrox,unalienablerght,1
hyddrox,usacsmret,3
hyddrox,usaf48,1
hyddrox,usaforamericans,1
hyddrox,usaforyoubruv,2
hyddrox,uwsp46,1
hyddrox,vandives,1
hyddrox,vhfancc,3
hyddrox,vivelafra,4
hyddrox,volunteerlady17,1
hyddrox,vpenley,1
hyddrox,w0tn0t,1
hyddrox,warpfactorbanjo,1
hyddrox,washingtonpost,1
hyddrox,watchmennews,1
hyddrox,weknowwhatsbest,1
hyddrox,wesearchr,1
hyddrox,wesjr43,1
hyddrox,wi_for_trump,1
hyddrox,wikileaks,19
hyddrox,williamjordann,1
hyddrox,woodruffbets,2
hyddrox,worldnetdaily,1
hyddrox,wraithvenge,1
hyddrox,wretchardthecat,1
hyddrox,writerRuss,2
hyddrox,wy4_trump,2
hyddrox,xxdoomsiexx,2
hyddrox,ynotllewoh,1
hyddrox,yobynnad1127,1
hyddrox,youlivethrice,1
hyddrox,youngblackcon,1
hyddrox,yuri_bezmenov,1
hyddrox,zachhaller,1
hyddrox,zgazda66,1
hyddrox,zip90210,1
hyddrox,zzopit,1
iiddaamarks,ABCPolitics,1
iiddaamarks,APDiploWriter,1
iiddaamarks,AdrianEst97,1
iiddaamarks,BigWillandChill,1
iiddaamarks,Bipartisanism,1
iiddaamarks,BlackMoses2015,1
iiddaamarks,Blavity,1
iiddaamarks,BlazeBerner,1
iiddaamarks,BleacherReport,2
iiddaamarks,BraddJaffy,1
iiddaamarks,Chicagoist,1
iiddaamarks,ChrisJZullo,1
iiddaamarks,Colorlines,1
iiddaamarks,Fusion,3
iiddaamarks,GABBYiSACTiVE,1
iiddaamarks,GINA2020,1
iiddaamarks,GMEAgency,1
iiddaamarks,GolferOld,1
iiddaamarks,GreenPartyUS,1
iiddaamarks,HarryO1975,1
iiddaamarks,Honey17011,1
iiddaamarks,HoodieNoCrime,1
iiddaamarks,HuffPostPol,1
iiddaamarks,HuffingtonPost,1
iiddaamarks,IAmShoRow,1
iiddaamarks,ImModernAfrican,1
iiddaamarks,JamilSmith,4
iiddaamarks,JerryBriant,1
iiddaamarks,JordanChariton,2
iiddaamarks,JoyAnnReid,2
iiddaamarks,Just_Darrin,1
iiddaamarks,KazeemJaleel,1
iiddaamarks,KeepitRealTea,1
iiddaamarks,LawyerRogelio,1
iiddaamarks,LisaBloom,1
iiddaamarks,MarcBroc,1
iiddaamarks,MotherJones,2
iiddaamarks,MrNegroMilitant,1
iiddaamarks,MsPackyetti,2
iiddaamarks,NateSilver538,1
iiddaamarks,POLITICOMag,1
iiddaamarks,ParadiseGray,1
iiddaamarks,PascoRevolution,1
iiddaamarks,PpollingNumbers,1
iiddaamarks,RaniaKhalek,1
iiddaamarks,Russian_Starr,1
iiddaamarks,ScottMCraven,1
iiddaamarks,ShaunKing,1
iiddaamarks,TheAvgBlackMan,1
iiddaamarks,Thedyer1971,1
iiddaamarks,ThomasB00001,1
iiddaamarks,TransGriot,1
iiddaamarks,TwiterHero,1
iiddaamarks,UnityActivist,1
iiddaamarks,activist360,1
iiddaamarks,adbridgeforth,1
iiddaamarks,ajplus,1
iiddaamarks,blicqer,3
iiddaamarks,dandrezner,1
iiddaamarks,danpfeiffer,1
iiddaamarks,davidsirota,1
iiddaamarks,dierdrelewis,1
iiddaamarks,djolder,1
iiddaamarks,docrocktex26,1
iiddaamarks,dustin_temple10,1
iiddaamarks,girlsreallyrule,1
iiddaamarks,hesswesley,1
iiddaamarks,hollybdc,1
iiddaamarks,hotdog7826,1
iiddaamarks,imtherealronin,1
iiddaamarks,kdog0126,1
iiddaamarks,kr3at,1
iiddaamarks,krystalball,1
iiddaamarks,kylegriffin1,3
iiddaamarks,kzshabazz,1
iiddaamarks,lcommon8736,1
iiddaamarks,nhdogmom,1
iiddaamarks,riotwomennn,1
iiddaamarks,sallykohn,1
iiddaamarks,salsa010,1
iiddaamarks,srzorowitz,1
iiddaamarks,terrymendozer,1
iiddaamarks,thedailybeast,1
iiddaamarks,thehill,2
iiddaamarks,thenurse75,1
iiddaamarks,tintinnabulous,1
iiddaamarks,tuneintorevcom,1
iiddaamarks,wikileaks,1
ilikebigbuttand,AmandaVGreen,1
ilikebigbuttand,AndyHashtagger,1
ilikebigbuttand,BayoumiMoustafa,1
ilikebigbuttand,BookmanDan,1
ilikebigbuttand,ChrixMorgan,1
ilikebigbuttand,CumuloPhallus,1
ilikebigbuttand,Dreamweasel,2
ilikebigbuttand,GeffGefferson1,1
ilikebigbuttand,Goodluckbeer,1
ilikebigbuttand,HeyItsChadAlan,1
ilikebigbuttand,HillaryClinton,3
ilikebigbuttand,IlaxBJoseph,1
ilikebigbuttand,ItsMeMandiC,1
ilikebigbuttand,Jarmadillos,1
ilikebigbuttand,JoyAnnReid,1
ilikebigbuttand,KeswickPinhead,1
ilikebigbuttand,LLCalrissian,1
ilikebigbuttand,Latent_Fury,1
ilikebigbuttand,MidOhioMilitia,1
ilikebigbuttand,NasirLeigh,1
ilikebigbuttand,OnPirateSat,1
ilikebigbuttand,SemeiMuCasa,1
ilikebigbuttand,Shane_Rodenbeck,4
ilikebigbuttand,SouthBoulder,1
ilikebigbuttand,TTino_boi,1
ilikebigbuttand,TheMichaelRock,1
ilikebigbuttand,Voycer100,1
ilikebigbuttand,WHOAwhatthefuck,1
ilikebigbuttand,bunnyhugger75,1
ilikebigbuttand,chiefplan1,6
ilikebigbuttand,ddale8,1
ilikebigbuttand,dwttennis,1
ilikebigbuttand,haighypoo,1
ilikebigbuttand,lgmaterna,1
ilikebigbuttand,meyer2311,1
ilikebigbuttand,rolledls,1
ilikebigbuttand,sftimrf,1
ilikebigbuttand,sharronrenee26,1
ilikebigbuttand,therealezway,2
ilikebigbuttand,wikileaks,1
ilovesarahrich,AmandaMarcotte,1
ilovesarahrich,AngryBlackLady,2
ilovesarahrich,AntheaButler,1
ilovesarahrich,AustralianSambo,1
ilovesarahrich,BBCSteveR,1
ilovesarahrich,Brizzyc,1
ilovesarahrich,CapehartJ,3
ilovesarahrich,DaniellaMicaela,1
ilovesarahrich,DanteB4u,1
ilovesarahrich,Felonious_munk,2
ilovesarahrich,Gothamist,1
ilovesarahrich,JohnJHarwood,2
ilovesarahrich,JoyAnnReid,1
ilovesarahrich,Kemetic_Kitty,1
ilovesarahrich,Kennymack1971,1
ilovesarahrich,KingJohnLove,1
ilovesarahrich,LVBurke,1
ilovesarahrich,MHarrisPerry,1
ilovesarahrich,MizKpoto,1
ilovesarahrich,Only4RM,1
ilovesarahrich,ReaganGomez,1
ilovesarahrich,SherylNYT,1
ilovesarahrich,TalibKweli,2
ilovesarahrich,Taniel,1
ilovesarahrich,TheAvgBlackMan,1
ilovesarahrich,TheWayWithAnoa,1
ilovesarahrich,TraceeEllisRoss,1
ilovesarahrich,ZantiMisft,1
ilovesarahrich,bgg2wl,1
ilovesarahrich,billclunie,1
ilovesarahrich,blicqer,1
ilovesarahrich,bomani_jones,2
ilovesarahrich,breakowt,1
ilovesarahrich,brianbeutler,1
ilovesarahrich,brianstelter,1
ilovesarahrich,donnabrazile,3
ilovesarahrich,drgoddess,1
ilovesarahrich,elonjames,1
ilovesarahrich,emokidsloveme,1
ilovesarahrich,fakerapper,1
ilovesarahrich,fawfulfan,1
ilovesarahrich,footballfillibu,1
ilovesarahrich,goldietaylor,1
ilovesarahrich,greenhousenyt,1
ilovesarahrich,jbouie,1
ilovesarahrich,jeffjarvis,1
ilovesarahrich,jeffmason1,1
ilovesarahrich,jelani9,1
ilovesarahrich,jfreewright,3
ilovesarahrich,joshbhaskell,1
ilovesarahrich,ljoywilliams,1
ilovesarahrich,nickgourevitch,1
ilovesarahrich,owillis,4
ilovesarahrich,politicspodcast,1
ilovesarahrich,questlove,1
ilovesarahrich,samswey,1
ilovesarahrich,smoothkobra,2
ilovesarahrich,steph_bello,1
ilovesarahrich,stevesilberman,1
ilovesarahrich,telesurenglish,1
ilovesarahrich,thehill,3
ilovesarahrich,theonlyadult,12
ilovesarahrich,thetrudz,1
ilovesarahrich,thewayoftheid,1
ilovesarahrich,voguemagazine,1
imapharrelfake,ATLBlackStar,1
imapharrelfake,AdamSerwer,1
imapharrelfake,AkilahObviously,1
imapharrelfake,AustralianSambo,1
imapharrelfake,Bakari_Sellers,1
imapharrelfake,Blackamazon,1
imapharrelfake,Blavity,2
imapharrelfake,Bossip,1
imapharrelfake,CerromeRussell,1
imapharrelfake,ChrisMarvel,1
imapharrelfake,DragonflyJonez,2
imapharrelfake,EricHaywood,1
imapharrelfake,FeministaJones,2
imapharrelfake,Fusion,1
imapharrelfake,HillaryClinton,3
imapharrelfake,ImJustCeej,1
imapharrelfake,JamilSmith,3
imapharrelfake,JoyAnnReid,8
imapharrelfake,LindaSchoenberg,1
imapharrelfake,MiaBLove,1
imapharrelfake,MsPackyetti,1
imapharrelfake,NesstheDiva,1
imapharrelfake,Nettaaaaaaaa,1
imapharrelfake,Power1051,1
imapharrelfake,RWTQuotes,1
imapharrelfake,ShaunKing,1
imapharrelfake,SopanDeb,1
imapharrelfake,SusanSarandon,1
imapharrelfake,TBTimes_Opinion,1
imapharrelfake,TalibKweli,1
imapharrelfake,TheWrap,1
imapharrelfake,Toure,1
imapharrelfake,Upworthy,1
imapharrelfake,VeryWhiteGuy,1
imapharrelfake,WhiteHouse,1
imapharrelfake,YNPierce,1
imapharrelfake,adair_brion,1
imapharrelfake,angelaw676,1
imapharrelfake,blackvoices,3
imapharrelfake,blicqer,2
imapharrelfake,cut_50,1
imapharrelfake,danpfeiffer,1
imapharrelfake,digby56,1
imapharrelfake,fivefifths,1
imapharrelfake,ggreenwald,1
imapharrelfake,goldietaylor,3
imapharrelfake,greghoward88,1
imapharrelfake,guardian,1
imapharrelfake,gwenifill,1
imapharrelfake,hannibalburess,1
imapharrelfake,iMadeSmartCool,1
imapharrelfake,jamalhbryant,1
imapharrelfake,jayydodd,1
imapharrelfake,jdelreal,1
imapharrelfake,johnlegend,1
imapharrelfake,jteeDC,1
imapharrelfake,kylegriffin1,1
imapharrelfake,latimes,1
imapharrelfake,mattdpearce,1
imapharrelfake,mdjacksondallas,1
imapharrelfake,metroadlib,1
imapharrelfake,mmfa,1
imapharrelfake,monisismissing,1
imapharrelfake,nytimes,1
imapharrelfake,nytpolitics,1
imapharrelfake,owillis,8
imapharrelfake,rodimusprime,1
imapharrelfake,scolleluori,1
imapharrelfake,soledadobrien,2
imapharrelfake,steph_bello,1
imapharrelfake,thedailybeast,1
imapharrelfake,theonlyadult,1
imapharrelfake,tiffani,1
imapharrelfake,traciethoms,1
imaswerve,106KMEL,1
imaswerve,ATLBlackStar,1
imaswerve,Ant95four,2
imaswerve,BroderickGreer,1
imaswerve,ColossILL,1
imaswerve,Fidelia_Gabor,1
imaswerve,GenGod77,1
imaswerve,IWW_IWOC,1
imaswerve,JamilSmith,2
imaswerve,JonCozart,1
imaswerve,MCHammer,1
imaswerve,MistaMazeMusic,1
imaswerve,Peter_J_K,1
imaswerve,PoliticsPeach,1
imaswerve,Russian_Starr,2
imaswerve,TEN_GOP,1
imaswerve,TariqToure,1
imaswerve,WeNeedHillary,1
imaswerve,bigkim46,1
imaswerve,bungdan,1
imaswerve,feldmaniac,1
imaswerve,goldengateblond,1
imaswerve,mtaibbi,1
imaswerve,thehill,1
imaswerve,trueblackpower,1
imissobama,AkilahObviously,1
imissobama,AngryBlackLady,1
imissobama,Bakari_Sellers,2
imissobama,BarackObama,1
imissobama,Bencjacobs,1
imissobama,BerniceKing,1
imissobama,Bey_Legion,1
imissobama,BlackAmericaWeb,1
imissobama,Blackamazon,1
imissobama,Blavity,3
imissobama,Blk_Intellect,1
imissobama,Bossip,1
imissobama,CNN,2
imissobama,CNNPolitics,1
imissobama,CircleReader,1
imissobama,Craigipedia,1
imissobama,DLeonhardt,1
imissobama,DainBrammage360,1
imissobama,DanielePinto,1
imissobama,DemocratMachine,1
imissobama,Dirk2112,1
imissobama,Evan_McMullin,1
imissobama,FeministaJones,4
imissobama,FiveThirtyEight,1
imissobama,GLValentine,1
imissobama,HawaiiDelilah,1
imissobama,HowardU,1
imissobama,HuffingtonPost,1
imissobama,JYSexton,1
imissobama,JamelleMyBelle,1
imissobama,JamilSmith,3
imissobama,JenAshleyWright,1
imissobama,JerEYEa,1
imissobama,JessicaTaylor,1
imissobama,JohnJHarwood,1
imissobama,JoyAnnReid,9
imissobama,KarissaGiuliano,1
imissobama,LDBurnett,1
imissobama,LindaSchoenberg,1
imissobama,MarlowNYC,1
imissobama,NateSilver538,1
imissobama,NickKalmanFN,1
imissobama,OpenSecretsDC,1
imissobama,PoCBeauty,1
imissobama,Power106LA,1
imissobama,RawStory,1
imissobama,ReaganGomez,3
imissobama,ReignOfApril,3
imissobama,SankofaBrown,1
imissobama,SeanLTheWriter,1
imissobama,Shakestweetz,1
imissobama,TefPoe,1
imissobama,TheBaxterBean,1
imissobama,TheBeyHiveTeam,1
imissobama,TheDailyEdge,1
imissobama,TheRSMS,1
imissobama,TheRealNews,2
imissobama,TheRevAl,1
imissobama,TheShadeRoom,1
imissobama,Toure,3
imissobama,TransGriot,2
imissobama,Travon,1
imissobama,WooCrockett,1
imissobama,Zeninjor,1
imissobama,ZerlinaMaxwell,2
imissobama,aleliabundles,1
imissobama,anneapplebaum,1
imissobama,blicqer,2
imissobama,bpolitics,2
imissobama,bradheath,1
imissobama,brianajuarezz,1
imissobama,bryanedwardhill,1
imissobama,chrislhayes,1
imissobama,colinjones,1
imissobama,creynoldsnc,1
imissobama,crissles,1
imissobama,dougmillsnyt,1
imissobama,eclecticbrotha,1
imissobama,geekylonglegs,1
imissobama,geoffwisner,1
imissobama,ggreenwald,1
imissobama,goldietaylor,1
imissobama,gracehelbig,1
imissobama,hibbs101,1
imissobama,iLuvvit,1
imissobama,jaketapper,2
imissobama,jamalhbryant,1
imissobama,jameshohmann,1
imissobama,jbg,1
imissobama,jbouie,6
imissobama,joshledermanAP,1
imissobama,jteeDC,2
imissobama,kerrywashington,2
imissobama,kimberlylhudson,1
imissobama,kurteichenwald,1
imissobama,kylegriffin1,1
imissobama,marclamonthill,1
imissobama,mattyglesias,1
imissobama,metroadlib,1
imissobama,mindofmelita,2
imissobama,natespuewell,1
imissobama,owillis,10
imissobama,pbump,1
imissobama,rodimusprime,3
imissobama,sallykohn,1
imissobama,seanrsimons,1
imissobama,shailjapatel,1
imissobama,soledadobrien,5
imissobama,tariqterry,1
imissobama,thehill,2
imissobama,tiffani,1
imissobama,tommiesunshine,1
imissobama,wkamaubell,1
imissobama,youngsinick,1
inspectan,RomaAcorn,1
interfischer,ByronSwartz1,1
interfischer,DrJillStein,1
interfischer,I_AmAmerica,1
interfischer,IngrahamAngle,1
interfischer,JaredWyand,1
interfischer,MABardino,1
interfischer,TalkNerdyToMe72,1
interfischer,WeNeedTrump,1
interfischer,amrightnow,5
interfischer,amronsomar,1
interfischer,andersonDrLJA,1
interfischer,immigrant4trump,1
interfischer,magnifier661,1
interfischer,movement_trump,1
interfischer,neverhillary,1
interfischer,realDonaldTrump,1
interfischer,saracohennyc,1
interfischer,seanhannity,1
interfischer,tinavandi,1
internalmemer,1942bs,1
internalmemer,6PAPl,1
internalmemer,AfrekaEbanks,4
internalmemer,BernieSanders,1
internalmemer,BuzzFeed,9
internalmemer,BuzzFeedNews,2
internalmemer,BuzzFeedUK,2
internalmemer,CNNPolitics,1
internalmemer,CjayyTaughtHer,1
internalmemer,CoryTownes,1
internalmemer,DLin71,1
internalmemer,DeanteVH,1
internalmemer,EricaJoy,1
internalmemer,Felonious_munk,1
internalmemer,HOESTRADAMUS,1
internalmemer,HelloBeautiful,1
internalmemer,HollettLA,1
internalmemer,JBrownGatsby,1
internalmemer,Javi,1
internalmemer,JustinTrudeau,1
internalmemer,KxngGeorgeVII,1
internalmemer,Lollardfish,1
internalmemer,LoveMeLuLu22,1
internalmemer,MADBLACKTWINK,1
internalmemer,MrJamesonNeat,1
internalmemer,RACTVSHIFT,1
internalmemer,RaineyOvalle,1
internalmemer,Rob_Wehmer,1
internalmemer,SethMacFarlane,1
internalmemer,ShaunKing,1
internalmemer,ShiWantsTheC,1
internalmemer,TinaDupuy,1
internalmemer,YG,1
internalmemer,Ziggy_Daddy,1
internalmemer,aarontveits,1
internalmemer,activist360,1
internalmemer,ajplus,2
internalmemer,aldairocampo11,1
internalmemer,anaserhall,1
internalmemer,antoniodelotero,1
internalmemer,auhstralia,1
internalmemer,baytato,1
internalmemer,cher,1
internalmemer,claudiasanchezx,1
internalmemer,clmazin,1
internalmemer,davidmackau,1
internalmemer,emmablackery,1
internalmemer,gdebenedetti,1
internalmemer,gloed_up,2
internalmemer,godlykuthy,1
internalmemer,greenberg,1
internalmemer,holly_beers,1
internalmemer,imdiamondmarie,1
internalmemer,itskatcombs,1
internalmemer,jaebeomscum,1
internalmemer,jelani9,1
internalmemer,jerryspringer,1
internalmemer,jsavite,1
internalmemer,lea_tom91,1
internalmemer,leykahhh,1
internalmemer,maliagif,2
internalmemer,millselle,1
internalmemer,msluckylana,1
internalmemer,nauticup,1
internalmemer,netw3rk,1
internalmemer,nochillzabree,1
internalmemer,nowthisnews,1
internalmemer,randyacabrera,1
internalmemer,samwhiteout,1
internalmemer,verge,1
internalmemer,xxjayma,1
internalmemer,zIegend,1
j0hnlarsen,0HOUR1__,1
j0hnlarsen,0hour,1
j0hnlarsen,1611Paul,1
j0hnlarsen,1truprophet,2
j0hnlarsen,2016GetOverIt,1
j0hnlarsen,AJDelgado13,2
j0hnlarsen,ARnews1936,4
j0hnlarsen,AbnInfVet,7
j0hnlarsen,AmerPatriot1,1
j0hnlarsen,America_1st_,1
j0hnlarsen,American1765,1
j0hnlarsen,AmericanSniperG,1
j0hnlarsen,AmericanVoterUS,1
j0hnlarsen,AndrewHClark,1
j0hnlarsen,AndrewStilesUSA,1
j0hnlarsen,AnnCoulter,1
j0hnlarsen,AnnCoulterChat,1
j0hnlarsen,AnneBayefsky,1
j0hnlarsen,Augustine25,1
j0hnlarsen,AviWoolf,1
j0hnlarsen,BMartinezLive,1
j0hnlarsen,BayShoreIsHome,1
j0hnlarsen,BeladonnaRogers,1
j0hnlarsen,BigMuscleBabe,1
j0hnlarsen,BloombergTV,1
j0hnlarsen,BluegrassPundit,2
j0hnlarsen,BocaLegend,1
j0hnlarsen,CamillusUSA,1
j0hnlarsen,CarmineZozzora,18
j0hnlarsen,Cernovich,1
j0hnlarsen,Chairmnoomowmow,2
j0hnlarsen,ChrisSnyderFox,1
j0hnlarsen,ChristiChat,1
j0hnlarsen,ChristieC733,1
j0hnlarsen,ChuckRossDC,1
j0hnlarsen,Conservative_VW,4
j0hnlarsen,Coondawg68,1
j0hnlarsen,CronkiteSays,1
j0hnlarsen,DLasater_99362,1
j0hnlarsen,DMashak,6
j0hnlarsen,DRUDGE_REPORT,2
j0hnlarsen,DanScavino,1
j0hnlarsen,DannyDshelton8,1
j0hnlarsen,Darren32895836,1
j0hnlarsen,DarrenJJordan,1
j0hnlarsen,DataBoots,1
j0hnlarsen,Desert2theSea,1
j0hnlarsen,DonaldJTrumpJr,3
j0hnlarsen,DrMartyFox,3
j0hnlarsen,DrienaSixto,1
j0hnlarsen,Edwardsthegreat,1
j0hnlarsen,ElianaBenador,4
j0hnlarsen,FFRNewsNet1,1
j0hnlarsen,FacMagnaAmerica,1
j0hnlarsen,Fahrenthold,1
j0hnlarsen,ForAmerica,1
j0hnlarsen,FoxNews,3
j0hnlarsen,FreeDavidKing,5
j0hnlarsen,GDLtothePDX,1
j0hnlarsen,GovMikeHuckabee,1
j0hnlarsen,HahnAmerica,1
j0hnlarsen,HallieJackson,1
j0hnlarsen,HersheSquirt,1
j0hnlarsen,HiHoblue22P,1
j0hnlarsen,Honest_Hillary,2
j0hnlarsen,Hotpage_News,1
j0hnlarsen,IWF,1
j0hnlarsen,IowaIndBlog,1
j0hnlarsen,JBaileysMom,1
j0hnlarsen,JDiamond1,1
j0hnlarsen,JLPtalk,1
j0hnlarsen,JMemblatt,1
j0hnlarsen,JVER1,1
j0hnlarsen,JaredWyand,2
j0hnlarsen,JasonMillerinDC,1
j0hnlarsen,Jenn_Abrams,1
j0hnlarsen,JessieJaneDuff,1
j0hnlarsen,JewsChooseTrump,3
j0hnlarsen,JimMaisano,1
j0hnlarsen,JoePerticone,1
j0hnlarsen,JohnFromCranber,1
j0hnlarsen,JohnKStahlUSA,2
j0hnlarsen,JohnRiversToo,1
j0hnlarsen,JohnVincente,1
j0hnlarsen,JudicialWatch,2
j0hnlarsen,KLSouth,2
j0hnlarsen,KNP2BP,1
j0hnlarsen,Kelly62u,1
j0hnlarsen,KellyannePolls,2
j0hnlarsen,KevinAnth,1
j0hnlarsen,KimBrame,1
j0hnlarsen,LVNancy,3
j0hnlarsen,LeahR77,1
j0hnlarsen,LessGovMoreFun,4
j0hnlarsen,LindaSuhler,14
j0hnlarsen,LorenzoCastane3,1
j0hnlarsen,LoveMyWife4eva,1
j0hnlarsen,Lrihendry,1
j0hnlarsen,LucidHurricane_,1
j0hnlarsen,MONAKatOILS,1
j0hnlarsen,MStuart1970,2
j0hnlarsen,MZHemingway,1
j0hnlarsen,MarijuanaVoters,1
j0hnlarsen,MarkRMatthews,1
j0hnlarsen,MeOnAJourney,1
j0hnlarsen,MeatScales,2
j0hnlarsen,MediaMan2009,1
j0hnlarsen,MedianPolitics,7
j0hnlarsen,Miami4Trump,1
j0hnlarsen,MightyBusterBro,1
j0hnlarsen,MiltonWolfMD,1
j0hnlarsen,MissLizzyNJ,2
j0hnlarsen,MistaMazeMusic,1
j0hnlarsen,Mr_Pinko,1
j0hnlarsen,NDCTrump,1
j0hnlarsen,NateMFNelson,1
j0hnlarsen,NeilTurner_,1
j0hnlarsen,NickAPappas,2
j0hnlarsen,NoCommonCoreKY,1
j0hnlarsen,NolteNC,1
j0hnlarsen,NumbersMuncher,2
j0hnlarsen,P0TUSTrump,1
j0hnlarsen,PJNET_Team,1
j0hnlarsen,PJStrikeForce,1
j0hnlarsen,PatriotByGod,1
j0hnlarsen,PoliticalShort,1
j0hnlarsen,Politics1com,1
j0hnlarsen,PpollingNumbers,2
j0hnlarsen,PrisonPlanet,3
j0hnlarsen,Prototype_No_07,1
j0hnlarsen,Read_N_Learn,1
j0hnlarsen,ReaganCoalition,1
j0hnlarsen,RealClearNews,1
j0hnlarsen,Reality_Alert,1
j0hnlarsen,Realmdartist,1
j0hnlarsen,RedNationRising,1
j0hnlarsen,Redistrict,2
j0hnlarsen,RepStevenSmith,1
j0hnlarsen,ResistTyranny,1
j0hnlarsen,RickCanton,1
j0hnlarsen,RobManess,2
j0hnlarsen,Robynz_Sense,1
j0hnlarsen,SandraTXAS,2
j0hnlarsen,SarahHuckabee,1
j0hnlarsen,SatiricalMuse,1
j0hnlarsen,ScottPresler,1
j0hnlarsen,ScottSaxman1,1
j0hnlarsen,SecureAmerica,1
j0hnlarsen,SheriffClarke,1
j0hnlarsen,SmurfBoobs,1
j0hnlarsen,SohrabAhmari,1
j0hnlarsen,StefanMolyneux,1
j0hnlarsen,SteveDeaceShow,1
j0hnlarsen,Stevenwhirsch99,1
j0hnlarsen,Stonewall_77,4
j0hnlarsen,StopStopHillary,1
j0hnlarsen,TEN_GOP,1
j0hnlarsen,TJCR1,1
j0hnlarsen,TPPatriots,1
j0hnlarsen,TeamTrump,3
j0hnlarsen,Tex1944,2
j0hnlarsen,TheLibertyLogan,1
j0hnlarsen,ThePatriot143,6
j0hnlarsen,Trumptbird,1
j0hnlarsen,TruthFeedNews,1
j0hnlarsen,TweetBrettMac,1
j0hnlarsen,UTHornsRawk,1
j0hnlarsen,UnityActivist,1
j0hnlarsen,VA4Hillary1,1
j0hnlarsen,Vendetta92429,1
j0hnlarsen,Vote4TrumpPrez,1
j0hnlarsen,VoteTrumpPics,1
j0hnlarsen,WDFx2EU10,1
j0hnlarsen,WDFx2EU7,1
j0hnlarsen,WEBNtvRodriguez,1
j0hnlarsen,WEMcCormick,1
j0hnlarsen,WashTimes,2
j0hnlarsen,WayneDupreeShow,1
j0hnlarsen,ZPatasin,1
j0hnlarsen,Zigmanfreud,1
j0hnlarsen,_Makada_,2
j0hnlarsen,aduanebrown,1
j0hnlarsen,alan_NornIron,1
j0hnlarsen,alaskantexanQCT,1
j0hnlarsen,allahpundit,1
j0hnlarsen,asamjulian,1
j0hnlarsen,atensnut,2
j0hnlarsen,bcwilliams92,1
j0hnlarsen,bfraser747,2
j0hnlarsen,billpostmus,2
j0hnlarsen,blhills,3
j0hnlarsen,brianmcarey,1
j0hnlarsen,camboviet,1
j0hnlarsen,carolinagirl63,4
j0hnlarsen,carrieksada,1
j0hnlarsen,carrnut,1
j0hnlarsen,chanesteiner,1
j0hnlarsen,charliekirk11,1
j0hnlarsen,charliespiering,1
j0hnlarsen,chuckwoolery,1
j0hnlarsen,col_nj,1
j0hnlarsen,dancer_1968,1
j0hnlarsen,debsellsslc,2
j0hnlarsen,deplorabletexas,1
j0hnlarsen,disspat,1
j0hnlarsen,domperion9,1
j0hnlarsen,downbyseashore,2
j0hnlarsen,drscott_atlanta,1
j0hnlarsen,dwyer_barbara,1
j0hnlarsen,ed_hooley,1
j0hnlarsen,eorden,1
j0hnlarsen,erica4oux2,1
j0hnlarsen,faith_heritage,1
j0hnlarsen,fergusondiane08,1
j0hnlarsen,finneganLAT,1
j0hnlarsen,firefighters510,1
j0hnlarsen,foxandfriends,1
j0hnlarsen,francisdominicu,2
j0hnlarsen,fuggenduffy,1
j0hnlarsen,gatewaypundit,1
j0hnlarsen,gaywonk,1
j0hnlarsen,gdebenedetti,1
j0hnlarsen,gerfingerpoken2,2
j0hnlarsen,ggeett37aaa,2
j0hnlarsen,guntrust,9
j0hnlarsen,healthandcents,2
j0hnlarsen,hmrose180,1
j0hnlarsen,immigrant4trump,2
j0hnlarsen,instapundit,1
j0hnlarsen,ish10040,1
j0hnlarsen,jae031886,1
j0hnlarsen,jaketapper,1
j0hnlarsen,jking065,1
j0hnlarsen,jko417,1
j0hnlarsen,joelpollak,1
j0hnlarsen,jojoh888,1
j0hnlarsen,jonicox55,1
j0hnlarsen,jonvoight,1
j0hnlarsen,jstines3,1
j0hnlarsen,justanavywife,1
j0hnlarsen,ladypkc,1
j0hnlarsen,lepapillon01,1
j0hnlarsen,lesstaxingcpa,2
j0hnlarsen,lmcjazz,1
j0hnlarsen,luckykuster,1
j0hnlarsen,magnifier661,1
j0hnlarsen,marisal001,1
j0hnlarsen,maryihowell1,1
j0hnlarsen,mcmxlvman,1
j0hnlarsen,michaeljohns,1
j0hnlarsen,michaelkeyes,1
j0hnlarsen,mikandynothem,1
j0hnlarsen,mike_pence,1
j0hnlarsen,mikememoli,1
j0hnlarsen,mitchellvii,1
j0hnlarsen,mrcox6150,1
j0hnlarsen,mrkxlr,1
j0hnlarsen,mtracey,2
j0hnlarsen,newtgingrich,1
j0hnlarsen,nickgillespie,1
j0hnlarsen,nobigotry,1
j0hnlarsen,notalemming,1
j0hnlarsen,oohx3murf,1
j0hnlarsen,pessell_anna,1
j0hnlarsen,phil200269,2
j0hnlarsen,pmatas,2
j0hnlarsen,publius_deplore,1
j0hnlarsen,quizario,1
j0hnlarsen,radiographicman,1
j0hnlarsen,realDonaldTrump,3
j0hnlarsen,realFrankBrino,1
j0hnlarsen,realkingrobbo,1
j0hnlarsen,recon4thID,1
j0hnlarsen,robynanne,1
j0hnlarsen,sallypipes,1
j0hnlarsen,sarahkendzior,1
j0hnlarsen,sbeckwilliams,1
j0hnlarsen,seanspicer,1
j0hnlarsen,shim_rational,1
j0hnlarsen,shortwave8669,1
j0hnlarsen,skylark1984,1
j0hnlarsen,smarsilia,1
j0hnlarsen,smitty_one_each,1
j0hnlarsen,starre_labelle,1
j0hnlarsen,steph93065,5
j0hnlarsen,stephenstephan,1
j0hnlarsen,sydurbanek,1
j0hnlarsen,tamaraleighllc,2
j0hnlarsen,tedfrank,1
j0hnlarsen,tfgnews,1
j0hnlarsen,thehill,1
j0hnlarsen,therealroseanne,1
j0hnlarsen,timbotim62,1
j0hnlarsen,tjemery1,5
j0hnlarsen,tponews,1
j0hnlarsen,trump2016fan,1
j0hnlarsen,trumpy17,1
j0hnlarsen,uliso_lisa,1
j0hnlarsen,vivelafra,1
j0hnlarsen,wikileaks,2
j0hnlarsen,winegirl73,1
j0hnlarsen,wtfnewsamerica,1
jacquelinisbest,1611Paul,1
jacquelinisbest,19PHIL51,2
jacquelinisbest,1_Hoof_Hearted,6
jacquelinisbest,2016_or_bust,1
jacquelinisbest,2AFightR,1
jacquelinisbest,6HarleenQuinzel,1
jacquelinisbest,7535YN,1
jacquelinisbest,ABCPolitics,1
jacquelinisbest,ALIEXFOLGUEIRA,1
jacquelinisbest,ANOMALY1,1
jacquelinisbest,AllenWestRepub,4
jacquelinisbest,AlwaysActions,1
jacquelinisbest,AlyLovesMovies,1
jacquelinisbest,America4Me3,1
jacquelinisbest,American1765,2
jacquelinisbest,AmericanVoterUS,1
jacquelinisbest,AmyMek,2
jacquelinisbest,Amyloukingery,1
jacquelinisbest,Angelemichelle,1
jacquelinisbest,AnnCoulter,3
jacquelinisbest,Antoun_AA,1
jacquelinisbest,AppSame,1
jacquelinisbest,ArcticFox2016,1
jacquelinisbest,ArthurSchwartz,1
jacquelinisbest,AsheSchow,1
jacquelinisbest,AtomasVictory,1
jacquelinisbest,AugieTex,1
jacquelinisbest,BAMAPERRY,1
jacquelinisbest,BHappy6543,1
jacquelinisbest,BIZPACReview,1
jacquelinisbest,BShagnaski,1
jacquelinisbest,Babbsgirl2,1
jacquelinisbest,BayShoreIsHome,1
jacquelinisbest,Beer__Wolf,1
jacquelinisbest,BigDuhie1955,1
jacquelinisbest,BlackManTrump,1
jacquelinisbest,BobMacAZ,3
jacquelinisbest,Boomerjeff,1
jacquelinisbest,BoyceCollege,1
jacquelinisbest,BraveConWarrior,1
jacquelinisbest,BrazilianGirl32,3
jacquelinisbest,BreitbartNews,1
jacquelinisbest,CaseyMattox_,1
jacquelinisbest,CatsofVelvet,1
jacquelinisbest,Cernovich,6
jacquelinisbest,Charlie4Trump,1
jacquelinisbest,Chris_1791,1
jacquelinisbest,ChristiChat,1
jacquelinisbest,ChristianInst,1
jacquelinisbest,ChuckNellis,1
jacquelinisbest,CodeAud,1
jacquelinisbest,ConNewsNow,9
jacquelinisbest,ConservativeLA,1
jacquelinisbest,Conservative_VW,1
jacquelinisbest,ConstanceQueen8,1
jacquelinisbest,CronkiteSays,1
jacquelinisbest,DANKBEANS,1
jacquelinisbest,DLoesch,1
jacquelinisbest,DMashak,1
jacquelinisbest,DRUDGE_REPORT,1
jacquelinisbest,DUANEALLEN,1
jacquelinisbest,DailyCaller,1
jacquelinisbest,DanScavino,1
jacquelinisbest,Darren32895836,2
jacquelinisbest,DavidCayJ,3
jacquelinisbest,DaystoTrump,1
jacquelinisbest,Dbargen,9
jacquelinisbest,DiamondandSilk,1
jacquelinisbest,DonaldJTrumpJr,1
jacquelinisbest,DrDavidDuke,1
jacquelinisbest,DrMartyFox,1
jacquelinisbest,Ed_Nichols1,1
jacquelinisbest,Elements11997,1
jacquelinisbest,ElianaBenador,1
jacquelinisbest,EmileeWaren,1
jacquelinisbest,EnemyWithinn,1
jacquelinisbest,EpicDoubleTap02,1
jacquelinisbest,EvaGreen69,2
jacquelinisbest,FOXBaltimore,1
jacquelinisbest,FoxNews,4
jacquelinisbest,FredZeppelin12,1
jacquelinisbest,FreeBeacon,1
jacquelinisbest,FreeMktMonkey,1
jacquelinisbest,GOP,2
jacquelinisbest,GadsdenRattlers,1
jacquelinisbest,GaltsGultch,1
jacquelinisbest,GenFlynn,1
jacquelinisbest,GiselleEvns,4
jacquelinisbest,Goeyvaerts12,1
jacquelinisbest,GovMikeHuckabee,1
jacquelinisbest,GuardAmerican,1
jacquelinisbest,HahnAmerica,1
jacquelinisbest,HarrietBaldwin,1
jacquelinisbest,HawkinsUSA,5
jacquelinisbest,Herfarm,1
jacquelinisbest,Heritage_Action,1
jacquelinisbest,HighCrimes_,1
jacquelinisbest,HollyMarie12321,1
jacquelinisbest,HomeCaregivers1,1
jacquelinisbest,Hublife,1
jacquelinisbest,IAmSoSmart,4
jacquelinisbest,INTJutsu,2
jacquelinisbest,ImIrredeemable,1
jacquelinisbest,JAndretta,1
jacquelinisbest,JackPosobiec,1
jacquelinisbest,Jail_Killery,5
jacquelinisbest,JamesOKeefeIII,1
jacquelinisbest,JanettSimmat,1
jacquelinisbest,JaredWyand,2
jacquelinisbest,JayChar15376136,1
jacquelinisbest,JennaLeeUSA,1
jacquelinisbest,JessieJaneDuff,2
jacquelinisbest,JimOSullivan4,1
jacquelinisbest,JoKiddo,1
jacquelinisbest,JohnFromCranber,2
jacquelinisbest,JohnKStahlUSA,2
jacquelinisbest,JonahNRO,1
jacquelinisbest,Julian___K,1
jacquelinisbest,Juliet777777,1
jacquelinisbest,KAFosterSowell,1
jacquelinisbest,KDORR_USA,1
jacquelinisbest,KLSouth,1
jacquelinisbest,Kamani1147,1
jacquelinisbest,KazeSkyz,1
jacquelinisbest,KellyannePolls,1
jacquelinisbest,Kevinliptakcnn,1
jacquelinisbest,KimDotcom,3
jacquelinisbest,KimStrassel,1
jacquelinisbest,KinFolkFirst,1
jacquelinisbest,LEFTH00K,1
jacquelinisbest,LMBigSur,1
jacquelinisbest,LadyLiberTea,6
jacquelinisbest,LamboTx1,1
jacquelinisbest,LastGreatStand,1
jacquelinisbest,LeahR77,1
jacquelinisbest,LeonHWolf,1
jacquelinisbest,LiberalsLose,1
jacquelinisbest,LifeNewsHQ,5
jacquelinisbest,LindaSuhler,4
jacquelinisbest,Linnlondon1,1
jacquelinisbest,LouDobbs,4
jacquelinisbest,Lrihendry,4
jacquelinisbest,MDontheright,1
jacquelinisbest,Marvel28768,1
jacquelinisbest,MaryAnneMcKenn4,1
jacquelinisbest,MattWalshBlog,1
jacquelinisbest,May_Stone121,1
jacquelinisbest,McGweegan,1
jacquelinisbest,Merry__Can,3
jacquelinisbest,Miami4Trump,2
jacquelinisbest,Midwood49,1
jacquelinisbest,MightyBusterBro,1
jacquelinisbest,MikePenceVP,1
jacquelinisbest,MolonLabeNZ,1
jacquelinisbest,Moonwkr,1
jacquelinisbest,MrWhatdafuck,1
jacquelinisbest,NBCNightlyNews,1
jacquelinisbest,NRA,1
jacquelinisbest,NahBabyNah,1
jacquelinisbest,Nate_Cohn,1
jacquelinisbest,NathanWurtzel,1
jacquelinisbest,Natire2u,1
jacquelinisbest,Nephanor,1
jacquelinisbest,NoahCRothman,1
jacquelinisbest,NubianAwakening,1
jacquelinisbest,OCAmericans,7
jacquelinisbest,ObamaBash,1
jacquelinisbest,OccupyBawlStree,1
jacquelinisbest,OfeliasHeaven,1
jacquelinisbest,OmnivoreBlog,1
jacquelinisbest,Pamela_Moore13,1
jacquelinisbest,ParamjitGarewal,1
jacquelinisbest,PatDollard,1
jacquelinisbest,PatriotBlake,1
jacquelinisbest,Patriot_MM,6
jacquelinisbest,Patriotancestry,10
jacquelinisbest,PlaysTrumpCard,1
jacquelinisbest,PoliticNewsUSA,1
jacquelinisbest,Population_Grow,1
jacquelinisbest,Portosj81J,1
jacquelinisbest,PrisonPlanet,3
jacquelinisbest,ROCKONDUDE2,1
jacquelinisbest,Rasmussen_Poll,1
jacquelinisbest,RealDJTrumpTeam,2
jacquelinisbest,RealHeatherRoss,1
jacquelinisbest,RealJamesWoods,5
jacquelinisbest,Reince,4
jacquelinisbest,ReportUnited,1
jacquelinisbest,Rictracee,1
jacquelinisbest,RightPalmetto,1
jacquelinisbest,RobHoey,2
jacquelinisbest,Rockprincess818,1
jacquelinisbest,RossMcleanSec,1
jacquelinisbest,Ryce777,1
jacquelinisbest,SBAList,1
jacquelinisbest,Sandman_HQ,1
jacquelinisbest,SandraTXAS,2
jacquelinisbest,SardinePundit,1
jacquelinisbest,SaysMissy,1
jacquelinisbest,Scotswrath,1
jacquelinisbest,ScottAdamsSays,2
jacquelinisbest,SebGorka,1
jacquelinisbest,Shaughn_A,1
jacquelinisbest,SheriffClarke,2
jacquelinisbest,SooperMexican,1
jacquelinisbest,Spacedoves3,1
jacquelinisbest,Spirit__Cooking,1
jacquelinisbest,SteveDeaceShow,1
jacquelinisbest,Stevenwhirsch99,2
jacquelinisbest,StridentConserv,3
jacquelinisbest,THE_47th,1
jacquelinisbest,TRUMPMOVEMENTUS,1
jacquelinisbest,TRUMPOATH12017,6
jacquelinisbest,Tacami222,2
jacquelinisbest,TacticalKnome,1
jacquelinisbest,TallahForTrump,1
jacquelinisbest,TeamTrumpGA,1
jacquelinisbest,TheAmishDude,1
jacquelinisbest,TheRickWilson,1
jacquelinisbest,TheTodayShow,1
jacquelinisbest,TheValuesVoter,2
jacquelinisbest,The_Trump_Train,1
jacquelinisbest,TrumpIsTheTrue,1
jacquelinisbest,TrumpSuperPAC,1
jacquelinisbest,Trumptbird,1
jacquelinisbest,Trumpviewz,1
jacquelinisbest,TweetingYarnie,1
jacquelinisbest,TwitchyTeam,1
jacquelinisbest,USAforTrump2016,1
jacquelinisbest,US_Army_Vet,1
jacquelinisbest,VRWCTexan,1
jacquelinisbest,VeronicaCoffin,1
jacquelinisbest,Veteran4Trump,1
jacquelinisbest,VivaLaAmes,2
jacquelinisbest,VoteTrumpPics,1
jacquelinisbest,WDFx2EU7,2
jacquelinisbest,WalshFreedom,1
jacquelinisbest,WayneDupreeShow,1
jacquelinisbest,WeNeedTrump,1
jacquelinisbest,WesleyRickard,1
jacquelinisbest,WoodCarma,1
jacquelinisbest,YMcglaun,1
jacquelinisbest,YahooNews,1
jacquelinisbest,_Makada_,1
jacquelinisbest,aaronsrgenus,1
jacquelinisbest,abusedtaxpayer,16
jacquelinisbest,adjunctprofessr,1
jacquelinisbest,aflaherty73,1
jacquelinisbest,airbrat77,1
jacquelinisbest,alaskantexanQCT,1
jacquelinisbest,alfonslopeztena,1
jacquelinisbest,alfonsohapp,1
jacquelinisbest,america_trump,2
jacquelinisbest,annwherberger,1
jacquelinisbest,askthemayven,1
jacquelinisbest,avanconia,1
jacquelinisbest,bakerlarry84,1
jacquelinisbest,bayareahausfrau,1
jacquelinisbest,benshapiro,1
jacquelinisbest,beny_benson,2
jacquelinisbest,betioserrano,1
jacquelinisbest,bfraser747,4
jacquelinisbest,bob_owens,2
jacquelinisbest,bocavista2016,1
jacquelinisbest,bwtanker,1
jacquelinisbest,calgaryherald,1
jacquelinisbest,cantontweet,1
jacquelinisbest,cassidyphoenyx,1
jacquelinisbest,celesteholsinge,1
jacquelinisbest,cgpb,3
jacquelinisbest,cmdorsey,13
jacquelinisbest,comermd,1
jacquelinisbest,conkc2,1
jacquelinisbest,conor64,1
jacquelinisbest,conserva8,1
jacquelinisbest,crazyhouse3,1
jacquelinisbest,cvpayne,1
jacquelinisbest,dcexaminer,1
jacquelinisbest,ddeaconblues,1
jacquelinisbest,deaconcruise,1
jacquelinisbest,debrajsaunders,1
jacquelinisbest,debsellsslc,1
jacquelinisbest,deplorablelori,1
jacquelinisbest,dhiggins63,1
jacquelinisbest,dhrxsol1234,1
jacquelinisbest,dkm177,1
jacquelinisbest,dougoltrogge,1
jacquelinisbest,eRtwngr,1
jacquelinisbest,eaglesdontflock,1
jacquelinisbest,ed_hooley,2
jacquelinisbest,evilintolerant,1
jacquelinisbest,farrightgregy,1
jacquelinisbest,foxandfriends,4
jacquelinisbest,freedomnow72,1
jacquelinisbest,freedomwatchweb,1
jacquelinisbest,garydailydrift,1
jacquelinisbest,gerfingerpoken,2
jacquelinisbest,gerfingerpoken2,2
jacquelinisbest,greeneyes0084,1
jacquelinisbest,guypbenson,2
jacquelinisbest,gynarchyrules,1
jacquelinisbest,hale_razor,1
jacquelinisbest,happygirl78724,1
jacquelinisbest,hateful_heretic,1
jacquelinisbest,hautedamn,1
jacquelinisbest,hectormorenco,1
jacquelinisbest,heifer109,1
jacquelinisbest,hottiesfortrump,1
jacquelinisbest,hrtablaze,1
jacquelinisbest,ihatethemedia,8
jacquelinisbest,iluvscoops,1
jacquelinisbest,immigrant4trump,1
jacquelinisbest,indigenous01,2
jacquelinisbest,izzysroses,1
jacquelinisbest,jackbgoode1,1
jacquelinisbest,jamesplake721,1
jacquelinisbest,jamestaranto,1
jacquelinisbest,jb_morey,1
jacquelinisbest,jennybethm,1
jacquelinisbest,jimdwrench,1
jacquelinisbest,jimmylemons,11
jacquelinisbest,joefuckingbiden,1
jacquelinisbest,johncitysq,1
jacquelinisbest,jojoh888,2
jacquelinisbest,keithvlasak,1
jacquelinisbest,kevkid79,6
jacquelinisbest,kimmieguy,1
jacquelinisbest,landofmind1,1
jacquelinisbest,latinaafortrump,2
jacquelinisbest,luvGodncountry,5
jacquelinisbest,maddezmom,1
jacquelinisbest,marcthiessen,1
jacquelinisbest,markknoller,1
jacquelinisbest,marklevinshow,1
jacquelinisbest,mediainvestors,1
jacquelinisbest,meganliberman,1
jacquelinisbest,mehdirhasan,1
jacquelinisbest,michaelkeyes,2
jacquelinisbest,michelle4trump,1
jacquelinisbest,mikandynothem,1
jacquelinisbest,mitchellvii,1
jacquelinisbest,mrtom3560,1
jacquelinisbest,muzikgirl11,1
jacquelinisbest,nananb55,1
jacquelinisbest,nautilus55,1
jacquelinisbest,newtgingrich,1
jacquelinisbest,nia4_trump,1
jacquelinisbest,nicktjacob,1
jacquelinisbest,nousgnostic,1
jacquelinisbest,onlnsurfer,5
jacquelinisbest,osPatriot,2
jacquelinisbest,osi_model13,1
jacquelinisbest,patcondell,1
jacquelinisbest,pepper_10,1
jacquelinisbest,petefrt,1
jacquelinisbest,peterthebellhop,1
jacquelinisbest,pnehlen,1
jacquelinisbest,politicalmath,1
jacquelinisbest,prchristen,4
jacquelinisbest,preciousliberty,12
jacquelinisbest,pwoodreporter,1
jacquelinisbest,raider_truth,1
jacquelinisbest,reFocusZone,1
jacquelinisbest,realDonaldTrump,5
jacquelinisbest,realkingrobbo,3
jacquelinisbest,redostoneage,1
jacquelinisbest,redrivergrl,4
jacquelinisbest,redsteeze,1
jacquelinisbest,reg1776,1
jacquelinisbest,rharrisonfries,1
jacquelinisbest,riteprices,4
jacquelinisbest,rob_mcwaters,1
jacquelinisbest,rockynickydog,1
jacquelinisbest,rtoberl,1
jacquelinisbest,ryanra,2
jacquelinisbest,sandgnatlawson,1
jacquelinisbest,satin_silkn,1
jacquelinisbest,screenwriter,1
jacquelinisbest,seanhannity,3
jacquelinisbest,seanmdav,1
jacquelinisbest,shortman5427,1
jacquelinisbest,shortwave8669,12
jacquelinisbest,starknightz,1
jacquelinisbest,stillgray,1
jacquelinisbest,tan123,1
jacquelinisbest,taydark_77,1
jacquelinisbest,tedcruz,1
jacquelinisbest,theblaze,1
jacquelinisbest,thehill,3
jacquelinisbest,themouthmatusow,1
jacquelinisbest,tj02192943,1
jacquelinisbest,townhallcom,1
jacquelinisbest,trscoop,6
jacquelinisbest,true_pundit,1
jacquelinisbest,trumpamericann,1
jacquelinisbest,trumpology,2
jacquelinisbest,tvogvo,1
jacquelinisbest,unconcious0,1
jacquelinisbest,velvethammer,1
jacquelinisbest,walterolson,1
jacquelinisbest,weknowwhatsbest,2
jacquelinisbest,wendyvoss,1
jacquelinisbest,wesearchr,1
jacquelinisbest,wikileaks,6
jacquelinisbest,yidwithlid,1
jacquelinisbest,zachhaller,1
jacquelinisbest,zerohedge,1
jacquelinisbest,zoomzoom130,1
jadonhutchinson,5cottBrown,1
jadonhutchinson,ABCPolitics,1
jadonhutchinson,ATLBlackStar,1
jadonhutchinson,AdedapoLinda,1
jadonhutchinson,AishaStaggers,1
jadonhutchinson,AjalaTanya,1
jadonhutchinson,AlGiordano,1
jadonhutchinson,BaburRealer,1
jadonhutchinson,BealsParrish,1
jadonhutchinson,BmoreDoc,1
jadonhutchinson,CNN,1
jadonhutchinson,Canada4Bernie,1
jadonhutchinson,ChicagoBreaking,1
jadonhutchinson,ConsiderItCoco,1
jadonhutchinson,CraigRozniecki,1
jadonhutchinson,CrowdCBoost,1
jadonhutchinson,DonaldJTrumpJr,1
jadonhutchinson,DryerBuzz,1
jadonhutchinson,ElayneBoosler,1
jadonhutchinson,EnigmaNetxx,1
jadonhutchinson,EricBoehlert,1
jadonhutchinson,FeministaJones,2
jadonhutchinson,Freeyourmindkid,1
jadonhutchinson,GULLYKING82,1
jadonhutchinson,GenGod77,1
jadonhutchinson,GreenPartyUS,1
jadonhutchinson,GuyEndoreKaiser,1
jadonhutchinson,HaroldWNelson,1
jadonhutchinson,HeerJeet,1
jadonhutchinson,HipHopVibe1,1
jadonhutchinson,HurriOwl,2
jadonhutchinson,IamJulieBrown,1
jadonhutchinson,IamJustinCase,1
jadonhutchinson,JerryBriant,1
jadonhutchinson,JeshurunLives,1
jadonhutchinson,JessicaValenti,1
jadonhutchinson,JoyAnnReid,1
jadonhutchinson,Karnythia,1
jadonhutchinson,KeepitRealTea,1
jadonhutchinson,Lawsonbulk,1
jadonhutchinson,LeftSentThis,1
jadonhutchinson,Luvvie,1
jadonhutchinson,MarchingForJust,2
jadonhutchinson,MissJupiter1957,1
jadonhutchinson,MoveOn,4
jadonhutchinson,MrNegroMilitant,1
jadonhutchinson,MrUniteUs,1
jadonhutchinson,MrbillionO,1
jadonhutchinson,NYDailyNews,1
jadonhutchinson,NaYaKnoMi,1
jadonhutchinson,OANN,1
jadonhutchinson,OOrangoutang,1
jadonhutchinson,ObamaStopTPP,1
jadonhutchinson,OmanReagan,1
jadonhutchinson,Omojuwa,1
jadonhutchinson,POTUS,1
jadonhutchinson,Patsy1207,2
jadonhutchinson,PolitiFact,1
jadonhutchinson,PrisonPlanet,1
jadonhutchinson,RaphaelLove,1
jadonhutchinson,Reuters,1
jadonhutchinson,RippDemUp,2
jadonhutchinson,SXMUrbanView,1
jadonhutchinson,SinghLions,1
jadonhutchinson,SojournerNow,1
jadonhutchinson,SouthernLady328,1
jadonhutchinson,TVMoJoe,1
jadonhutchinson,TezlynFigaro,1
jadonhutchinson,TocRadio,1
jadonhutchinson,TornadoesBoreMe,1
jadonhutchinson,TrapBernie,1
jadonhutchinson,TwiterHero,1
jadonhutchinson,TwitterMoments,2
jadonhutchinson,UNITEDWEDREAM,1
jadonhutchinson,USAntiTrump,1
jadonhutchinson,VanJones68,1
jadonhutchinson,VeryWhiteGuy,1
jadonhutchinson,WhiteHouse,1
jadonhutchinson,ajamubaraka,1
jadonhutchinson,alexpreditor,1
jadonhutchinson,asktnd,1
jadonhutchinson,ateacher97,1
jadonhutchinson,biasedreporter,1
jadonhutchinson,blackplanet,1
jadonhutchinson,boytoy1814,1
jadonhutchinson,deanfortythree,1
jadonhutchinson,democracynow,1
jadonhutchinson,derektmead,1
jadonhutchinson,drudgeheadlines,1
jadonhutchinson,dtafakari,1
jadonhutchinson,ezlusztig,1
jadonhutchinson,firefire100,1
jadonhutchinson,fivefifths,1
jadonhutchinson,frodofied,4
jadonhutchinson,garypgarrett,1
jadonhutchinson,ggreenwald,1
jadonhutchinson,gingerbums,1
jadonhutchinson,granny_st,1
jadonhutchinson,heykim,1
jadonhutchinson,jimcallcut,1
jadonhutchinson,jojokejohn,1
jadonhutchinson,laurby,1
jadonhutchinson,lori2_25,1
jadonhutchinson,motownbelle,1
jadonhutchinson,mychefnate,1
jadonhutchinson,obaa_boni,1
jadonhutchinson,ogkeyser,4
jadonhutchinson,peterdaou,1
jadonhutchinson,rolandsmartin,1
jadonhutchinson,ryanpeete_,1
jadonhutchinson,samsteinhp,1
jadonhutchinson,soulsound_prez,2
jadonhutchinson,starfirst,1
jadonhutchinson,stranahan,1
jadonhutchinson,tchop__StL,1
jadonhutchinson,thedailybeast,1
jadonhutchinson,thehill,1
jadonhutchinson,washingtonpost,1
jadonhutchinson,watersirot,1
janelperkinson,CharlesMBlow,1
janelperkinson,Fusion,1
janelperkinson,HeidiPrzybyla,2
janelperkinson,JJohnsonLaw,1
janelperkinson,JamilSmith,1
janelperkinson,MarkRuffalo,1
janelperkinson,MontrayDavis,1
janelperkinson,MrNegroMilitant,1
janelperkinson,UniteUnion,1
janelperkinson,blicqer,3
janelperkinson,edu_post,1
janelperkinson,hotdog7826,2
janelperkinson,keithboykin,2
janelperkinson,lsarsour,1
janelperkinson,rolandsmartin,1
janelperkinson,samswey,1
janelperkinson,speakinmytruth,1
janelperkinson,thehill,1
jani_s_jac,ALBDamn,1
jani_s_jac,AVD911,1
jani_s_jac,AbsonJill,1
jani_s_jac,AbuJafar51,1
jani_s_jac,Ajblivits,1
jani_s_jac,Akashi678,1
jani_s_jac,AndreaChalupa,1
jani_s_jac,BSCWatson,1
jani_s_jac,Bakari_Sellers,1
jani_s_jac,BarbraStreisand,1
jani_s_jac,BlackjediNow,1
jani_s_jac,BlaineBershad,1
jani_s_jac,BlerdyShani,1
jani_s_jac,BodhisattvaKat,2
jani_s_jac,Breaking911,1
jani_s_jac,CNN,1
jani_s_jac,CParks777,1
jani_s_jac,ChaRipley,1
jani_s_jac,CharlesMBlow,1
jani_s_jac,ColMorrisDavis,1
jani_s_jac,CollectedN,1
jani_s_jac,DevilAngel1166,1
jani_s_jac,DrJillStein,2
jani_s_jac,EJLandwehr,1
jani_s_jac,FardigJudith,1
jani_s_jac,Felonious_munk,1
jani_s_jac,FrReigns,1
jani_s_jac,Gallaecian,1
jani_s_jac,GodandtheBear,1
jani_s_jac,HillaryClinton,2
jani_s_jac,Honey17011,1
jani_s_jac,HuffPostPol,1
jani_s_jac,JamesGleick,1
jani_s_jac,JamilSmith,3
jani_s_jac,JaredWyand,2
jani_s_jac,Jax6655,1
jani_s_jac,JeanetteJing,2
jani_s_jac,JenniferJJacobs,1
jani_s_jac,JimmyBear2,1
jani_s_jac,JoeHuffHannon,1
jani_s_jac,JohnFugelsang,1
jani_s_jac,JohnPersinos1,1
jani_s_jac,JoyAnnReid,1
jani_s_jac,Joymar27,1
jani_s_jac,JuddApatow,1
jani_s_jac,JuliaPersonally,1
jani_s_jac,KC_in_NYC,1
jani_s_jac,KeepAmerGr8,1
jani_s_jac,KeepitRealTea,1
jani_s_jac,KeirJ4A,1
jani_s_jac,KeithOlbermann,1
jani_s_jac,Kragar_LGF,1
jani_s_jac,KyleKulinski,1
jani_s_jac,LVBurke,1
jani_s_jac,LesleyAnnBrandt,1
jani_s_jac,LisaBloom,1
jani_s_jac,MAHAMOSA,1
jani_s_jac,MMFlint,1
jani_s_jac,MRAS77,1
jani_s_jac,MarikaElena,1
jani_s_jac,Markaaaay,1
jani_s_jac,MarlowNYC,1
jani_s_jac,MattMurph24,1
jani_s_jac,MatthewKick,1
jani_s_jac,Megann_Brianne,1
jani_s_jac,MidnightRose432,1
jani_s_jac,Mustapha_Itani,1
jani_s_jac,NYDailyNews,1
jani_s_jac,NaphiSoc,1
jani_s_jac,Old_Bern_Kenobi,1
jani_s_jac,OnlyWhiteTiger,1
jani_s_jac,Playing_Dad,1
jani_s_jac,PoliticsPeach,1
jani_s_jac,RawStory,2
jani_s_jac,ReverantRevan,4
jani_s_jac,Scraw87,1
jani_s_jac,ShaunKing,2
jani_s_jac,SheSpeakDaTruth,1
jani_s_jac,SilERabbit,1
jani_s_jac,SocialIssueNews,1
jani_s_jac,SupaScoopa_,1
jani_s_jac,TUPACWIFE,1
jani_s_jac,TearsInHeaven09,1
jani_s_jac,TheDailyEdge,2
jani_s_jac,TheDailyShow,1
jani_s_jac,TheRealNews,1
jani_s_jac,TheRickyDavila,1
jani_s_jac,Timmbarton123T,1
jani_s_jac,ToddDracula,1
jani_s_jac,TrumpsDailyCon,1
jani_s_jac,Truth247,1
jani_s_jac,TuhRxxk,1
jani_s_jac,UncommonJose,1
jani_s_jac,VA4Hillary1,1
jani_s_jac,WeLoveJillStein,1
jani_s_jac,WhiteHouse,1
jani_s_jac,WizardBear1,1
jani_s_jac,YourAnonNews,1
jani_s_jac,aalali44,1
jani_s_jac,activist360,1
jani_s_jac,ajplus,1
jani_s_jac,alwaystheself,1
jani_s_jac,amjoyshow,1
jani_s_jac,atensnut,2
jani_s_jac,beckbjj,1
jani_s_jac,benabyad,1
jani_s_jac,benjaminmoser,1
jani_s_jac,birgittaj,1
jani_s_jac,blackflag_2012,2
jani_s_jac,blackvoices,1
jani_s_jac,bmoschetti,1
jani_s_jac,dave_thomason,1
jani_s_jac,davidgaliel,1
jani_s_jac,ddkochel,1
jani_s_jac,dierdrelewis,2
jani_s_jac,drumbeats4peace,2
jani_s_jac,elizabeth28536,1
jani_s_jac,elonjames,1
jani_s_jac,emigre80,1
jani_s_jac,ericaophelia,1
jani_s_jac,flyjawn,1
jani_s_jac,followingsea2,1
jani_s_jac,freelancewoman,1
jani_s_jac,funder,1
jani_s_jac,ggreenwald,1
jani_s_jac,gizzmotech,1
jani_s_jac,goldietaylor,1
jani_s_jac,guycecil,1
jani_s_jac,jackshafer,1
jani_s_jac,jjmacnab,1
jani_s_jac,khanknee,1
jani_s_jac,kharyp,1
jani_s_jac,kurteichenwald,2
jani_s_jac,kylegriffin1,1
jani_s_jac,liamstack,1
jani_s_jac,lsarsour,1
jani_s_jac,matthewamiller,1
jani_s_jac,mch7576,1
jani_s_jac,mcuban,1
jani_s_jac,nobarriers2016,1
jani_s_jac,peterdaou,2
jani_s_jac,pharris830,1
jani_s_jac,poniewozik,1
jani_s_jac,riotwomennn,1
jani_s_jac,rlocker12,1
jani_s_jac,rudapu92,1
jani_s_jac,sahilkapur,1
jani_s_jac,samsteinhp,1
jani_s_jac,seeksolutions50,1
jani_s_jac,shariline,1
jani_s_jac,southern_spaces,1
jani_s_jac,thehill,3
jani_s_jac,theonlyadult,1
jani_s_jac,thepaigehale,1
jani_s_jac,thepoliticalcat,13
jani_s_jac,timkaine,1
jani_s_jac,truthout,1
jani_s_jac,vivelafra,1
jani_s_jac,wikileaks,4
jani_s_jac,woodruffbets,1
jani_s_jac,zuessgirasoleme,1
jarrardnorman,1losthillbilly,1
jarrardnorman,ATHEIST_Blessed,1
jarrardnorman,AndyHashtagger,1
jarrardnorman,AnnoGalactic,1
jarrardnorman,CNN,1
jarrardnorman,Dreamweasel,3
jarrardnorman,EricWolfson,1
jarrardnorman,JD_Snapps,1
jarrardnorman,JackDrees,1
jarrardnorman,KipperNY42,1
jarrardnorman,Loca2733Mc,1
jarrardnorman,Longhairleeroy,1
jarrardnorman,Nick_Pettigrew,1
jarrardnorman,Pootie_Tang666,1
jarrardnorman,Redlinesi10,1
jarrardnorman,SandiBurkhart,1
jarrardnorman,SeeDaneRun,1
jarrardnorman,SethGoodtime,1
jarrardnorman,Shane_Rodenbeck,1
jarrardnorman,Sttbs73,1
jarrardnorman,TGJones_62,1
jarrardnorman,TheFoundingSon,1
jarrardnorman,Townsend_S_W,1
jarrardnorman,TrumpWeiners4,1
jarrardnorman,Voycer100,1
jarrardnorman,XQueenAckermanX,1
jarrardnorman,Z4RT4N,1
jarrardnorman,borforall,1
jarrardnorman,cutupx2,1
jarrardnorman,daacpa,1
jarrardnorman,effiekling,1
jarrardnorman,fatalmocking,1
jarrardnorman,gazgagman,1
jarrardnorman,ginger621853,1
jarrardnorman,iSAL9000,1
jarrardnorman,rmayemsinger,1
jarrardnorman,stephencgrant,1
jarrardnorman,stephens_pt,1
jarrardnorman,sweet_melissa06,1
jarrardnorman,taradublinrocks,1
jarrardnorman,theclobra,2
jarrardnorman,therealezway,1
jarrardnorman,truthusmaximus,1
jasper_fly,3DzD,1
jasper_fly,AndyHashtagger,4
jasper_fly,AnnoGalactic,1
jasper_fly,AtomicElbow1,2
jasper_fly,Born_To_DYE,1
jasper_fly,BoyGirlStuff,1
jasper_fly,BunchesOrWeezy,1
jasper_fly,Carlswall,1
jasper_fly,ChrixMorgan,1
jasper_fly,DALLASNITES,1
jasper_fly,DianaHollins,1
jasper_fly,Dreamweasel,1
jasper_fly,Edwardaespinoza,1
jasper_fly,Eliud_S_Terra,1
jasper_fly,Forza_Velocita,1
jasper_fly,GG70882020,1
jasper_fly,Gamiliell,2
jasper_fly,GeffGefferson1,1
jasper_fly,Ghostpimp4ever,1
jasper_fly,GodNegus,1
jasper_fly,Harrynotlarry,1
jasper_fly,HassanMoKhan,1
jasper_fly,Jasper_Fly,1
jasper_fly,KerrinTarr,1
jasper_fly,KeswickPinhead,1
jasper_fly,Khaoz83,1
jasper_fly,Maiden747En,2
jasper_fly,MelvinSRoberts,3
jasper_fly,Michael_Oh2L,1
jasper_fly,Obambulator,1
jasper_fly,PepeSupremist,1
jasper_fly,Peters1Aaron,1
jasper_fly,PixieGiggles33,1
jasper_fly,RacerX393,1
jasper_fly,ReallyRealSteve,1
jasper_fly,RudeDiaryLady,2
jasper_fly,Shane_Rodenbeck,1
jasper_fly,StitchyPooh15,1
jasper_fly,Thor_2000,1
jasper_fly,UnderCJ,1
jasper_fly,Yapyappity,1
jasper_fly,ashriel5,1
jasper_fly,bunnyhugger75,1
jasper_fly,cdigitech,1
jasper_fly,completelymoral,1
jasper_fly,explicitweetz,2
jasper_fly,ginger621853,1
jasper_fly,greshamomalley,1
jasper_fly,hashtag_darren,1
jasper_fly,im_srishabh21,1
jasper_fly,kearns_neil,1
jasper_fly,lilylanphear,1
jasper_fly,meyer2311,1
jasper_fly,mrd125,1
jasper_fly,outinthetrees,1
jasper_fly,realDonaldTrump,1
jasper_fly,ronen321,1
jasper_fly,snowyjim1,1
jasper_fly,somedude1129,1
jasper_fly,theclobra,1
jasper_fly,trapmasterrick,1
jasper_fly,truthusmaximus,1
jasper_fly,weirdsavant,1
jasper_fly,wikileaks,1
jasper_fly,wishiwasatiger,1
jassscott,AceMackMW,1
jassscott,AnasuyaIam,1
jassscott,ArsenioHall,1
jassscott,BET,1
jassscott,BILLBELLAMY,1
jassscott,BenSasse,1
jassscott,BornredNowblue,1
jassscott,CNNPolitics,1
jassscott,ClaraJeffery,1
jassscott,ColossILL,1
jassscott,CorrectRecord,1
jassscott,DanRiehl,1
jassscott,DavidCornDC,1
jassscott,DcSlumdog,1
jassscott,Delo_Taylor,1
jassscott,EBONYMag,1
jassscott,EnigmaNetxx,1
jassscott,GoodMenProject,1
jassscott,Headerop1,1
jassscott,HeideggerFan,1
jassscott,HillaryClinton,2
jassscott,IAmJohnSparks,1
jassscott,Jen_Marden,1
jassscott,JenaFriedman,1
jassscott,KhaledBeydoun,1
jassscott,LisaToddSutton,1
jassscott,MHarrisPerry,1
jassscott,MaddowBlog,1
jassscott,MikeHersh,1
jassscott,MomsDemand,1
jassscott,MoveOn,1
jassscott,MrNegroMilitant,1
jassscott,MsElectLadyKim,1
jassscott,NerdyNegress,1
jassscott,NewYorker,1
jassscott,Phil_Lewis_,1
jassscott,RealSamMartin,1
jassscott,RealTalkUPROXX,1
jassscott,RippDemUp,3
jassscott,Russian_Starr,1
jassscott,SenSanders,1
jassscott,SenWarren,1
jassscott,Sesimag,1
jassscott,ShaunKing,1
jassscott,SteveKopack,1
jassscott,TPM,1
jassscott,TananariveDue,1
jassscott,TheAnonnMessage,1
jassscott,TheLastWord,1
jassscott,TheeOtherBIll,1
jassscott,ThisWeekABC,1
jassscott,TwinmomSue,1
jassscott,TwiterHero,1
jassscott,VH1access,1
jassscott,afiador3,1
jassscott,becket,1
jassscott,blicqer,1
jassscott,carolynryan,1
jassscott,cheeseheadlucy,1
jassscott,christinawilkie,1
jassscott,cstross,1
jassscott,darrensands,1
jassscott,davidsirota,1
jassscott,democracynow,1
jassscott,dzsteph,1
jassscott,factsdomatter1,1
jassscott,frodofied,2
jassscott,heroesboxing,1
jassscott,igorbobic,1
jassscott,jackie_emerson,1
jassscott,jbarro,1
jassscott,joyceetta,1
jassscott,jukkay777,1
jassscott,juliamacfarlane,1
jassscott,justkarl,1
jassscott,keithboykin,1
jassscott,kurteichenwald,2
jassscott,mch7576,1
jassscott,mmpadellan,1
jassscott,mollycrabapple,1
jassscott,mtracey,1
jassscott,ogkeyser,5
jassscott,rulajebreal,1
jassscott,stranahan,1
jassscott,theGrio,1
jassscott,thedailybeast,1
jassscott,trueblacknews,1
jassscott,tuneintorevcom,1
jassscott,twnklsdad,1
jassscott,typicalcircle,1
jassscott,wikileaks,1
jassscott,zimbabwekid,1
javonhidp,4coloredgyrl,1
javonhidp,ATLBlackStar,1
javonhidp,AfroStateOfMind,1
javonhidp,AkilahObviously,2
javonhidp,AndrewDasNYT,1
javonhidp,Anony_Mia,1
javonhidp,AntheaButler,2
javonhidp,AntonioFrench,1
javonhidp,BCAppelbaum,1
javonhidp,BWorthingtonIII,1
javonhidp,BlackInformant,1
javonhidp,BlackMoses2015,2
javonhidp,Blavity,1
javonhidp,BreeNewsome,1
javonhidp,BroderickGreer,1
javonhidp,BuzzFeedNews,1
javonhidp,CNBC,1
javonhidp,Carl_Dix,1
javonhidp,Carrasquillo,1
javonhidp,CharlesMBlow,8
javonhidp,CharlotteAlter,1
javonhidp,ChrissyCole,1
javonhidp,ChuckModi1,3
javonhidp,ConnieSchultz,2
javonhidp,DLin71,2
javonhidp,DailyCaller,1
javonhidp,DanteB4u,2
javonhidp,DarthPutinKGB,1
javonhidp,DeleMage,1
javonhidp,Delo_Taylor,3
javonhidp,DrJillStein,1
javonhidp,DylanByers,1
javonhidp,ESQPolitics,1
javonhidp,EdTheJoker,3
javonhidp,EricKleefeld,1
javonhidp,EricShapiro3,1
javonhidp,FCKNYH_GK,1
javonhidp,Fahrenthold,1
javonhidp,FeministaJones,3
javonhidp,Fidelia_Gabor,3
javonhidp,Fusion,19
javonhidp,GardinerHarris,1
javonhidp,GideonResnick,2
javonhidp,GoAngelo,1
javonhidp,GottaLaff,1
javonhidp,GrnEyedMandy,1
javonhidp,GuardianUS,1
javonhidp,HBCU_Roundtable,1
javonhidp,HRC,1
javonhidp,HaroldItz,4
javonhidp,IMIXWHATILIKE,1
javonhidp,IndieWire,1
javonhidp,InesdLC,1
javonhidp,JMKTV,1
javonhidp,JamilSmith,9
javonhidp,JamilahLemieux,1
javonhidp,JeffersonObama,1
javonhidp,JeffreyGoldberg,1
javonhidp,JoyAnnReid,11
javonhidp,KeithOlbermann,1
javonhidp,Kenwardjr,1
javonhidp,KevinARing,1
javonhidp,KevinMKruse,2
javonhidp,KingJohnLove,1
javonhidp,LPDonovan,1
javonhidp,LeftSentThis,3
javonhidp,LisaBloom,1
javonhidp,Luvvie,1
javonhidp,MHarrisPerry,2
javonhidp,MariaChappelleN,1
javonhidp,MazMHussain,1
javonhidp,McFaul,1
javonhidp,MissJupiter1957,2
javonhidp,MrNegroMilitant,9
javonhidp,MsPackyetti,1
javonhidp,MuseWendi,1
javonhidp,NBCLA,1
javonhidp,NBCNightlyNews,1
javonhidp,NewDay,1
javonhidp,NewYorker,1
javonhidp,NifMuhammad,1
javonhidp,NovaSankofa,1
javonhidp,OANN,3
javonhidp,OLAASM,1
javonhidp,Okwonga,2
javonhidp,Phil_Lewis_,2
javonhidp,PiercedSkull,1
javonhidp,PrisonPlanet,1
javonhidp,RWTQuotes,1
javonhidp,RealDonalDrumpf,3
javonhidp,ReclaimOurSchls,1
javonhidp,ReutersPolitics,2
javonhidp,RicheyCollazo,1
javonhidp,RoseAnnDeMoro,1
javonhidp,Russian_Starr,1
javonhidp,RuthHHopkins,1
javonhidp,SamuelKRoberts,1
javonhidp,SankofaBrown,1
javonhidp,SantitaJ,1
javonhidp,SharonKyle00,1
javonhidp,SopanDeb,4
javonhidp,SparkleBubbles1,1
javonhidp,StopMassIncNet,1
javonhidp,Sttbs73,1
javonhidp,Suite_Tea,1
javonhidp,TalibKweli,6
javonhidp,Taniel,1
javonhidp,TariqToure,1
javonhidp,TefPoe,1
javonhidp,TheDailyEdge,4
javonhidp,TheKitchenSynk,1
javonhidp,TheLyonHeart3d,1
javonhidp,TheRealNasim,1
javonhidp,Toddforreal,1
javonhidp,Toure,1
javonhidp,TransGriot,2
javonhidp,Travon,1
javonhidp,VanJones68,1
javonhidp,VonniMediaMogul,2
javonhidp,WNewsTraffic,1
javonhidp,Yamiche,1
javonhidp,YourQueenMakeda,1
javonhidp,akmcquade,1
javonhidp,alexandrianeas,1
javonhidp,alexburnsNYT,1
javonhidp,alisonklemp,1
javonhidp,alissascheller,1
javonhidp,allegrakirkland,1
javonhidp,amjoyshow,1
javonhidp,angela_rye,2
javonhidp,anthonyVslater,1
javonhidp,bdoulaoblongata,1
javonhidp,bexology_,1
javonhidp,billmon1,1
javonhidp,blackgirlinmain,1
javonhidp,blackvoices,5
javonhidp,blicqer,45
javonhidp,chrislhayes,4
javonhidp,churchofsoccer,1
javonhidp,clairemoses,1
javonhidp,daneyvilla,3
javonhidp,danpfeiffer,1
javonhidp,deray,3
javonhidp,djolder,4
javonhidp,dk_munro,1
javonhidp,dougmillsnyt,1
javonhidp,drumbeats4peace,3
javonhidp,dstfelix,1
javonhidp,elandfried,1
javonhidp,elonjames,1
javonhidp,elsajustelsa,5
javonhidp,emmaogreen,2
javonhidp,es_snipes,1
javonhidp,existentialfish,1
javonhidp,finneyk,1
javonhidp,fivefifths,3
javonhidp,flippedhatnupe,1
javonhidp,frankthorp,1
javonhidp,freeandclear1,1
javonhidp,frijol_power,1
javonhidp,gdebenedetti,1
javonhidp,ggreenwald,3
javonhidp,graceishuman,2
javonhidp,iAmDaHarper,1
javonhidp,ibadanian,1
javonhidp,imillhiser,1
javonhidp,jamisonfoser,1
javonhidp,jbouie,1
javonhidp,jbview,1
javonhidp,johnvmoore,1
javonhidp,jonathanchait,1
javonhidp,jonfavs,1
javonhidp,justin_fenton,1
javonhidp,justinjm1,1
javonhidp,jwherrman,1
javonhidp,knguyen,1
javonhidp,kylegriffin1,2
javonhidp,laseptiemewilay,1
javonhidp,livurlif12,1
javonhidp,lsarsour,1
javonhidp,maggieNYT,1
javonhidp,marcowenjones,1
javonhidp,mattdpearce,1
javonhidp,mckaycoppins,1
javonhidp,mcuban,2
javonhidp,michaelwhitney,1
javonhidp,mkraju,1
javonhidp,morningmoneyben,1
javonhidp,natturnerx65,1
javonhidp,nbcsandiego,1
javonhidp,nytimes,1
javonhidp,nytpolitics,2
javonhidp,paulmgardner,1
javonhidp,pooter03,1
javonhidp,prisonculture,2
javonhidp,rafalhill,2
javonhidp,realDonaldTrump,1
javonhidp,revkollektiv,1
javonhidp,sakura1979,1
javonhidp,sdkstl,1
javonhidp,solomonjones1,1
javonhidp,soulful_chica,1
javonhidp,thad_wiley,1
javonhidp,thehill,1
javonhidp,theryangeorge,1
javonhidp,thetrudz,2
javonhidp,tonyschwartz,1
javonhidp,trueblacknews,3
javonhidp,valeriestone,1
javonhidp,velo_city,1
javonhidp,washingtonpost,1
javonhidp,washpostfaith,1
jaydaastonishin,3ChicsPolitico,1
jaydaastonishin,3lueDoggie,1
jaydaastonishin,7im,1
jaydaastonishin,ABCLiz,1
jaydaastonishin,AmericanIndian8,1
jaydaastonishin,AriBerman,1
jaydaastonishin,AsIAmG810,1
jaydaastonishin,AustralianSambo,1
jaydaastonishin,BlackAutonomist,1
jaydaastonishin,BlackMoses2015,1
jaydaastonishin,BlackjediNow,1
jaydaastonishin,BrianMcLight,1
jaydaastonishin,BroderickGreer,1
jaydaastonishin,CaballoNegrito,1
jaydaastonishin,ChadHGriffin,1
jaydaastonishin,CharlotteAlter,1
jaydaastonishin,DanteB4u,1
jaydaastonishin,DavidChalian,3
jaydaastonishin,DawudWalid,1
jaydaastonishin,Delo_Taylor,2
jaydaastonishin,DemFromCT,1
jaydaastonishin,DonCheadle,1
jaydaastonishin,DrGrantjr,1
jaydaastonishin,EricBoehlert,1
jaydaastonishin,Fahrenthold,1
jaydaastonishin,FlyDuoATL,1
jaydaastonishin,FrReigns,1
jaydaastonishin,GideonResnick,3
jaydaastonishin,Gus_802,1
jaydaastonishin,ILoveMyWife0007,1
jaydaastonishin,JamilSmith,1
jaydaastonishin,JasonKander,1
jaydaastonishin,Jezebel,1
jaydaastonishin,JoyAnnReid,1
jaydaastonishin,Kasparov63,1
jaydaastonishin,KeeganNYC,1
jaydaastonishin,Kenny1918,1
jaydaastonishin,LiberalMmama,1
jaydaastonishin,M_Karanicolas,1
jaydaastonishin,Margaretherapy,1
jaydaastonishin,MattMurph24,4
jaydaastonishin,MaxBoot,1
jaydaastonishin,MissConception0,1
jaydaastonishin,MtnMD,1
jaydaastonishin,NateSilver538,1
jaydaastonishin,NewYorkerRadio,1
jaydaastonishin,NifMuhammad,1
jaydaastonishin,NinaLavaa,1
jaydaastonishin,NovaSankofa,1
jaydaastonishin,OpenDebate,1
jaydaastonishin,PeoplesMediaLA,1
jaydaastonishin,Phil_Mattingly,1
jaydaastonishin,PhilipRucker,1
jaydaastonishin,Politics_PR,1
jaydaastonishin,SankofaBrown,1
jaydaastonishin,SiCarswell,1
jaydaastonishin,SimonMaloy,1
jaydaastonishin,Slate,1
jaydaastonishin,SopanDeb,3
jaydaastonishin,SultryRobin,1
jaydaastonishin,TalibKweli,1
jaydaastonishin,TerryMoran,1
jaydaastonishin,TheDailyEdge,1
jaydaastonishin,WIRED,1
jaydaastonishin,WhiteHouse,1
jaydaastonishin,ZaibatsuNews,17
jaydaastonishin,annehelen,1
jaydaastonishin,asmith83,1
jaydaastonishin,blackmattersus,1
jaydaastonishin,blicqer,37
jaydaastonishin,charles_gaba,1
jaydaastonishin,chrislhayes,1
jaydaastonishin,costareports,1
jaydaastonishin,cslarochelle,1
jaydaastonishin,davidaxelrod,1
jaydaastonishin,deraysvest,1
jaydaastonishin,docrocktex26,1
jaydaastonishin,donilo252525,1
jaydaastonishin,fawfulfan,4
jaydaastonishin,filmystic,1
jaydaastonishin,fivefifths,1
jaydaastonishin,gelliottmorris,1
jaydaastonishin,geoffreyvs,1
jaydaastonishin,gollum1419_g,1
jaydaastonishin,greenhousenyt,1
jaydaastonishin,jk_rowling,1
jaydaastonishin,jmartNYT,1
jaydaastonishin,jonathanvswan,1
jaydaastonishin,jonlovett,1
jaydaastonishin,julianbarnes,1
jaydaastonishin,juliegwilf,1
jaydaastonishin,justinjm1,1
jaydaastonishin,khanknee,1
jaydaastonishin,kurteichenwald,1
jaydaastonishin,michaelcrowley,1
jaydaastonishin,mlcalderone,1
jaydaastonishin,mmurraypolitics,2
jaydaastonishin,morningmoneyben,2
jaydaastonishin,ndrew_lawrence,1
jaydaastonishin,nytpolitics,1
jaydaastonishin,randyprine,1
jaydaastonishin,sakura1979,1
jaydaastonishin,samswey,1
jaydaastonishin,sarahkendzior,1
jaydaastonishin,smoothkobra,2
jaydaastonishin,steph_bello,1
jaydaastonishin,swin24,1
jaydaastonishin,telesurenglish,1
jaydaastonishin,thisisjorge,1
jaydaastonishin,trueblacknews,3
jaydaastonishin,yottapoint,1
jeannemccarthy0,2ANow,1
jeannemccarthy0,307rcKStar,1
jeannemccarthy0,Aaron_Gagnier16,1
jeannemccarthy0,AppSame,1
jeannemccarthy0,BigStick2013,1
jeannemccarthy0,BrucieDublin,2
jeannemccarthy0,CassandraRules,1
jeannemccarthy0,CassieWeltch,1
jeannemccarthy0,CooknCooks,3
jeannemccarthy0,CounterJihadRp,1
jeannemccarthy0,DVATW,2
jeannemccarthy0,EmileeWaren,2
jeannemccarthy0,FFRNewsNet1,1
jeannemccarthy0,Gab1Aldana,2
jeannemccarthy0,GarrettSimpson_,2
jeannemccarthy0,GiselleEvns,1
jeannemccarthy0,ItsAReckoning,1
jeannemccarthy0,JaredWyand,1
jeannemccarthy0,Juliet777777,3
jeannemccarthy0,Junebug1952,1
jeannemccarthy0,KeepTXTX,1
jeannemccarthy0,Logan_WhatsUp,3
jeannemccarthy0,MichelleArry,1
jeannemccarthy0,PatriotBlake,1
jeannemccarthy0,TweetingYarnie,1
jeannemccarthy0,WeThePeopleFor,1
jeannemccarthy0,_NickLuna_,2
jeannemccarthy0,cassishere,1
jeannemccarthy0,davidsirota,1
jeannemccarthy0,heifer109,1
jeannemccarthy0,literaturedevil,1
jeannemccarthy0,noblebarnes87,1
jeannemccarthy0,nscrgrl20,1
jeannemccarthy0,stephwwjd,3
jeannemccarthy0,steve0423,1
jeannemccarthy0,stranahan,1
jeanuttella,Annikaleia,1
jeanuttella,AreYouAfro,2
jeanuttella,Charlie_Corley,1
jeanuttella,DanteB4u,1
jeanuttella,DonCheadle,1
jeanuttella,Fusion,1
jeanuttella,GABBYiSACTiVE,1
jeanuttella,HaroldWNelson,1
jeanuttella,HotBlkCoffee,1
jeanuttella,IamJulieBrown,1
jeanuttella,IntelGroupHax,1
jeanuttella,JoyAnnReid,3
jeanuttella,LatinoInitUSA,1
jeanuttella,MTVNews,1
jeanuttella,MissJupiter1957,2
jeanuttella,MrJamesonNeat,1
jeanuttella,MsPackyetti,1
jeanuttella,Ocynthiawill,1
jeanuttella,Patsy1207,1
jeanuttella,PeoplesReport,1
jeanuttella,RawStory,2
jeanuttella,SherSpooner,1
jeanuttella,TalibKweli,1
jeanuttella,TheDailyEdge,3
jeanuttella,blicqer,2
jeanuttella,chrisgeidner,1
jeanuttella,dagr8fm,1
jeanuttella,em2wice,1
jeanuttella,evanasmith,3
jeanuttella,fivefifths,1
jeanuttella,jimmykimmel,1
jeanuttella,kharyp,1
jeanuttella,kitkat9301,1
jeanuttella,mashable,1
jeanuttella,ofafreak,1
jeanuttella,theyoungdread,1
jeffreykahunas,0HOUR1__,1
jeffreykahunas,2AFight,1
jeffreykahunas,2ALAW,1
jeffreykahunas,2jamielynn,1
jeffreykahunas,888Scott,1
jeffreykahunas,ABCLiz,1
jeffreykahunas,ABCPolitics,1
jeffreykahunas,AG_Conservative,1
jeffreykahunas,ARnews1936,2
jeffreykahunas,AbnInfVet,6
jeffreykahunas,Aldrich420,1
jeffreykahunas,AllenWest,1
jeffreykahunas,Always_Trump,1
jeffreykahunas,America_1st_,1
jeffreykahunas,AndyHopson,1
jeffreykahunas,AnnaCohenZodek,1
jeffreykahunas,AppSame,1
jeffreykahunas,AsIfUknow,1
jeffreykahunas,Augustine25,1
jeffreykahunas,AwakeDeborah,1
jeffreykahunas,BMartinezLive,1
jeffreykahunas,Babbsgirl2,1
jeffreykahunas,Badbadfox,1
jeffreykahunas,BarbaraAResEsq,1
jeffreykahunas,BeladonnaRogers,1
jeffreykahunas,BigMuscleBabe,1
jeffreykahunas,BlameBigGovt,1
jeffreykahunas,BocaLegend,1
jeffreykahunas,Bohemian_Review,1
jeffreykahunas,BourneInTexas,1
jeffreykahunas,C4Constitution,1
jeffreykahunas,CarmineZozzora,11
jeffreykahunas,CarrieThornthon,1
jeffreykahunas,Cernovich,6
jeffreykahunas,ChadPergram,1
jeffreykahunas,Chairmnoomowmow,1
jeffreykahunas,ChatRevolve,1
jeffreykahunas,CheriJacobus,1
jeffreykahunas,ChristiChat,3
jeffreykahunas,CondZero1,1
jeffreykahunas,Conservatexian,1
jeffreykahunas,Conservative_VW,1
jeffreykahunas,CooknCooks,1
jeffreykahunas,Craigthepatriot,3
jeffreykahunas,Crash_MacDuff,1
jeffreykahunas,DMashak,10
jeffreykahunas,DanScavino,1
jeffreykahunas,DancrDave,1
jeffreykahunas,Davewellwisher,1
jeffreykahunas,Dbargen,1
jeffreykahunas,DeberahBissett,1
jeffreykahunas,DefendWallSt,1
jeffreykahunas,DiamondandSilk,1
jeffreykahunas,Don_Finley_,1
jeffreykahunas,DonaldJTrumpJr,3
jeffreykahunas,DrMartyFox,4
jeffreykahunas,EWErickson,1
jeffreykahunas,ElianaBenador,6
jeffreykahunas,EllieNoVATea,1
jeffreykahunas,EmileeWaren,1
jeffreykahunas,EricDavisMiddVT,1
jeffreykahunas,EricTrump,1
jeffreykahunas,FFRNewsNet1,2
jeffreykahunas,FiveRights,3
jeffreykahunas,FoxNews,2
jeffreykahunas,FredZeppelin12,2
jeffreykahunas,FreeDavidKing,4
jeffreykahunas,Fusion,1
jeffreykahunas,GarrettSimpson_,4
jeffreykahunas,GemMar333,1
jeffreykahunas,GoldStarMomTX55,1
jeffreykahunas,GregAbbott_TX,1
jeffreykahunas,GregWest_HALOJM,1
jeffreykahunas,Gwenap,1
jeffreykahunas,HRHIdaho,1
jeffreykahunas,HallieJackson,1
jeffreykahunas,HersheSquirt,1
jeffreykahunas,HillaryClinton,1
jeffreykahunas,IngrahamAngle,2
jeffreykahunas,JHaystrand,1
jeffreykahunas,JHowieJr,1
jeffreykahunas,JaredBeck,1
jeffreykahunas,JaredWyand,2
jeffreykahunas,JasonDovEsq,1
jeffreykahunas,JasonMillerinDC,1
jeffreykahunas,JayCostTWS,1
jeffreykahunas,JeffreyKahunas,1
jeffreykahunas,JoAnn_Bill,1
jeffreykahunas,JohnKStahlUSA,1
jeffreykahunas,JohninJerusalem,1
jeffreykahunas,Jude_Lamb,2
jeffreykahunas,KellyannePolls,1
jeffreykahunas,KimBrame,3
jeffreykahunas,LVNancy,1
jeffreykahunas,LacherMike,1
jeffreykahunas,LaraLeaTrump,1
jeffreykahunas,LauraBaeley,4
jeffreykahunas,LauraBaris,1
jeffreykahunas,LeahR77,3
jeffreykahunas,LessGovMoreFun,3
jeffreykahunas,LindaSuhler,9
jeffreykahunas,Logan_WhatsUp,1
jeffreykahunas,LouDobbs,4
jeffreykahunas,Lrihendry,1
jeffreykahunas,MJoemal19,1
jeffreykahunas,MMFlint,1
jeffreykahunas,MONAKatOILS,1
jeffreykahunas,MSNBC,1
jeffreykahunas,ManhattanInst,1
jeffreykahunas,MariaYes2trump,1
jeffreykahunas,MarionClare04,1
jeffreykahunas,MarissaImStrong,1
jeffreykahunas,MarkAlmost,6
jeffreykahunas,MarkYoungTruth,1
jeffreykahunas,MattMackowiak,1
jeffreykahunas,MatthewDiestel,1
jeffreykahunas,MediaMan2009,1
jeffreykahunas,MedianPolitics,5
jeffreykahunas,MeosoFunny,2
jeffreykahunas,MetroUK,1
jeffreykahunas,MightyBusterBro,1
jeffreykahunas,MikeBates,1
jeffreykahunas,MikeMcCroskey,1
jeffreykahunas,MikePenceVP,1
jeffreykahunas,Mikesonhess,1
jeffreykahunas,MiltonWolfMD,1
jeffreykahunas,MissPatriarch,1
jeffreykahunas,MrEdTrain,1
jeffreykahunas,MrgnW8,1
jeffreykahunas,NRO,1
jeffreykahunas,NetworksManager,1
jeffreykahunas,NewSonsLiberty,1
jeffreykahunas,NickAPappas,1
jeffreykahunas,NotJoshEarnest,1
jeffreykahunas,NubianAwakening,2
jeffreykahunas,NumbersMuncher,1
jeffreykahunas,Old_Bern_Kenobi,1
jeffreykahunas,Orthodoxe,1
jeffreykahunas,PJStrikeForce,5
jeffreykahunas,Paki_Greenland,1
jeffreykahunas,PatriotBlake,1
jeffreykahunas,PatriotGinger2,2
jeffreykahunas,Peoples_House,2
jeffreykahunas,PoliticalLaughs,1
jeffreykahunas,PpollingNumbers,2
jeffreykahunas,PrisonPlanet,5
jeffreykahunas,RH0lbr00k,2
jeffreykahunas,ROCKONDUDE2,1
jeffreykahunas,RadioFreeTom,1
jeffreykahunas,RealFKNNews,1
jeffreykahunas,RedNationRising,1
jeffreykahunas,ReignsFreedom,1
jeffreykahunas,RichardGrenell,1
jeffreykahunas,Ricky_Vaughn99,2
jeffreykahunas,Ricky__B,1
jeffreykahunas,RobAstorino,1
jeffreykahunas,SOFLO_Today,1
jeffreykahunas,SalMcdonagh,1
jeffreykahunas,SandraTXAS,1
jeffreykahunas,Sarah__Reynolds,1
jeffreykahunas,ScottAdamsSays,2
jeffreykahunas,SheldonCoraRoth,1
jeffreykahunas,Shimmyfab,1
jeffreykahunas,SooperMexican,1
jeffreykahunas,Stef_Lion,1
jeffreykahunas,Stevenwhirsch99,1
jeffreykahunas,Stonewall_77,4
jeffreykahunas,TEN_GOP,3
jeffreykahunas,TPPatriots,1
jeffreykahunas,TeamTrump,1
jeffreykahunas,TeddyDavisCNN,1
jeffreykahunas,TheGOPReport,1
jeffreykahunas,TheLibertyLogan,1
jeffreykahunas,ThePatriot143,4
jeffreykahunas,The_Trump_Train,1
jeffreykahunas,ThomasBernpaine,1
jeffreykahunas,TimRunsHisMouth,1
jeffreykahunas,TimSClark,1
jeffreykahunas,TorstenSjoberg,1
jeffreykahunas,TraceyTheisen,1
jeffreykahunas,TrumpMyPres,1
jeffreykahunas,TrumpNV,1
jeffreykahunas,Trump_World,1
jeffreykahunas,USAHipster,1
jeffreykahunas,USAneedsTRUMP,1
jeffreykahunas,USFreedomArmy,1
jeffreykahunas,Vendetta92429,1
jeffreykahunas,VoteTrumpPics,2
jeffreykahunas,WayneDupreeShow,2
jeffreykahunas,WeNeedTrump,1
jeffreykahunas,WikiLeaksShop,1
jeffreykahunas,WmScottBlair,1
jeffreykahunas,WordSmithGuy,1
jeffreykahunas,ZekeJMiller,1
jeffreykahunas,_CFJ_,1
jeffreykahunas,_NickLuna_,4
jeffreykahunas,andersonDrLJA,4
jeffreykahunas,annhull55,1
jeffreykahunas,asamjulian,2
jeffreykahunas,bfraser747,1
jeffreykahunas,bloviatedjerk,1
jeffreykahunas,brianmcarey,1
jeffreykahunas,brunelldonald,1
jeffreykahunas,carolinagirl63,1
jeffreykahunas,carrnut,1
jeffreykahunas,col_nj,2
jeffreykahunas,cristinalaila1,1
jeffreykahunas,dj_dwjohns1,1
jeffreykahunas,dukebob888,2
jeffreykahunas,eli_mari78,1
jeffreykahunas,elliosch,1
jeffreykahunas,faevalentina,1
jeffreykahunas,fityshadesofred,1
jeffreykahunas,foxandfriends,2
jeffreykahunas,fsuwin1,1
jeffreykahunas,gal_ecdunne,1
jeffreykahunas,gdebenedetti,1
jeffreykahunas,gerfingerpoken2,1
jeffreykahunas,ggeett37aaa,3
jeffreykahunas,glennyork,1
jeffreykahunas,gqforbes4,1
jeffreykahunas,grodriguez2020,1
jeffreykahunas,guntrust,4
jeffreykahunas,healthandcents,1
jeffreykahunas,heyits_toby,4
jeffreykahunas,iamgavinjames,1
jeffreykahunas,ibngibril,1
jeffreykahunas,islamlie2,1
jeffreykahunas,israelwithtrump,1
jeffreykahunas,jennybethm,2
jeffreykahunas,jfkfan75,1
jeffreykahunas,jimlibertarian,1
jeffreykahunas,jko417,1
jeffreykahunas,joshgremillion,1
jeffreykahunas,jpm05880,1
jeffreykahunas,kentpg,1
jeffreykahunas,kerpen,1
jeffreykahunas,kiaArian3,1
jeffreykahunas,limelite001,1
jeffreykahunas,lizzym420,1
jeffreykahunas,marisal001,1
jeffreykahunas,marjonnat,1
jeffreykahunas,marypatriott,1
jeffreykahunas,matthewjdowd,1
jeffreykahunas,mikandynothem,1
jeffreykahunas,mike_kid7231,1
jeffreykahunas,mitchellvii,2
jeffreykahunas,no2libs007,1
jeffreykahunas,nypost,1
jeffreykahunas,patrick_hostis,2
jeffreykahunas,patrioticpepe,1
jeffreykahunas,pilotbowen,1
jeffreykahunas,rchayden,2
jeffreykahunas,realDonaldTrump,12
jeffreykahunas,santann63,1
jeffreykahunas,seanhannity,1
jeffreykahunas,seanspicer,1
jeffreykahunas,secupp,1
jeffreykahunas,shlomikliab,1
jeffreykahunas,smitty_one_each,1
jeffreykahunas,steph93065,3
jeffreykahunas,stickyfacts,1
jeffreykahunas,tamaraleighllc,1
jeffreykahunas,tea0704,1
jeffreykahunas,theglobaluniter,3
jeffreykahunas,thehill,1
jeffreykahunas,tjemery1,1
jeffreykahunas,u2bheavenbound,1
jeffreykahunas,ustatruck,4
jeffreykahunas,virginiahume,1
jeffreykahunas,vivelafra,1
jeffreykahunas,whitewolfdown,1
jeffreykahunas,wikileaks,2
jeffreykahunas,zacharyebell,1
jeffreykahunas,zip90210,2
jenn_abrams,CNNPolitics,1
jenn_abrams,GG70882020,1
jenn_abrams,JonLemire,1
jenn_abrams,RoarkHoward_,1
jenn_abrams,SamDickfos,1
jenn_abrams,StefanMolyneux,1
jenn_abrams,TheFoundingSon,1
jerstoner,2ysur2ysub,1
jerstoner,ATLBlackStar,1
jerstoner,Americassoul,1
jerstoner,DanteB4u,1
jerstoner,DonCheadle,2
jerstoner,FeministaJones,1
jerstoner,Frobeus_NS,1
jerstoner,Fusion,1
jerstoner,GABBYiSACTiVE,1
jerstoner,GenGod77,1
jerstoner,Hugojl323,2
jerstoner,KeithOlbermann,1
jerstoner,LTrotsky21,1
jerstoner,LatinoInitUSA,1
jerstoner,MissJupiter1957,1
jerstoner,MsPackyetti,1
jerstoner,MtnMD,1
jerstoner,Patsy1207,1
jerstoner,RawStory,1
jerstoner,ReaganWorld,2
jerstoner,SirSheri,1
jerstoner,SladePowers,1
jerstoner,Slate,1
jerstoner,TalibKweli,1
jerstoner,TheReelNetwork,1
jerstoner,YAppelbaum,1
jerstoner,blicqer,1
jerstoner,dagr8fm,1
jerstoner,dancingqueenDC,1
jerstoner,em2wice,1
jerstoner,emergagent,1
jerstoner,es_snipes,2
jerstoner,frodofied,1
jerstoner,funkflex,1
jerstoner,guardian,1
jerstoner,jimmykimmel,1
jerstoner,jonfavs,1
jerstoner,kylegriffin1,1
jerstoner,lifeandmorelife,1
jerstoner,marceelias,1
jerstoner,necs,1
jerstoner,nowthisnews,1
jerstoner,ofafreak,1
jerstoner,onlxn,1
jerstoner,thedailybeast,1
jerstoner,thehill,1
jerstoner,valorstreet15,1
jerstoner,vj44,1
jery_robertsyo,AP,1
jery_robertsyo,ATLBlackStar,1
jery_robertsyo,AmericanSurreal,1
jery_robertsyo,AudraEqualityMc,1
jery_robertsyo,BarbinMD,1
jery_robertsyo,BernieSanders,1
jery_robertsyo,Blavity,1
jery_robertsyo,Dailytakes,1
jery_robertsyo,DanteB4u,1
jery_robertsyo,EricHaywood,1
jery_robertsyo,FriendzoneLayer,1
jery_robertsyo,Fusion,3
jery_robertsyo,HBCUGameday,1
jery_robertsyo,JHWeissmann,1
jery_robertsyo,JamilSmith,2
jery_robertsyo,JamilahLemieux,1
jery_robertsyo,JoyAnnReid,4
jery_robertsyo,Lawrence,1
jery_robertsyo,Luvvie,1
jery_robertsyo,MattMurph24,1
jery_robertsyo,NBCBLK,1
jery_robertsyo,NateSilver538,1
jery_robertsyo,Power106LA,4
jery_robertsyo,RTJoshRob,1
jery_robertsyo,RachelADolezal,1
jery_robertsyo,ReignOfApril,2
jery_robertsyo,SchoofsFeed,1
jery_robertsyo,TalibKweli,2
jery_robertsyo,TananariveDue,1
jery_robertsyo,TheDailyEdge,1
jery_robertsyo,TheMandyMoore,1
jery_robertsyo,Toure,6
jery_robertsyo,ZekeJMiller,1
jery_robertsyo,ZerlinaMaxwell,1
jery_robertsyo,adair_brion,1
jery_robertsyo,alissamarie,1
jery_robertsyo,alivitali,1
jery_robertsyo,amjoyshow,1
jery_robertsyo,angelaw676,1
jery_robertsyo,angryblackhoemo,1
jery_robertsyo,anniekarni,1
jery_robertsyo,aseitzwald,1
jery_robertsyo,blackenterprise,1
jery_robertsyo,blicqer,1
jery_robertsyo,callmedollar,1
jery_robertsyo,chrislhayes,1
jery_robertsyo,constantnatalie,1
jery_robertsyo,davidfrum,1
jery_robertsyo,deray,1
jery_robertsyo,elonjames,1
jery_robertsyo,franklinleonard,1
jery_robertsyo,goldietaylor,3
jery_robertsyo,huffpostqueer,1
jery_robertsyo,ira,2
jery_robertsyo,jbarro,2
jery_robertsyo,jeffzeleny,1
jery_robertsyo,jeneps,1
jery_robertsyo,jjones9,1
jery_robertsyo,joshtpm,1
jery_robertsyo,karentravers,1
jery_robertsyo,laseptiemewilay,1
jery_robertsyo,lovebscott,1
jery_robertsyo,marclamonthill,1
jery_robertsyo,mcurryfelidae07,1
jery_robertsyo,mikememoli,1
jery_robertsyo,mikiebarb,1
jery_robertsyo,mlcalderone,1
jery_robertsyo,ncofield,1
jery_robertsyo,nyctimesup,1
jery_robertsyo,nytimes,1
jery_robertsyo,owillis,5
jery_robertsyo,rachelheldevans,1
jery_robertsyo,revmagdalen,1
jery_robertsyo,rodimusprime,1
jery_robertsyo,sassymerman,1
jery_robertsyo,shoeshine,1
jery_robertsyo,sinderbrand,1
jery_robertsyo,steph_bello,1
jery_robertsyo,sunny,1
jery_robertsyo,taygogo,1
jery_robertsyo,thehill,1
jery_robertsyo,thetrudz,1
jery_robertsyo,tiffani,1
jmscoxxx,3DzD,1
jmscoxxx,ANGRYref,1
jmscoxxx,AndyHashtagger,1
jmscoxxx,AnnoGalactic,1
jmscoxxx,BadRonen,1
jmscoxxx,Booth_Prince,1
jmscoxxx,Born_To_DYE,1
jmscoxxx,ChrixMorgan,2
jmscoxxx,CinnaHenry,1
jmscoxxx,DanaGeezus,1
jmscoxxx,DianaHollins,1
jmscoxxx,Forza_Velocita,1
jmscoxxx,FunnyPantsTV,1
jmscoxxx,Gamiliell,1
jmscoxxx,HassanMoKhan,1
jmscoxxx,IlikeBIGbuttand,2
jmscoxxx,KeswickPinhead,1
jmscoxxx,LoLo_OOC,1
jmscoxxx,Michael_Oh2L,1
jmscoxxx,PepeSupremist,1
jmscoxxx,StitchyPooh15,1
jmscoxxx,TaraSetmayer,1
jmscoxxx,Thor_2000,1
jmscoxxx,TimKcomic,1
jmscoxxx,ZenRand,1
jmscoxxx,bocavista2016,1
jmscoxxx,bunnyhugger75,1
jmscoxxx,charley_ck14,1
jmscoxxx,chiefplan1,1
jmscoxxx,googergieger,1
jmscoxxx,greshamomalley,1
jmscoxxx,jerryspringer,1
jmscoxxx,lgmaterna,1
jmscoxxx,paleblueeyes24,1
jmscoxxx,stormynights10,1
jmscoxxx,sweet_melissa06,1
jmscoxxx,therealezway,1
jmscoxxx,tncomedy,1
jmscoxxx,voxdotcom,1
joachimbuchwitz,faznet,1
johnbranchh,ATLBlackStar,1
johnbranchh,BlackXodus,1
johnbranchh,Blavity,1
johnbranchh,ColossILL,1
johnbranchh,HaroldItz,1
johnbranchh,HeidiPrzybyla,2
johnbranchh,HotNewHipHop,1
johnbranchh,MrNegroMilitant,1
johnbranchh,NoahCRothman,1
johnbranchh,Pammie629,1
johnbranchh,PatrickSvitek,1
johnbranchh,UniteUnion,1
johnbranchh,_MsCandy_,2
johnbranchh,acajolans,1
johnbranchh,blicqer,3
johnbranchh,djolder,1
johnbranchh,hotdog7826,1
johnbranchh,identicaIs,2
johnbranchh,jameswest2010,1
johnbranchh,jayrosen_nyu,1
johnieboycooks,Brasilmagic,1
johnieboycooks,DavidCayJ,1
johnieboycooks,FeministaJones,1
johnieboycooks,Fusion,3
johnieboycooks,JamilSmith,1
johnieboycooks,LorenzaOrrin,1
johnieboycooks,MissJupiter1957,1
johnieboycooks,TheEconomist,1
johnieboycooks,TheRevAl,1
johnieboycooks,blicqer,1
johnieboycooks,carminemac,1
johnieboycooks,djolder,1
johnieboycooks,es_snipes,2
johnieboycooks,necs,1
johnieboycooks,ortegawitho,1
johnieboycooks,thehill,1
johnievogue,ATLBlackStar,1
johnievogue,Americassoul,1
johnievogue,Anomaly100,1
johnievogue,AreYouAfro,1
johnievogue,CharlesMBlow,1
johnievogue,DcSlumdog,1
johnievogue,Fusion,1
johnievogue,GreenPartyUS,1
johnievogue,HaroldItz,1
johnievogue,JamilSmith,2
johnievogue,Nina_0421,1
johnievogue,RippDemUp,1
johnievogue,TheWayWithAnoa,1
johnievogue,USATODAY,1
johnievogue,blicqer,3
johnievogue,docrocktex26,1
johnievogue,jimmykimmel,1
johnievogue,madamecain,1
johnievogue,melreynoldsU,1
johnievogue,nowthisnews,1
johnievogue,samswey,1
johnnymarch_,ColossILL,1
johnnymarch_,HallieJackson,1
johnnymarch_,JJohnsonLaw,1
johnnymarch_,JuddLegum,1
johnnymarch_,MichaelSteele,1
johnnymarch_,MistaMazeMusic,1
johnnymarch_,MrNegroMilitant,1
johnnymarch_,Russian_Starr,1
johnnymarch_,TransGriot,2
johnnymarch_,blicqer,1
johnnymarch_,kylegriffin1,1
johnnymarch_,lsarsour,1
johnnymarch_,tressiemcphd,1
jorda_morgan,realDonaldTrump,1
judelambertusa,1001ptUS,1
judelambertusa,1VoiceMatters,1
judelambertusa,2ALAW,1
judelambertusa,Boazziz,1
judelambertusa,Bwdreyer,1
judelambertusa,CarmineZozzora,1
judelambertusa,CatholicsTweet,1
judelambertusa,DorothieBell,1
judelambertusa,EastwoodUSA,1
judelambertusa,FFRNewsNet1,1
judelambertusa,FoundingFodder,1
judelambertusa,FreeBeacon,1
judelambertusa,Hollydler,1
judelambertusa,InGodIDoTrust,5
judelambertusa,JacquelinIsBest,1
judelambertusa,JeanneMccarthy0,1
judelambertusa,JeffSanchezz,1
judelambertusa,Jude_Lamb,2
judelambertusa,LANURSE1,1
judelambertusa,LauraBaeley,2
judelambertusa,LindaSuhler,1
judelambertusa,Micha_Joy,1
judelambertusa,MichaelCohen212,2
judelambertusa,Mil0Blake,3
judelambertusa,NRAblog,1
judelambertusa,Patriot18D,1
judelambertusa,PatriotBlake,3
judelambertusa,RacySicilian,1
judelambertusa,RyanMaxwell_1,1
judelambertusa,SamuelWhiskey2,1
judelambertusa,SpecialKMB1969,1
judelambertusa,Tombx7M,1
judelambertusa,Tout_Sondage,1
judelambertusa,USAHipster,1
judelambertusa,VivaLaAmes,1
judelambertusa,WDFx2EU5,1
judelambertusa,_Billy_Moyer_,1
judelambertusa,_CFJ_,1
judelambertusa,_HankRearden,1
judelambertusa,_Proud_American,1
judelambertusa,akawhit1,1
judelambertusa,aprillafever,1
judelambertusa,chillblueyes71,3
judelambertusa,crosswindlive,6
judelambertusa,dansch2002,1
judelambertusa,gehrig38,1
judelambertusa,gerfingerpoken,2
judelambertusa,heyits_toby,2
judelambertusa,hyddrox,1
judelambertusa,islamlie2,1
judelambertusa,jstines3,1
judelambertusa,lybr3,1
judelambertusa,markflesberg,1
judelambertusa,maxlydic,1
judelambertusa,nordog13,1
judelambertusa,partyofthepeopl,1
judelambertusa,realDonaldTrump,1
judelambertusa,riogithief,1
judelambertusa,sow_with_vision,2
judelambertusa,steve0423,1
judelambertusa,thehill,1
judelambertusa,thomassfl,1
judelambertusa,ultraconcept,1
judelambertusa,wadeharriot,2
karenparker93,2016GetOverIt,3
karenparker93,20committee,1
karenparker93,2ALAW,2
karenparker93,572horse,1
karenparker93,AACONS,1
karenparker93,AJDelgado13,3
karenparker93,AP,1
karenparker93,ARnews1936,2
karenparker93,AbnInfVet,4
karenparker93,Always_Trump,1
karenparker93,Amazingk911,1
karenparker93,AmerPatriot1,1
karenparker93,AmyMek,1
karenparker93,AnnCoulter,2
karenparker93,AnneBayefsky,2
karenparker93,Article58,1
karenparker93,BMartinezLive,1
karenparker93,Bidenshairplugz,1
karenparker93,BossHoggUSMC,2
karenparker93,Braveheart_USA,1
karenparker93,BreitbartNews,1
karenparker93,BretBaier,1
karenparker93,ByronYork,1
karenparker93,CGasparino,1
karenparker93,CNBCnow,1
karenparker93,CZampell,1
karenparker93,CandaceSmith_,1
karenparker93,CarmineZozzora,3
karenparker93,ChatRevolve,1
karenparker93,ChooseToBFree,1
karenparker93,ChristiChat,4
karenparker93,ChuckLane1,1
karenparker93,ChuckNellis,1
karenparker93,CollinsDionte,1
karenparker93,Conservative_VW,3
karenparker93,Coondawg68,1
karenparker93,CounterJihadUS,1
karenparker93,CounterMoonbat,1
karenparker93,DBHnBuckhead,1
karenparker93,DMashak,5
karenparker93,DVATW,1
karenparker93,DanScavino,6
karenparker93,DanzelRomero,1
karenparker93,Dbargen,1
karenparker93,DeloresLJenkins,1
karenparker93,DontBlowItTrump,1
karenparker93,DrMartyFox,1
karenparker93,Eagle_Vision,1
karenparker93,EdMorrissey,1
karenparker93,EdWhelanEPPC,1
karenparker93,Eli22301003,1
karenparker93,ElianaBenador,6
karenparker93,EminemsMelt,1
karenparker93,Fox4Now,1
karenparker93,FoxNews,7
karenparker93,FoxNewsInsider,1
karenparker93,FreeDavidKing,6
karenparker93,GarrettVentry,1
karenparker93,GeneMcVay,1
karenparker93,GlomarResponder,1
karenparker93,GrrrGraphics,1
karenparker93,Heritage,1
karenparker93,Honest_Hillary,1
karenparker93,Hunter7Taylor,2
karenparker93,IWF,2
karenparker93,IngrahamAngle,2
karenparker93,IvyPressIvan,1
karenparker93,JBaileysMom,3
karenparker93,JTSantucci,1
karenparker93,JasonMillerinDC,1
karenparker93,JenniferJJacobs,1
karenparker93,Jerzy_Rich,1
karenparker93,JessieJaneDuff,1
karenparker93,JohnKStahlUSA,1
karenparker93,JudicialWatch,3
karenparker93,JudsonMcCulloch,1
karenparker93,Juliet777777,1
karenparker93,Junebug1952,1
karenparker93,Just_A_Bill_,1
karenparker93,KDORR_USA,3
karenparker93,KLSouth,1
karenparker93,Kbadcock12,1
karenparker93,KellyannePolls,4
karenparker93,KimBrame,3
karenparker93,Kotcha301,1
karenparker93,Lagartija_Nix,1
karenparker93,LessGovMoreFun,5
karenparker93,LiberatedCit,1
karenparker93,LindaSuhler,28
karenparker93,LorenceHud,1
karenparker93,LouDobbs,2
karenparker93,MAGAAMERICAN1,1
karenparker93,MAGA_dot_Media,1
karenparker93,MDColangelo,1
karenparker93,MacBethSpeaks,1
karenparker93,MalyndaNyc,1
karenparker93,MediaMan2009,2
karenparker93,MedianPolitics,1
karenparker93,MegMegaBlocks,1
karenparker93,Michell82968785,1
karenparker93,MikePenceVP,1
karenparker93,NDCTrump,1
karenparker93,NRSC,1
karenparker93,NetworksManager,1
karenparker93,NolteNC,4
karenparker93,NumbersMuncher,1
karenparker93,OuttaBaghdad4Nw,1
karenparker93,PatriotLA,1
karenparker93,PpollingNumbers,2
karenparker93,PrisonPlanet,2
karenparker93,Protector_Sol3,1
karenparker93,Publici,1
karenparker93,RNRLouisiana,1
karenparker93,RacySicilian,1
karenparker93,RadioFreeTom,1
karenparker93,RealJamesWoods,4
karenparker93,RickCanton,3
karenparker93,RoadKilta4Reelt,1
karenparker93,RobManess,1
karenparker93,Rockprincess818,1
karenparker93,SandulfMarrok,1
karenparker93,SatiricalMuse,4
karenparker93,ScottAdamsSays,1
karenparker93,SebGorka,1
karenparker93,SecureAmerica,1
karenparker93,ShapiroThugLife,1
karenparker93,Soapfangh50,1
karenparker93,SopanDeb,1
karenparker93,Stonewall_77,6
karenparker93,StopStopHillary,1
karenparker93,StridentConserv,1
karenparker93,SusanRempel,1
karenparker93,TEN_GOP,2
karenparker93,TamaraAbel3,1
karenparker93,TeamTrump,7
karenparker93,TeresaEdelglass,1
karenparker93,Tex1944,1
karenparker93,TheAtlantic,1
karenparker93,ThePatriot143,4
karenparker93,TheValuesVoter,1
karenparker93,TimRunsHisMouth,1
karenparker93,TrishIntel,1
karenparker93,TrumpLion1776,1
karenparker93,Trump_World,1
karenparker93,USAforTrump2016,1
karenparker93,USFreedomArmy,1
karenparker93,UTHornsRawk,1
karenparker93,VickyWillkan,1
karenparker93,WayneDupreeShow,1
karenparker93,WordSmithGuy,1
karenparker93,WroughtIronGuy,1
karenparker93,ZaibatsuNews,1
karenparker93,_political_p,2
karenparker93,aaronsrgenus,1
karenparker93,asamjulian,4
karenparker93,basedmattforney,1
karenparker93,beneleo,1
karenparker93,benshapiro,3
karenparker93,bfraser747,1
karenparker93,bluechipbiz,1
karenparker93,bogiebeagle2,1
karenparker93,brianmcarey,1
karenparker93,carolinagirl63,1
karenparker93,cbhelms1961,2
karenparker93,charlespm777,1
karenparker93,chuckwoolery,3
karenparker93,cmconcepts,2
karenparker93,conens46,5
karenparker93,cristinalaila1,1
karenparker93,crosswindlive,2
karenparker93,cspan,2
karenparker93,dallasnews,1
karenparker93,darreldrowland,1
karenparker93,dcexaminer,1
karenparker93,ddale8,1
karenparker93,deanopat1,1
karenparker93,dylanmatt,1
karenparker93,ericbolling,1
karenparker93,erikosbeck,1
karenparker93,ezralevant,1
karenparker93,fud31,1
karenparker93,gabriellahope_,1
karenparker93,gerfingerpoken2,1
karenparker93,ggeett37aaa,1
karenparker93,hrtablaze,1
karenparker93,humphreysash,1
karenparker93,iAmFreedomMan,1
karenparker93,immigrant4trump,1
karenparker93,iowahawkblog,1
karenparker93,jamesbranch3,1
karenparker93,jamestaranto,2
karenparker93,jamiedupree,1
karenparker93,jlsarg_john,1
karenparker93,jmartNYT,1
karenparker93,jstines3,3
karenparker93,justicehunter,2
karenparker93,kausmickey,2
karenparker93,kc8ysl,1
karenparker93,kinni00,1
karenparker93,lollyj62,1
karenparker93,magnifier661,2
karenparker93,michaeljohns,2
karenparker93,michaelkeyes,1
karenparker93,michellemalkin,1
karenparker93,mike_pence,1
karenparker93,mt_newman,1
karenparker93,mtracey,1
karenparker93,mviser,1
karenparker93,newspolice1,1
karenparker93,notalemming,1
karenparker93,nytpolitics,1
karenparker93,omerdos,1
karenparker93,patrick_hostis,2
karenparker93,piersmorgan,1
karenparker93,pupiczech,1
karenparker93,realDonaldTrump,6
karenparker93,rkburgess,2
karenparker93,sandgnatlawson,1
karenparker93,screenwriter,1
karenparker93,slone,1
karenparker93,socialistmop,1
karenparker93,sonslibertytees,1
karenparker93,stanishr,1
karenparker93,steph93065,3
karenparker93,stephenfhayes,1
karenparker93,stephenstephan,6
karenparker93,tbm860,1
karenparker93,tfgnews,1
karenparker93,theglobaluniter,1
karenparker93,thehill,4
karenparker93,tmjames55,1
karenparker93,tommy_udo,1
karenparker93,vancouverfirst1,1
karenparker93,vivelafra,1
karenparker93,weknowwhatsbest,2
karenparker93,whitewolfdown,4
kateritterrrr,1861_again,3
kateritterrrr,1Dittlinger,1
kateritterrrr,1_Hoof_Hearted,1
kateritterrrr,2044_The_Book,1
kateritterrrr,2ALAW,3
kateritterrrr,4tishia,1
kateritterrrr,547George,3
kateritterrrr,572horse,1
kateritterrrr,619SDBOLTS,1
kateritterrrr,AACONS,2
kateritterrrr,ACommonSenseWay,1
kateritterrrr,AFF_PATRIOTS,1
kateritterrrr,AHMalcolm,1
kateritterrrr,AIIAmericanGirI,1
kateritterrrr,AMurphy09303057,1
kateritterrrr,ANOMALY1,3
kateritterrrr,AWRHawkins,1
kateritterrrr,AceofSpadesHQ,2
kateritterrrr,ActNowUSA1,1
kateritterrrr,AdamBaldwin,1
kateritterrrr,AlexisinNH,3
kateritterrrr,AllenWest,1
kateritterrrr,AltRights,1
kateritterrrr,AlwaysActions,1
kateritterrrr,Always_Trump,3
kateritterrrr,AlyLovesMovies,2
kateritterrrr,AmericaFirst16,1
kateritterrrr,America_1st_,3
kateritterrrr,American1765,1
kateritterrrr,AmyMek,4
kateritterrrr,AndrewJTobias,1
kateritterrrr,AndySwan,1
kateritterrrr,AnnCoulter,3
kateritterrrr,Ann_M_C,1
kateritterrrr,AnneBayefsky,1
kateritterrrr,AnthonyCumia,1
kateritterrrr,AnthonyVVeiner,1
kateritterrrr,AppSame,1
kateritterrrr,ArcticFox2016,3
kateritterrrr,ArmeniQueen,2
kateritterrrr,ArriveBig,1
kateritterrrr,ArtbyAWOHS,5
kateritterrrr,ArthurSchwartz,1
kateritterrrr,AskYnow,1
kateritterrrr,Auburngirlx,1
kateritterrrr,Augustine25,3
kateritterrrr,Baltar,3
kateritterrrr,BanditGolf,1
kateritterrrr,Bane1349,3
kateritterrrr,Bart_39,1
kateritterrrr,Bdog99993,1
kateritterrrr,Bellweather666,1
kateritterrrr,BendRaven,1
kateritterrrr,BenjySarlin,1
kateritterrrr,BertDifig1,1
kateritterrrr,BigDuhie1955,1
kateritterrrr,BigStick2013,1
kateritterrrr,Bikers4Trump,1
kateritterrrr,BillEvansCT,1
kateritterrrr,Billhic02785574,1
kateritterrrr,BlackIrishI,1
kateritterrrr,BourneInTexas,1
kateritterrrr,BradMitton1,1
kateritterrrr,BraveLad,2
kateritterrrr,CARMMarshall,1
kateritterrrr,CR,2
kateritterrrr,CalebDHurt1,1
kateritterrrr,CaliforniaPanda,2
kateritterrrr,CaptTedNorin,1
kateritterrrr,CaptYonah,6
kateritterrrr,CarmineZozzora,1
kateritterrrr,Catherine_LCP,1
kateritterrrr,Cernovich,6
kateritterrrr,CharlesHamerle,1
kateritterrrr,ChasBrowning,2
kateritterrrr,ChatRevolve,2
kateritterrrr,CherryFyre,1
kateritterrrr,ChrisRBarron,1
kateritterrrr,Chris_1791,1
kateritterrrr,ChristiChat,3
kateritterrrr,ChuckNellis,1
kateritterrrr,ColorMeRed,4
kateritterrrr,ConNewsNow,1
kateritterrrr,ConcealNCarryNt,1
kateritterrrr,Conservatexian,24
kateritterrrr,Conservative220,1
kateritterrrr,ConstanceQueen8,2
kateritterrrr,ConsvInCali,2
kateritterrrr,Cory_1077,2
kateritterrrr,CounterMoonbat,2
kateritterrrr,CrookdHillary,1
kateritterrrr,CtBrokerRoks,1
kateritterrrr,DBloom451,2
kateritterrrr,DKB_Rockin,1
kateritterrrr,DLasater_99362,1
kateritterrrr,DMacMe2007,1
kateritterrrr,DR8801,1
kateritterrrr,DRUDGE_REPORT,1
kateritterrrr,DTAPElite,1
kateritterrrr,DailyCaller,8
kateritterrrr,Daisy4America,1
kateritterrrr,DaisyDi27394213,1
kateritterrrr,DanJoseph78,1
kateritterrrr,DanMartin_cards,2
kateritterrrr,DanScavino,2
kateritterrrr,DanaTheBlaze,1
kateritterrrr,DanielaMarinov1,1
kateritterrrr,DarkNetXX,1
kateritterrrr,Darren32895836,4
kateritterrrr,DaveH_RPh,1
kateritterrrr,DaveNYviii,1
kateritterrrr,DavidHerman1957,2
kateritterrrr,DaystoTrump,2
kateritterrrr,Dbargen,1
kateritterrrr,DclareDiane,1
kateritterrrr,DeLoachJW,1
kateritterrrr,DeanSchanzel,1
kateritterrrr,DeannaChristia9,1
kateritterrrr,DeborahRogan,1
kateritterrrr,Defund_DC,1
kateritterrrr,DennisMurphy15,4
kateritterrrr,DeplorableMJ,1
kateritterrrr,DevlinBarrett,1
kateritterrrr,DineshDSouza,1
kateritterrrr,DivineMoments,1
kateritterrrr,Dleather25_,1
kateritterrrr,DonDonjjames,1
kateritterrrr,Don_Vito_08,2
kateritterrrr,DonnaHBlake,1
kateritterrrr,DorjeLhamo,1
kateritterrrr,Douglasmaher,2
kateritterrrr,DrEstella,1
kateritterrrr,DrJohn76533054,1
kateritterrrr,DrMartyFox,3
kateritterrrr,DrewMcKissick,1
kateritterrrr,DrhjohnPhd,1
kateritterrrr,DuckieOn,1
kateritterrrr,EL_Boag,1
kateritterrrr,EasyEarl,1
kateritterrrr,EdBaker3000,1
kateritterrrr,EddieGGallegos,1
kateritterrrr,FOXBaltimore,1
kateritterrrr,FRRobert3,1
kateritterrrr,FaithRubPol,1
kateritterrrr,FloraDuh1,2
kateritterrrr,Flora_CA,1
kateritterrrr,FoundersSeceded,2
kateritterrrr,FoundinNV,1
kateritterrrr,FoxBusiness,2
kateritterrrr,FoxNews,7
kateritterrrr,FoxNewsInsider,1
kateritterrrr,FranCifelli,1
kateritterrrr,FreeDavidKing,1
kateritterrrr,Freedom_Daily,1
kateritterrrr,Fresh_News_24,1
kateritterrrr,GENUG,1
kateritterrrr,GOPBlackChick,2
kateritterrrr,GatorsEite23,1
kateritterrrr,GeniiDesign,1
kateritterrrr,Ginlefebvre,1
kateritterrrr,GinyMiranda,1
kateritterrrr,GoGottaGoNow,1
kateritterrrr,Goy_Orbison,1
kateritterrrr,HRleaderRich,1
kateritterrrr,HahnAmerica,2
kateritterrrr,HalleyBorderCol,1
kateritterrrr,HankHawkCab,1
kateritterrrr,HappyDeplorable,1
kateritterrrr,Harlan,4
kateritterrrr,HeyTammyBruce,2
kateritterrrr,Hockey_Pro_Guru,1
kateritterrrr,HofPols,1
kateritterrrr,HouseCracka,1
kateritterrrr,Hutch_USA,1
kateritterrrr,IAMMGraham,2
kateritterrrr,ICUevrywhere,1
kateritterrrr,INTJutsu,1
kateritterrrr,I_AmAmerica,1
kateritterrrr,IanCeraolo,1
kateritterrrr,Im4theUSA,1
kateritterrrr,InGodIDoTrust,2
kateritterrrr,IngrahamAngle,3
kateritterrrr,IsUSABorn,1
kateritterrrr,IsaboSalem,1
kateritterrrr,IstUngeheuer,2
kateritterrrr,Italians4Trump,1
kateritterrrr,Ivorysnow3567,1
kateritterrrr,JAndretta,1
kateritterrrr,JDiamond1,2
kateritterrrr,JMesarch,1
kateritterrrr,JTSantucci,1
kateritterrrr,JWeismonger,1
kateritterrrr,JackPosobiec,1
kateritterrrr,JackTalkinSmack,1
kateritterrrr,Jahbalon,1
kateritterrrr,Jamesyontrofsky,3
kateritterrrr,Jami_USA,2
kateritterrrr,JamieW1776,1
kateritterrrr,JaneHayes31527,1
kateritterrrr,JaredWyand,1
kateritterrrr,JasonMillerinDC,1
kateritterrrr,JayStylus,1
kateritterrrr,JaybeeStewee,1
kateritterrrr,JenGriffinFNC,1
kateritterrrr,JessicaV_CIS,1
kateritterrrr,JessieJaneDuff,2
kateritterrrr,JewhadiTM,1
kateritterrrr,JewsChooseTrump,1
kateritterrrr,JimPethokoukis,1
kateritterrrr,JoeC1776,1
kateritterrrr,JoeNYLaw,1
kateritterrrr,JoelCRosenberg,1
kateritterrrr,JohnFromCranber,3
kateritterrrr,JohnKStahlUSA,4
kateritterrrr,JohnPersinos1,1
kateritterrrr,John_R_Scott,2
kateritterrrr,John_Yuma,1
kateritterrrr,Johnny_Petrini,6
kateritterrrr,JonathanHoenig,2
kateritterrrr,JrcheneyJohn,1
kateritterrrr,Judianna,1
kateritterrrr,JudicialWatch,1
kateritterrrr,JulesRollTide,1
kateritterrrr,JuliaGulia809,1
kateritterrrr,Julian_A_Cox,1
kateritterrrr,Julielo90323778,1
kateritterrrr,Juliet777777,1
kateritterrrr,Jwrect66,1
kateritterrrr,KGBJoshua,1
kateritterrrr,KLSouth,4
kateritterrrr,KOSMOSNET,1
kateritterrrr,Karoli,1
kateritterrrr,KatTimpf,1
kateritterrrr,Katastrophy1951,1
kateritterrrr,KathyMicale,1
kateritterrrr,KatiePavlich,2
kateritterrrr,KazeSkyz,1
kateritterrrr,KazmierskiR,2
kateritterrrr,KellyannePolls,8
kateritterrrr,KilloughCNN,1
kateritterrrr,KimJ1011,1
kateritterrrr,KloeKeppler,1
kateritterrrr,KnucklDraginSam,1
kateritterrrr,Koumatsuzaki,1
kateritterrrr,KurtSchlichter,7
kateritterrrr,LOPlato,1
kateritterrrr,LVNancy,3
kateritterrrr,LaLaRueFrench75,1
kateritterrrr,LadyDoc4Trump,1
kateritterrrr,LadyLiberTea,1
kateritterrrr,Lagartija_Nix,1
kateritterrrr,LagunaTina,1
kateritterrrr,LauraWalkerKC,2
kateritterrrr,LaurelCatherine,1
kateritterrrr,LaurenJonesGOP,1
kateritterrrr,LeahR77,1
kateritterrrr,LeftardsEurope,1
kateritterrrr,LesleyClaar,1
kateritterrrr,LiberatedCit,1
kateritterrrr,LibertyNews1776,1
kateritterrrr,LifeNewsHQ,2
kateritterrrr,LifeZette,1
kateritterrrr,LilMissRightie,2
kateritterrrr,LilSouthernSass,1
kateritterrrr,LilyDaisy16,1
kateritterrrr,LindaSuhler,7
kateritterrrr,LindsayKHayward,1
kateritterrrr,LisaBloom,1
kateritterrrr,Lisa_Luerssen,1
kateritterrrr,LmgroatRoberts,1
kateritterrrr,LogicalCampaign,2
kateritterrrr,Lonestarmomcom,1
kateritterrrr,LouDobbs,4
kateritterrrr,LouiseMensch,1
kateritterrrr,LoveMeLuLu22,1
kateritterrrr,LoveStephanysco,1
kateritterrrr,Lrihendry,2
kateritterrrr,LucidHurricane_,3
kateritterrrr,LynnLonbeck,2
kateritterrrr,MGFreelance,1
kateritterrrr,MNforTrump,1
kateritterrrr,MR_PUNJABI,3
kateritterrrr,MagaFeed,1
kateritterrrr,MalyndaNyc,1
kateritterrrr,ManillegirlUSA,1
kateritterrrr,Margee11,1
kateritterrrr,MarieMa49685063,2
kateritterrrr,MarkSteynOnline,1
kateritterrrr,MarkUterus,1
kateritterrrr,Marvel28768,2
kateritterrrr,MaryPatriotNews,15
kateritterrrr,MassDeception1,1
kateritterrrr,Mathiasian,1
kateritterrrr,MattBatzel,1
kateritterrrr,MattWalshBlog,1
kateritterrrr,MaxBoot,1
kateritterrrr,MaydnUSA,1
kateritterrrr,McCarthyKnew,2
kateritterrrr,Miabella4u,1
kateritterrrr,Miami4Trump,9
kateritterrrr,Michael2014abc,1
kateritterrrr,MikeHimsworth,1
kateritterrrr,MilJenmarie,1
kateritterrrr,MirrorPolitics,1
kateritterrrr,MissAmericaPie,1
kateritterrrr,MissLizzyNJ,3
kateritterrrr,MissMcC5,1
kateritterrrr,MonicaCrowley,1
kateritterrrr,Montel_Williams,1
kateritterrrr,MorvantCheryl,1
kateritterrrr,MrDuckstep,1
kateritterrrr,MrFin,1
kateritterrrr,MrJohn_W,1
kateritterrrr,MrJoshPerry,1
kateritterrrr,Mr_Pinko,1
kateritterrrr,MrsESK,1
kateritterrrr,MrsParkington,3
kateritterrrr,MrsPerrin,1
kateritterrrr,MsDocTransform,1
kateritterrrr,MulcahyA,1
kateritterrrr,MyBoubala,1
kateritterrrr,Mzforeveryoung,1
kateritterrrr,NATIVEg8r,1
kateritterrrr,NRA,1
kateritterrrr,NRO,3
kateritterrrr,NRSC,2
kateritterrrr,NYC_Infidel,1
kateritterrrr,NahBabyNah,1
kateritterrrr,NatResilience,1
kateritterrrr,NeilTurner_,1
kateritterrrr,NetworksManager,1
kateritterrrr,NevadaRLC,2
kateritterrrr,Nigel22222,1
kateritterrrr,NikoTheFarmer,1
kateritterrrr,NizamovRus,1
kateritterrrr,NobamaDotCom,1
kateritterrrr,NolteNC,3
kateritterrrr,NotJoshEarnest,1
kateritterrrr,NuRepublitarian,1
kateritterrrr,NubianAwakening,3
kateritterrrr,Nvr4Get91101,1
kateritterrrr,OHenrysStepchld,1
kateritterrrr,ObamaBash,1
kateritterrrr,ObamaMalik,1
kateritterrrr,ObligedFriend,1
kateritterrrr,OccupyBawlStree,1
kateritterrrr,OhioDHT,1
kateritterrrr,Oldguyintheboon,1
kateritterrrr,OneDeception,2
kateritterrrr,Onelifetogive,1
kateritterrrr,OppLives,1
kateritterrrr,PJStrikeForce,1
kateritterrrr,Pamela_Moore13,1
kateritterrrr,PatDollard,3
kateritterrrr,PatVPeters,10
kateritterrrr,PatriotByGod,1
kateritterrrr,PatriotDreamer1,1
kateritterrrr,PatriotMobile1,1
kateritterrrr,PaulTOwen,1
kateritterrrr,PcolaBucsfan,1
kateritterrrr,PolitiBunny,1
kateritterrrr,PoliticsQNA,1
kateritterrrr,PolitixGal,1
kateritterrrr,PolyPatriot,1
kateritterrrr,Portosj81J,2
kateritterrrr,PpollingNumbers,2
kateritterrrr,PragueArtist,1
kateritterrrr,PrisonPlanet,1
kateritterrrr,ProgtopiaBooks,1
kateritterrrr,ProudInfidel33,1
kateritterrrr,Pudingtane,2
kateritterrrr,PuterPrsn,2
kateritterrrr,RMConservative,1
kateritterrrr,RNRMaryland,1
kateritterrrr,RNRMississippi,2
kateritterrrr,ROCKONDUDE2,1
kateritterrrr,RRRoxy,1
kateritterrrr,RSCGOP,2
kateritterrrr,RSmytheFreed,1
kateritterrrr,RacySicilian,3
kateritterrrr,RalphHornsby,1
kateritterrrr,Ramtoad,1
kateritterrrr,RantReaper,1
kateritterrrr,RayBurkhart1,1
kateritterrrr,RaymondBrogan,1
kateritterrrr,ReaganWorld,1
kateritterrrr,Reagantonian,1
kateritterrrr,RealAlexJones,2
kateritterrrr,RealJamesWoods,3
kateritterrrr,RealJasonPappas,1
kateritterrrr,Rebel_Bill,1
kateritterrrr,RedNationRising,6
kateritterrrr,RedState,8
kateritterrrr,Reince,1
kateritterrrr,Remberdanker70,1
kateritterrrr,RepublicanGOP,1
kateritterrrr,Republikim1,1
kateritterrrr,ResistTyranny,1
kateritterrrr,ReverendGruB,1
kateritterrrr,RevkahJC,1
kateritterrrr,RichardGrenell,1
kateritterrrr,RickRWells,1
kateritterrrr,Ricky_Vaughn99,4
kateritterrrr,Right_Not_Wrong,2
kateritterrrr,RobHoey,1
kateritterrrr,RobertMCrossley,1
kateritterrrr,Robinbirdie316,1
kateritterrrr,Rockprincess818,1
kateritterrrr,RogerPierceT,1
kateritterrrr,RoseD1st,3
kateritterrrr,SAChance1970,1
kateritterrrr,STSTWO,1
kateritterrrr,SalvatoreVitol5,1
kateritterrrr,SamsBaked420,1
kateritterrrr,SandraTXAS,5
kateritterrrr,SaxxSkwerl,1
kateritterrrr,Scarlett210,1
kateritterrrr,SchoolerLA,1
kateritterrrr,ScottAdamsSays,1
kateritterrrr,SeaDimon,3
kateritterrrr,SeanSaintLouis,1
kateritterrrr,Seccie,1
kateritterrrr,SeeingRed02,1
kateritterrrr,Seirra75,1
kateritterrrr,SenFrankNiceley,1
kateritterrrr,Serafinos,1
kateritterrrr,SgtPolite,2
kateritterrrr,Shaughn_A,2
kateritterrrr,Sheep2Wolves,1
kateritterrrr,SheriffClarke,1
kateritterrrr,Sky_Max,1
kateritterrrr,Skycop1,2
kateritterrrr,Slow_Paws,1
kateritterrrr,SnafuWorld,1
kateritterrrr,Sophia4Trump,1
kateritterrrr,Southrngirl77,5
kateritterrrr,Sparks1Sharon,1
kateritterrrr,SpecialKMB1969,1
kateritterrrr,SpreadButter,2
kateritterrrr,StandUpAnne,1
kateritterrrr,StatDevices,1
kateritterrrr,StatesPoll,1
kateritterrrr,StefanMolyneux,2
kateritterrrr,SteveDeaceShow,2
kateritterrrr,SteveForbesCEO,1
kateritterrrr,Stevenwhirsch99,2
kateritterrrr,Stonewall_77,1
kateritterrrr,SunnyJL52,1
kateritterrrr,Suthen_boy,1
kateritterrrr,Swee2thMc,1
kateritterrrr,SwiftOnEkonomy,1
kateritterrrr,TANSTAAFL23,1
kateritterrrr,TEN_GOP,3
kateritterrrr,THEHermanCain,1
kateritterrrr,THE_KATZ,1
kateritterrrr,TLandin,1
kateritterrrr,TMZ,1
kateritterrrr,TXGaryM,1
kateritterrrr,T_Palermo,1
kateritterrrr,TallahForTrump,1
kateritterrrr,TaniaGRM,1
kateritterrrr,TarrAdam,1
kateritterrrr,TeaPartyOrg,1
kateritterrrr,TeamTrump,6
kateritterrrr,TellTheTruth1,1
kateritterrrr,TennConserv,2
kateritterrrr,TeriAnne7201,1
kateritterrrr,Tex1944,1
kateritterrrr,TexRedNek,1
kateritterrrr,Texastrue11,1
kateritterrrr,TheDiplomad,1
kateritterrrr,TheFederalist1,1
kateritterrrr,TheFoundingSon,1
kateritterrrr,TheGatekeeper37,1
kateritterrrr,TheLastRefuge2,3
kateritterrrr,ThePatriot143,2
kateritterrrr,TheRightGirl585,1
kateritterrrr,TheTweetest,1
kateritterrrr,The_Trump_Train,1
kateritterrrr,Theresa_Cali,1
kateritterrrr,Theshells1111,1
kateritterrrr,Thomas1774Paine,1
kateritterrrr,Timtravels007,1
kateritterrrr,TocRadio,1
kateritterrrr,TolFuinArcher,1
kateritterrrr,TomZ_Spencer,1
kateritterrrr,TonyUnplugged,1
kateritterrrr,TrishIntel,1
kateritterrrr,TrueCOT,1
kateritterrrr,Trump4Hope,1
kateritterrrr,TrumpIsTheTrue,1
kateritterrrr,TrumpPenceUSA1,1
kateritterrrr,TrumpThe45th,1
kateritterrrr,TrumpWeLikeYou,1
kateritterrrr,Trumpedbywords,1
kateritterrrr,TrussElise,1
kateritterrrr,TuesdayTells,2
kateritterrrr,TwRandy,1
kateritterrrr,TweetingYarnie,1
kateritterrrr,TwitchyTeam,3
kateritterrrr,USA4everGirl,1
kateritterrrr,USAHipster,2
kateritterrrr,USAneedsTRUMP,1
kateritterrrr,US_Army_Vet,1
kateritterrrr,Uncle_Jimbo,1
kateritterrrr,UnityActivist,1
kateritterrrr,VWNS4U,1
kateritterrrr,V_of_Europe,1
kateritterrrr,Veteran4Trump,3
kateritterrrr,VietVetForTrump,1
kateritterrrr,VoteMAGA,1
kateritterrrr,VoteTrumpPics,2
kateritterrrr,WBVT_98FM,3
kateritterrrr,WDFx2EU7,1
kateritterrrr,Walrus_Kasra,1
kateritterrrr,WalshFreedom,1
kateritterrrr,WashTimes,2
kateritterrrr,WayneDupreeShow,6
kateritterrrr,WeNeedTrump,2
kateritterrrr,Wenmay316,1
kateritterrrr,WestJournalism,2
kateritterrrr,WhiteManCrush,1
kateritterrrr,WillisShepherd,1
kateritterrrr,WintropeMtheIII,1
kateritterrrr,WiseBanyanTree,2
kateritterrrr,Women4Trump,1
kateritterrrr,WoolardLynda,1
kateritterrrr,Workers4Trump,2
kateritterrrr,YoungDems4Trump,5
kateritterrrr,_CFJ_,1
kateritterrrr,_DeplorableMe_,1
kateritterrrr,_Makada_,1
kateritterrrr,_Proud_American,1
kateritterrrr,_R1ghtW1ng9O2IO,1
kateritterrrr,_kim37,1
kateritterrrr,abusedtaxpayer,1
kateritterrrr,actlightning,7
kateritterrrr,alanahoff144,1
kateritterrrr,allahpundit,1
kateritterrrr,alonso_dm,1
kateritterrrr,america_trump,1
kateritterrrr,amrightnow,1
kateritterrrr,amylt7215,1
kateritterrrr,andieiamwhoiam,1
kateritterrrr,andy4wm,1
kateritterrrr,anne19brown,5
kateritterrrr,anny4462,1
kateritterrrr,apfugle,1
kateritterrrr,asamjulian,2
kateritterrrr,avanconia,1
kateritterrrr,azmike2001,1
kateritterrrr,baalter,1
kateritterrrr,badov49,1
kateritterrrr,barbara3d,1
kateritterrrr,barbarag2016,1
kateritterrrr,benshapiro,2
kateritterrrr,bfraser747,6
kateritterrrr,biglugg77,1
kateritterrrr,binggreen,1
kateritterrrr,blessmyliberty,1
kateritterrrr,blhills,1
kateritterrrr,blondie36621,1
kateritterrrr,bobfox321,6
kateritterrrr,bocavista2016,3
kateritterrrr,bogiebeagle2,1
kateritterrrr,boolouise,2
kateritterrrr,brittfpark,1
kateritterrrr,bsw_35630,1
kateritterrrr,buckyboone27,1
kateritterrrr,caltanzee,1
kateritterrrr,cargirl579,1
kateritterrrr,carrieksada,1
kateritterrrr,ccokermn,1
kateritterrrr,celesteholsinge,1
kateritterrrr,cerenomri,1
kateritterrrr,charlie31200514,1
kateritterrrr,charliekirk11,1
kateritterrrr,charliespiering,1
kateritterrrr,chris_skier,1
kateritterrrr,chuckwoolery,2
kateritterrrr,cindinator17,1
kateritterrrr,citizenga,2
kateritterrrr,cjtweetstation,11
kateritterrrr,cmd1969,1
kateritterrrr,cnnbrk,1
kateritterrrr,col_nj,1
kateritterrrr,comermd,1
kateritterrrr,conor64,3
kateritterrrr,conradhackett,1
kateritterrrr,conserv_tribune,2
kateritterrrr,craigmiller383,1
kateritterrrr,cristinalaila1,1
kateritterrrr,crosswindlive,1
kateritterrrr,croswell_g,1
kateritterrrr,curtandnan,1
kateritterrrr,cyote6,1
kateritterrrr,cyvault,1
kateritterrrr,dacw10,1
kateritterrrr,dalerogersL2528,1
kateritterrrr,danrolle,1
kateritterrrr,dare6626,1
kateritterrrr,davecatanese,1
kateritterrrr,davidjacksmith,1
kateritterrrr,dayo1946,2
kateritterrrr,dcexaminer,1
kateritterrrr,diseasesolved,1
kateritterrrr,dmon4ever,1
kateritterrrr,drdrjojo,1
kateritterrrr,dustymew,1
kateritterrrr,eavesdropann,4
kateritterrrr,ed_hooley,1
kateritterrrr,eddiern,5
kateritterrrr,eeynouf,1
kateritterrrr,etorymd,1
kateritterrrr,exjon,1
kateritterrrr,fasttruck,1
kateritterrrr,fibonacciman618,1
kateritterrrr,fmg223,1
kateritterrrr,forcerecon430,1
kateritterrrr,foxandfriends,3
kateritterrrr,foxnewspolitics,1
kateritterrrr,fpatterson1050,1
kateritterrrr,frankieBll,1
kateritterrrr,frankthorp,1
kateritterrrr,fredwimpy,2
kateritterrrr,freedomco1876,1
kateritterrrr,freedomforusnow,1
kateritterrrr,fubaglady,9
kateritterrrr,gabrielmalor,1
kateritterrrr,garydailydrift,1
kateritterrrr,gatewaypundit,1
kateritterrrr,genuke1,1
kateritterrrr,gerfingerpoken,3
kateritterrrr,gerfingerpoken2,1
kateritterrrr,ggeett37aaa,4
kateritterrrr,glenda_burke,1
kateritterrrr,gntlman,9
kateritterrrr,gobucs9955gmai1,1
kateritterrrr,greeneyes0084,1
kateritterrrr,greenvegansara,1
kateritterrrr,gulfcoastbred,1
kateritterrrr,handley_dix,1
kateritterrrr,harleygrl3465,1
kateritterrrr,healthandcents,1
kateritterrrr,heatpacker,1
kateritterrrr,hollowman777,1
kateritterrrr,honeysiota,1
kateritterrrr,horseaunt,1
kateritterrrr,hotairblog,3
kateritterrrr,hrhjmm,1
kateritterrrr,hrkbenowen,1
kateritterrrr,hrtablaze,1
kateritterrrr,hughhewitt,1
kateritterrrr,iResistAll,1
kateritterrrr,iamdeeza2,2
kateritterrrr,ihatethemedia,1
kateritterrrr,immigrant4trump,1
kateritterrrr,instapundit,1
kateritterrrr,ipscone,1
kateritterrrr,irishspy,1
kateritterrrr,irritatedwoman,3
kateritterrrr,ish10040,1
kateritterrrr,jaflowers2,1
kateritterrrr,jamestaranto,2
kateritterrrr,jb_morey,1
kateritterrrr,jddickson,1
kateritterrrr,jenradcliffe,1
kateritterrrr,jimasher,1
kateritterrrr,jimgeraghty,1
kateritterrrr,jmj4life7,1
kateritterrrr,joemo23,1
kateritterrrr,joepalojoe,1
kateritterrrr,johnmappin,1
kateritterrrr,jojoh888,2
kateritterrrr,jpm05880,1
kateritterrrr,jpodhoretz,1
kateritterrrr,k0white,1
kateritterrrr,k87r,1
kateritterrrr,kaltkrieger,1
kateritterrrr,karlak916,2
kateritterrrr,keichri,5
kateritterrrr,kerpen,2
kateritterrrr,kevlynhall,1
kateritterrrr,klmunoz54,1
kateritterrrr,knkcattle,1
kateritterrrr,kurteichenwald,2
kateritterrrr,kwilli1046,1
kateritterrrr,lafayette41,4
kateritterrrr,larryelder,2
kateritterrrr,latinaafortrump,1
kateritterrrr,lauracarno,1
kateritterrrr,leeleemunster,7
kateritterrrr,legal2eagle,2
kateritterrrr,lewisdunn,1
kateritterrrr,lewsmuse,2
kateritterrrr,lorischovanec,1
kateritterrrr,lotterypicker,1
kateritterrrr,luapydats,1
kateritterrrr,lymurp,1
kateritterrrr,maggiefl1,1
kateritterrrr,magnifier661,4
kateritterrrr,mani2boat,1
kateritterrrr,marian_maio,1
kateritterrrr,marklevinshow,1
kateritterrrr,marlowstephens,1
kateritterrrr,marthamaccallum,1
kateritterrrr,martylawson,1
kateritterrrr,mattersofmind,1
kateritterrrr,mattlockeshow,2
kateritterrrr,mckee202,1
kateritterrrr,mckelvey_ian,2
kateritterrrr,michaelbeatty3,1
kateritterrrr,michellemalkin,1
kateritterrrr,mike_pence,5
kateritterrrr,mikeo159,2
kateritterrrr,mitchellvii,3
kateritterrrr,mkardos,6
kateritterrrr,msbizz73,1
kateritterrrr,mspinkify,1
kateritterrrr,nadraenzi,1
kateritterrrr,nelsonjgalan,3
kateritterrrr,nestormotojr,1
kateritterrrr,newsbusters,1
kateritterrrr,newtgingrich,1
kateritterrrr,northernvolsfan,1
kateritterrrr,nycsouthpaw,1
kateritterrrr,nytimes,1
kateritterrrr,pambesteder,1
kateritterrrr,patriotgurrl,1
kateritterrrr,patrioticpepe,1
kateritterrrr,patriotusa77b,1
kateritterrrr,pennybishop16,1
kateritterrrr,petefrt,33
kateritterrrr,peterjhasson,1
kateritterrrr,peterthebellhop,2
kateritterrrr,pfastfrank,1
kateritterrrr,piersmorgan,1
kateritterrrr,pink_lady56,2
kateritterrrr,pmbasse,2
kateritterrrr,politicaljunkee,1
kateritterrrr,politstrip,1
kateritterrrr,presjpolk,1
kateritterrrr,procopy,2
kateritterrrr,progun71,1
kateritterrrr,raider_truth,1
kateritterrrr,reFocusZone,1
kateritterrrr,realDonaldTrump,9
kateritterrrr,realVivaEuropa,1
kateritterrrr,realkingrobbo,3
kateritterrrr,rebarobinson,3
kateritterrrr,redostoneage,1
kateritterrrr,retired9941,1
kateritterrrr,revschuyler,1
kateritterrrr,rightwingertoo,1
kateritterrrr,risetoflyy,1
kateritterrrr,rob_mcwaters,1
kateritterrrr,robmccain,1
kateritterrrr,rockin4america,1
kateritterrrr,romans11732,1
kateritterrrr,rooshv,1
kateritterrrr,roycan79,3
kateritterrrr,russmove,1
kateritterrrr,salinasdeoro,1
kateritterrrr,sandra8301,1
kateritterrrr,saneplanet,1
kateritterrrr,saratrump1,1
kateritterrrr,scarlettmadi,1
kateritterrrr,schotts,4
kateritterrrr,sdnzen,2
kateritterrrr,sdxyz2,2
kateritterrrr,seanhannity,1
kateritterrrr,shanandcrew,1
kateritterrrr,shdtlz,2
kateritterrrr,shootingfurfun,1
kateritterrrr,shortman5427,3
kateritterrrr,silentrunning12,2
kateritterrrr,skinnypresident,3
kateritterrrr,skyepuppy,1
kateritterrrr,slone,2
kateritterrrr,socialism_sucks,1
kateritterrrr,sow_with_vision,4
kateritterrrr,sowtrout,2
kateritterrrr,sparky08540,1
kateritterrrr,sparrowkitteh,1
kateritterrrr,spyguy8080,1
kateritterrrr,starshiplimo,1
kateritterrrr,steeerike2,1
kateritterrrr,stephenkruiser,1
kateritterrrr,steve0423,3
kateritterrrr,steveweinstein,1
kateritterrrr,sue51684,1
kateritterrrr,sunbeltgirl,1
kateritterrrr,sunnykcollins,1
kateritterrrr,swedr1,1
kateritterrrr,sweetatertot2,2
kateritterrrr,tammytabby,5
kateritterrrr,teriobrien,1
kateritterrrr,tgriddle,1
kateritterrrr,thefajah,1
kateritterrrr,theglobaluniter,2
kateritterrrr,thehill,1
kateritterrrr,themouthmatusow,1
kateritterrrr,thrillgil16,1
kateritterrrr,tigertrollz,1
kateritterrrr,toby_dorena,1
kateritterrrr,tom_luu,1
kateritterrrr,tonyschwartz,1
kateritterrrr,tpel78,1
kateritterrrr,tradethecycles,1
kateritterrrr,trump2016fan,1
kateritterrrr,trumpiowa,1
kateritterrrr,truth_bho_truth,1
kateritterrrr,usacsmret,5
kateritterrrr,usap1781_2,1
kateritterrrr,varepall,1
kateritterrrr,w_terrence,1
kateritterrrr,wackoworks,1
kateritterrrr,walta1237,1
kateritterrrr,watchmennews,1
kateritterrrr,wayward_okie,1
kateritterrrr,webdawg72,1
kateritterrrr,weknowwhatsbest,2
kateritterrrr,wendyvoss,1
kateritterrrr,wesearchr,1
kateritterrrr,wikileaks,4
kateritterrrr,wits_mcgee,1
kateritterrrr,woke8yearold,1
kateritterrrr,wordsmithdave,1
kateritterrrr,wraithvenge,1
kateritterrrr,xeni,1
kateritterrrr,zip90210,1
kathiemrr,8Flibble,1
kathiemrr,ATHEIST_Blessed,1
kathiemrr,AlexKollet,1
kathiemrr,AnitaNelson,1
kathiemrr,AnnoGalactic,4
kathiemrr,AtomicElbow1,1
kathiemrr,BabyJannyMeow,1
kathiemrr,BuzzFeed,1
kathiemrr,CaptnInapropri8,1
kathiemrr,Carlswall,2
kathiemrr,CasanovasTool,1
kathiemrr,ChrixMorgan,1
kathiemrr,ClaireDavy1,1
kathiemrr,CoolChris_007,1
kathiemrr,DaileyJadon,1
kathiemrr,DanaGeezus,1
kathiemrr,Danzig303,3
kathiemrr,DominicValent,1
kathiemrr,Dreamweasel,2
kathiemrr,Edwardaespinoza,1
kathiemrr,Eliud_S_Terra,1
kathiemrr,Emptydata,1
kathiemrr,FunnyPantsTV,1
kathiemrr,GiselleEvns,1
kathiemrr,Goodluckbeer,1
kathiemrr,HT_G_O_A_T,1
kathiemrr,HillaryClinton,2
kathiemrr,IAmDavidShelton,1
kathiemrr,I_am_not_E,1
kathiemrr,IlaxBJoseph,1
kathiemrr,JackCarrWasHere,1
kathiemrr,JackDrees,2
kathiemrr,JamesMorgan92,2
kathiemrr,Jarmadillos,1
kathiemrr,Jasper_Fly,4
kathiemrr,JefLeeson,2
kathiemrr,KathieMrr,4
kathiemrr,LoLo_OOC,1
kathiemrr,Longhairleeroy,1
kathiemrr,LowKeySwag412,1
kathiemrr,Makeitstop99,1
kathiemrr,Mephist0paulus,1
kathiemrr,NasirLeigh,1
kathiemrr,NetAdvisor,1
kathiemrr,NoEinLonardo,2
kathiemrr,Nwosechiweike,1
kathiemrr,OmnicientIam,1
kathiemrr,Pandablac260,1
kathiemrr,PixieGiggles33,1
kathiemrr,PresidentJeffPJ,1
kathiemrr,ProblemChildFil,1
kathiemrr,ReallyRealSteve,1
kathiemrr,RobotSteve2016,1
kathiemrr,SaintGutz,1
kathiemrr,SemeiMuCasa,1
kathiemrr,SethMacFarlane,1
kathiemrr,Shane_Rodenbeck,1
kathiemrr,ShyHoodieGirl,1
kathiemrr,SouthBoulder,1
kathiemrr,TheDChamberlin,1
kathiemrr,TheFoundingSon,2
kathiemrr,TheMichaelRock,1
kathiemrr,Venti_Poet,1
kathiemrr,Voycer100,1
kathiemrr,WHOAwhatthefuck,1
kathiemrr,WhiteCollarCMDY,1
kathiemrr,ashriel5,1
kathiemrr,batshake1,1
kathiemrr,bocavista2016,1
kathiemrr,borforall,1
kathiemrr,chiefplan1,4
kathiemrr,cnnbrk,1
kathiemrr,ddale8,1
kathiemrr,djblack,1
kathiemrr,dwttennis,1
kathiemrr,explicitweetz,1
kathiemrr,hashtag_darren,1
kathiemrr,im_srishabh21,1
kathiemrr,jamesmarie33,1
kathiemrr,kearns_neil,1
kathiemrr,kevinwxgg,1
kathiemrr,ksoileau,1
kathiemrr,lisa5gk,1
kathiemrr,onlxn,1
kathiemrr,paleblueeyes24,1
kathiemrr,republicanbob,1
kathiemrr,sftimrf,1
kathiemrr,squatchdiary,1
kathiemrr,theclobra,1
kathiemrr,traceyhappymom,1
kathiemrr,travisj0331,1
kathiemrr,tyarrum77,1
kathiemrr,wikileaks,1
kaydenmelton,ATLBlackStar,1
kaydenmelton,AustralianSambo,1
kaydenmelton,DonCheadle,1
kaydenmelton,EricHaywood,1
kaydenmelton,Fusion,1
kaydenmelton,KingJohnLove,1
kaydenmelton,SusanSarandon,1
kaydenmelton,TalibKweli,1
kaydenmelton,TheRealNews,1
kaydenmelton,adair_brion,1
kaydenmelton,angelaw676,1
kaydenmelton,huffpostqueer,1
kaydenmelton,mdjacksondallas,1
kaydenmelton,steph_bello,1
kaydenmelton,thehill,1
kelvin_chambers,ByronSwartz1,1
kelvin_chambers,DonaldJTrumpJr,1
kelvin_chambers,DrJillStein,2
kelvin_chambers,I_AmAmerica,1
kelvin_chambers,IngrahamAngle,1
kelvin_chambers,ItsAReckoning,1
kelvin_chambers,LauraWilsonGal,1
kelvin_chambers,SDean339,1
kelvin_chambers,Scow0857,1
kelvin_chambers,TalkNerdyToMe72,1
kelvin_chambers,TodMoore3,1
kelvin_chambers,UTHornsRawk,1
kelvin_chambers,WeNeedTrump,1
kelvin_chambers,amrightnow,3
kelvin_chambers,amronsomar,1
kelvin_chambers,immigrant4trump,1
kelvin_chambers,impiousdigest,1
kelvin_chambers,movement_trump,1
kelvin_chambers,neverhillary,1
kelvin_chambers,realDonaldTrump,1
kelvin_chambers,seanhannity,1
kelvin_chambers,tinavandi,1
kencannone,3DzD,1
kencannone,ChrixMorgan,1
kencannone,CumuloPhallus,1
kencannone,Dreamweasel,1
kencannone,Goodluckbeer,1
kencannone,HassanMoKhan,1
kencannone,Jarmadillos,1
kencannone,Longhairleeroy,1
kencannone,SeeDaneRun,1
kencannone,Shane_Rodenbeck,2
kencannone,TheScottfather,1
kencannone,bigmacher,1
kencannone,chiefplan1,1
kencannone,cynthiajones11,1
kencannone,daacpa,1
kencannone,fatalmocking,1
kencannone,lyndseybell98,1
kencannone,neverhipster,1
kencannone,taradublinrocks,1
kencannone,voxdotcom,1
kenzdonovan,0HOUR1__,1
kenzdonovan,1CommonCitizen,1
kenzdonovan,4x_Clubchamp,1
kenzdonovan,62seabee,1
kenzdonovan,8B09C1,1
kenzdonovan,AG_Conservative,1
kenzdonovan,AIIAmericanGirI,1
kenzdonovan,AdiDajani,1
kenzdonovan,AllenWestRepub,5
kenzdonovan,AmbJohnBolton,1
kenzdonovan,Amercans4YPG,1
kenzdonovan,America_1st_,1
kenzdonovan,AmericanMex067,1
kenzdonovan,AmericanRedcap,2
kenzdonovan,Amyloukingery,1
kenzdonovan,Ataxia162,2
kenzdonovan,Babbsgirl2,1
kenzdonovan,BarbMuenchen,1
kenzdonovan,Bavilabo,2
kenzdonovan,BecketAdams,1
kenzdonovan,Beer__Wolf,1
kenzdonovan,BeladonnaRogers,1
kenzdonovan,BenHowe,2
kenzdonovan,BigStick2013,2
kenzdonovan,BigSugarTuna,2
kenzdonovan,BishopShines,1
kenzdonovan,BlueWaterDays,1
kenzdonovan,BobMacAZ,2
kenzdonovan,BradThor,1
kenzdonovan,BrazilianGirl32,2
kenzdonovan,CajunKangaroo,1
kenzdonovan,CallenFamily,1
kenzdonovan,CarmineZozzora,1
kenzdonovan,Catholic_Radio,1
kenzdonovan,Cernovich,1
kenzdonovan,CharlieRoseShow,1
kenzdonovan,ChristiChat,1
kenzdonovan,ChristieC733,3
kenzdonovan,Claudia4Trump,1
kenzdonovan,ConNewsNow,10
kenzdonovan,Conservative_VW,2
kenzdonovan,ConstanceQueen8,2
kenzdonovan,CortesSteve,1
kenzdonovan,DBloom451,5
kenzdonovan,DEfortheBG,1
kenzdonovan,DLin71,1
kenzdonovan,DailyCaller,2
kenzdonovan,DanScavino,4
kenzdonovan,Danny_Vaskal,1
kenzdonovan,Darren32895836,2
kenzdonovan,DavidTheroux,1
kenzdonovan,Dbargen,1
kenzdonovan,DeaceOnline,2
kenzdonovan,Democrat_4Trump,2
kenzdonovan,DonaldJTrumpJr,3
kenzdonovan,DonniDeVille,1
kenzdonovan,DonnyFerguson,2
kenzdonovan,DrJillStein,1
kenzdonovan,DrMartyFox,1
kenzdonovan,DrottM,1
kenzdonovan,ElectionLawCtr,1
kenzdonovan,EmilyMiller,1
kenzdonovan,EntheosShines,3
kenzdonovan,Etherkat,1
kenzdonovan,Evan_McMullin,1
kenzdonovan,Eyes_of_justice,1
kenzdonovan,FL4TRUMPDOTCOM,2
kenzdonovan,FederalTyranny,1
kenzdonovan,Flewbys,1
kenzdonovan,FrancUnder,1
kenzdonovan,FredZeppelin12,1
kenzdonovan,GaltsGultch,1
kenzdonovan,GartrellLinda,2
kenzdonovan,GenFlynn,1
kenzdonovan,Genealogy123,1
kenzdonovan,GlomarResponder,1
kenzdonovan,Gorilla_Jake,2
kenzdonovan,Grago395,1
kenzdonovan,Grant503,1
kenzdonovan,HahnAmerica,1
kenzdonovan,HaleyTessIsis,2
kenzdonovan,HalleyBorderCol,3
kenzdonovan,Harlan,2
kenzdonovan,HawkinsUSA,5
kenzdonovan,Herfarm,2
kenzdonovan,Hillarizer,2
kenzdonovan,INTJutsu,1
kenzdonovan,InGodIDoTrust,1
kenzdonovan,IngmanDavid,2
kenzdonovan,Italians4Trump,2
kenzdonovan,ItzGeralyn,1
kenzdonovan,JackBPR,1
kenzdonovan,Jail_Killery,4
kenzdonovan,JamesEdwardsTPC,1
kenzdonovan,JamesOKeefeIII,2
kenzdonovan,JohnCassily,2
kenzdonovan,JohnFromCranber,1
kenzdonovan,Johnatsrs1949,1
kenzdonovan,Johnny_Petrini,1
kenzdonovan,JxhnBinder,1
kenzdonovan,KNP2BP,2
kenzdonovan,KOSMOSNET,1
kenzdonovan,KarinDunhill,1
kenzdonovan,KathyShelton_,1
kenzdonovan,KatiePavlich,2
kenzdonovan,KatyyAnnn,1
kenzdonovan,KelsH2,2
kenzdonovan,KenGardner11,1
kenzdonovan,KimDotcom,1
kenzdonovan,Kotcha301,3
kenzdonovan,KurtSchlichter,2
kenzdonovan,LEFTH00K,2
kenzdonovan,LLH713,1
kenzdonovan,LadyLiberTea,5
kenzdonovan,LaurieBailey,1
kenzdonovan,LeahR77,2
kenzdonovan,LennieJarratt,1
kenzdonovan,LessaT,2
kenzdonovan,LifeNewsHQ,3
kenzdonovan,LindaSuhler,3
kenzdonovan,LouDobbs,1
kenzdonovan,LoveMyWife4eva,1
kenzdonovan,Lucky_Lockwood,1
kenzdonovan,MEMY5953,1
kenzdonovan,MONAKatOILS,1
kenzdonovan,MagicRoyalty,1
kenzdonovan,MarieMa49685063,1
kenzdonovan,MaryForbes14,1
kenzdonovan,Mathiasian,3
kenzdonovan,MayorRGiuliani,1
kenzdonovan,McClatchyDC,1
kenzdonovan,MelissaBurges7,1
kenzdonovan,Miami4Trump,1
kenzdonovan,MihaljevichW,2
kenzdonovan,MisterMetokur,1
kenzdonovan,MorvantCheryl,1
kenzdonovan,MuchWowShibes,1
kenzdonovan,NaughtyBeyotch,1
kenzdonovan,NetworksManager,1
kenzdonovan,Nigel_Farage,1
kenzdonovan,NolteNC,2
kenzdonovan,Nottinghams1,1
kenzdonovan,OBAMA_GAMES,1
kenzdonovan,OCAmericans,5
kenzdonovan,ObamaBash,2
kenzdonovan,ObamaMalik,1
kenzdonovan,PatDollard,1
kenzdonovan,Patriot_MM,1
kenzdonovan,Patriotancestry,2
kenzdonovan,Politic_USA,1
kenzdonovan,PoliticsNewsGM,1
kenzdonovan,PrisonPlanet,3
kenzdonovan,ProLifeRosary,1
kenzdonovan,ROCKONDUDE2,2
kenzdonovan,RayburnThompson,1
kenzdonovan,RealBenCarson,1
kenzdonovan,RepStevenSmith,1
kenzdonovan,ReversingASD,1
kenzdonovan,RhondaRoseFlora,1
kenzdonovan,RichardUSA,1
kenzdonovan,RightOnWeekly,2
kenzdonovan,Rightway4USA,1
kenzdonovan,RitaMarinoni,1
kenzdonovan,RobHoey,2
kenzdonovan,RobManess,1
kenzdonovan,RonnieGilbert7,1
kenzdonovan,ScottPresler,1
kenzdonovan,SebGorka,2
kenzdonovan,SheriffClarke,3
kenzdonovan,ShortGo,2
kenzdonovan,SiennaLBC,1
kenzdonovan,SkipLicker,1
kenzdonovan,SmallBiz4Trump,2
kenzdonovan,Snoopy_thats_me,1
kenzdonovan,SoCal4Trump,2
kenzdonovan,StefanMolyneux,1
kenzdonovan,SteveSGoddard,1
kenzdonovan,SteveScalise,1
kenzdonovan,Steve_yerp,1
kenzdonovan,Stevenwhirsch99,4
kenzdonovan,StocksAlotTEMP,2
kenzdonovan,StopStopHillary,1
kenzdonovan,SupportDonald,1
kenzdonovan,SurfPHX,1
kenzdonovan,TRUMPMOVEMENTUS,3
kenzdonovan,TRUMP_PREZ,2
kenzdonovan,TakeItBack2o16,2
kenzdonovan,TexanandBlessed,1
kenzdonovan,TheDonaldReddit,1
kenzdonovan,TheWeiseDame,1
kenzdonovan,Thomas1774Paine,3
kenzdonovan,TimAlberta,1
kenzdonovan,TimRunsHisMouth,2
kenzdonovan,TraceyTheisen,1
kenzdonovan,Trentsickle,1
kenzdonovan,TrumpSuperPAC,1
kenzdonovan,USAneedsTRUMP,1
kenzdonovan,VaTxn,1
kenzdonovan,Veteran4Trump,2
kenzdonovan,VivaLaAmes,2
kenzdonovan,VoteMAGA,2
kenzdonovan,WeNeedTrump,1
kenzdonovan,WesleyRickard,1
kenzdonovan,WestJournalism,1
kenzdonovan,Wine_Grl,1
kenzdonovan,Winttocs,1
kenzdonovan,X_USAF_E7,1
kenzdonovan,YoungDems4Trump,1
kenzdonovan,_HughBris,1
kenzdonovan,_Makada_,1
kenzdonovan,_Proud_American,1
kenzdonovan,abusedtaxpayer,6
kenzdonovan,amrightnow,2
kenzdonovan,amronsomar,1
kenzdonovan,annie773,1
kenzdonovan,annietfirst,1
kenzdonovan,apostlelaurinda,1
kenzdonovan,asamjulian,1
kenzdonovan,beecozz,1
kenzdonovan,benslick101,2
kenzdonovan,bfraser747,1
kenzdonovan,bob_owens,1
kenzdonovan,canadafreepress,1
kenzdonovan,carrnut,1
kenzdonovan,cathydit,1
kenzdonovan,cgpb,2
kenzdonovan,chezamission,1
kenzdonovan,cmdorsey,9
kenzdonovan,cnnwriter69,1
kenzdonovan,col_nj,1
kenzdonovan,commiegirl1,1
kenzdonovan,datrumpnation1,2
kenzdonovan,daxtonbrown,1
kenzdonovan,ddiamond,1
kenzdonovan,deplorablefan,1
kenzdonovan,dmon4ever,1
kenzdonovan,fbc1955,1
kenzdonovan,foxnation,1
kenzdonovan,fruitscs,1
kenzdonovan,gatewaypundit,1
kenzdonovan,gerfingerpoken,2
kenzdonovan,gerfingerpoken2,2
kenzdonovan,ggeett37aaa,1
kenzdonovan,hrkbenowen,1
kenzdonovan,ihatethemedia,5
kenzdonovan,indigenous01,2
kenzdonovan,izzysroses,1
kenzdonovan,jaketapper,1
kenzdonovan,jb_morey,1
kenzdonovan,jenniendennis68,2
kenzdonovan,jimmylemons,10
kenzdonovan,jjauthor,1
kenzdonovan,joeykalas,2
kenzdonovan,joeyyeo13,1
kenzdonovan,johnnydollar01,1
kenzdonovan,johnondrasik,2
kenzdonovan,jpodhoretz,1
kenzdonovan,jtmoney1981,1
kenzdonovan,kevkid79,3
kenzdonovan,kincannon_show,1
kenzdonovan,kupajo322,1
kenzdonovan,kurteichenwald,1
kenzdonovan,larryvance47,1
kenzdonovan,latinaafortrump,1
kenzdonovan,luckyone6565,1
kenzdonovan,luvGodncountry,6
kenzdonovan,madisongesiotto,1
kenzdonovan,magnifier661,1
kenzdonovan,malcolm2607,1
kenzdonovan,mayday2744,1
kenzdonovan,mindyfinn,1
kenzdonovan,mitchellvii,3
kenzdonovan,mrwalsh8,1
kenzdonovan,nananb55,3
kenzdonovan,nanci_pray2jc,1
kenzdonovan,nia4_trump,2
kenzdonovan,notiven,2
kenzdonovan,npnikk,1
kenzdonovan,onlnsurfer,3
kenzdonovan,osPatriot,2
kenzdonovan,papad48,1
kenzdonovan,petefrt,1
kenzdonovan,pnehlen,1
kenzdonovan,prchristen,2
kenzdonovan,preciousliberty,12
kenzdonovan,quinncy,1
kenzdonovan,randycaputo,1
kenzdonovan,realDonaldTrump,7
kenzdonovan,realkingrobbo,1
kenzdonovan,redrivergrl,1
kenzdonovan,regated,1
kenzdonovan,riteprices,2
kenzdonovan,rvedrenne,1
kenzdonovan,ryanra,4
kenzdonovan,sand3633,2
kenzdonovan,scottisbell_,1
kenzdonovan,scottthong,1
kenzdonovan,seanhannity,2
kenzdonovan,seanmdav,1
kenzdonovan,shortwave8669,2
kenzdonovan,steve0423,1
kenzdonovan,sulimran,1
kenzdonovan,tea0704,1
kenzdonovan,theglobaluniter,1
kenzdonovan,thehill,1
kenzdonovan,therealroseanne,1
kenzdonovan,timmeb454,2
kenzdonovan,tkinder,2
kenzdonovan,tlamb775,1
kenzdonovan,trulytexan,1
kenzdonovan,tsbarnes89,1
kenzdonovan,vivelafra,1
kenzdonovan,weeklystandard,1
kenzdonovan,weknowwhatsbest,1
kenzdonovan,wikileaks,7
kenzdonovan,willnotstandman,1
klara_sauber,LeeNilslee,1
klara_sauber,yasyueksel,1
kolradskiy_zhuk,Cernovich,1
kolradskiy_zhuk,InfoPolk,1
kolradskiy_zhuk,KimDotcom,1
kolradskiy_zhuk,RT_America,1
kolradskiy_zhuk,RT_com,2
kolradskiy_zhuk,RealFKNNews,1
kolradskiy_zhuk,TrumpD2016,1
kolradskiy_zhuk,chepriyanka,1
kolradskiy_zhuk,odom_1,1
kolradskiy_zhuk,spacelordrock,1
kolradskiy_zhuk,washingtonpost,1
kotovamarys,Aleksandr1212B,2
kotovamarys,NBCNews,1
kotovamarys,RTUKnews,1
kotovamarys,RT_America,5
kotovamarys,RT_com,5
kotovamarys,TrumpD2016,1
kotovamarys,WeNeedTrump,1
kotovamarys,kolydka,1
kotovamarys,peddoc63,1
kotovamarys,tijding_NL,1
kotovamarys,zapvv,1
krasilnikovbor,ELLEmagazine,1
krasilnikovbor,RT_America,4
krasilnikovbor,RT_com,5
krasilnikovbor,RealJamesWoods,1
krasilnikovbor,fubaglady,1
krasilnikovbor,highercause,1
krasilnikovbor,marina_saniram,1
krivelev_law,RomaAcorn,1
krustyps,a_malahov,1
lagonehoe,AVAETC,1
lagonehoe,Ann_Kirkpatrick,1
lagonehoe,Bboy_Izilla,1
lagonehoe,BostonJerry,1
lagonehoe,BuzzFeedNews,1
lagonehoe,DrReneeObey,1
lagonehoe,Echecrates,2
lagonehoe,FeministaJones,3
lagonehoe,GideonResnick,1
lagonehoe,HeerJeet,2
lagonehoe,JoyAnnReid,7
lagonehoe,KeshRue,1
lagonehoe,LOLGOP,1
lagonehoe,MassimoFaggioli,1
lagonehoe,MattBellassai,1
lagonehoe,MeetThePress,1
lagonehoe,NewDay,1
lagonehoe,ObsoleteDogma,1
lagonehoe,PaulAikenBDC,1
lagonehoe,SopanDeb,1
lagonehoe,SweetestAsshoIe,1
lagonehoe,ThePlumLineGS,1
lagonehoe,Yamiche,1
lagonehoe,almostkanye,1
lagonehoe,amandaseales,1
lagonehoe,aminatou,1
lagonehoe,bomani_jones,1
lagonehoe,civilrights_rr,1
lagonehoe,daniecal,1
lagonehoe,deptofaustralia,1
lagonehoe,deray,1
lagonehoe,desusnice,2
lagonehoe,ggreenwald,1
lagonehoe,jmartNYT,1
lagonehoe,kasie,1
lagonehoe,keithboykin,2
lagonehoe,kylegriffin1,1
lagonehoe,lukebroadwater,1
lagonehoe,mattdpearce,1
lagonehoe,mciszek,1
lagonehoe,morningmoneyben,1
lagonehoe,mviser,1
lagonehoe,realDonaldTrump,1
lagonehoe,ryanjreilly,1
lagonehoe,samswey,1
lagonehoe,scottwongDC,1
lagonehoe,shadowandact,4
lapinolegg,RT_America,3
lapinolegg,RT_com,4
lapinolegg,USAforTrump2016,1
lapinolegg,republicbuzz,1
lapinolegg,wikileaks,1
lapinolegg,zvezdanews,2
laurabaeley,1001ptUS,1
laurabaeley,1stAirDel_USMCR,1
laurabaeley,Always_Trump,1
laurabaeley,Ausbiz,1
laurabaeley,BIZPACReview,1
laurabaeley,BarracudaMama,1
laurabaeley,BeladonnaRogers,1
laurabaeley,Bikers4Trump,1
laurabaeley,Braveheart_USA,2
laurabaeley,Callisto1947,1
laurabaeley,CharlemagSteak,1
laurabaeley,ConservativeZNJ,1
laurabaeley,CronkiteSays,1
laurabaeley,DanScavino,1
laurabaeley,DavidVasquez619,1
laurabaeley,Dbnich,1
laurabaeley,Don_Vito_08,1
laurabaeley,EvaGreen69,3
laurabaeley,Fingersflying,1
laurabaeley,FreeBeacon,1
laurabaeley,Freedomrings22,1
laurabaeley,GenFlynn,1
laurabaeley,GoldStarMomTX55,1
laurabaeley,GreenMountRepub,1
laurabaeley,Harry1T6,1
laurabaeley,HighLowJackGame,1
laurabaeley,Hollydler,2
laurabaeley,InGodIDoTrust,2
laurabaeley,JamesRitch1,1
laurabaeley,JaredWyand,1
laurabaeley,JimRobinsonSEA,1
laurabaeley,JoAnn_Bill,1
laurabaeley,KDScioscia,1
laurabaeley,KLSouth,1
laurabaeley,KellyannePolls,1
laurabaeley,KenYounos,1
laurabaeley,LatinoOtherSide,1
laurabaeley,LauraBaeley,1
laurabaeley,LeahR77,1
laurabaeley,Lrihendry,2
laurabaeley,M0L0NL4BE,1
laurabaeley,MacDaddy611,1
laurabaeley,MagicRoyalty,1
laurabaeley,MargoPatriot,1
laurabaeley,Merry__Can,1
laurabaeley,Mil0Blake,1
laurabaeley,NRodibaugh,1
laurabaeley,NetworksManager,1
laurabaeley,PJStrikeForce,1
laurabaeley,Pamela_Moore13,1
laurabaeley,PatrickRuffini,1
laurabaeley,Patriot18D,1
laurabaeley,PatriotChicks,1
laurabaeley,RealOrangeCat,1
laurabaeley,ReviewTheEarth,1
laurabaeley,RickLeventhal,1
laurabaeley,RobertJohnDavi,1
laurabaeley,SOLOMONOFZION,1
laurabaeley,Siren6779,1
laurabaeley,SopanDeb,1
laurabaeley,StandUpNOW4usa,1
laurabaeley,Stevenwhirsch99,1
laurabaeley,TEN_GOP,1
laurabaeley,TeaPartyOrg,1
laurabaeley,TellyStern,1
laurabaeley,TheNewDrudge,1
laurabaeley,The_Trump_Train,1
laurabaeley,Third_Position,2
laurabaeley,TorstenSjoberg,1
laurabaeley,TwitchyTeam,1
laurabaeley,WDFx2EU8,1
laurabaeley,WayneDupreeShow,1
laurabaeley,_HankRearden,1
laurabaeley,_NickLuna_,2
laurabaeley,_Proud_American,1
laurabaeley,akawhit1,1
laurabaeley,alaskantexanQCT,1
laurabaeley,alexonthebayou,1
laurabaeley,andieiamwhoiam,1
laurabaeley,antoniosabatojr,1
laurabaeley,bfraser747,2
laurabaeley,crankyallAnimal,1
laurabaeley,cristinalaila1,1
laurabaeley,dcexaminer,1
laurabaeley,dj_dwjohns1,1
laurabaeley,duxcomedy,1
laurabaeley,ellenEspence,1
laurabaeley,firstcircle12,2
laurabaeley,gerfingerpoken,2
laurabaeley,grampa194235,1
laurabaeley,jayrosen_nyu,1
laurabaeley,kf4bef,1
laurabaeley,libertyalliance,1
laurabaeley,lorischovanec,1
laurabaeley,lybr3,1
laurabaeley,michaelkeyes,1
laurabaeley,mike_pence,1
laurabaeley,mimi_saulino,1
laurabaeley,nan_laing,1
laurabaeley,nordog13,1
laurabaeley,patrioticpepe,1
laurabaeley,phil200269,1
laurabaeley,project10two,1
laurabaeley,rayann2320,1
laurabaeley,seanhannity,1
laurabaeley,sialusa,1
laurabaeley,sweetatertot2,1
laurabaeley,tea0704,1
laurabaeley,thalsey51,1
laurabaeley,theglobaluniter,1
laurabaeley,tommyhubb,1
laurabaeley,trump_woman,1
laurabaeley,usaf48,1
laurabaeley,vmpcott,1
laurabaeley,wikileaks,1
lavrovmuesli,WhiteHouseCards,2
lazykstafford,A_M_Perez,2
lazykstafford,Callisto1947,1
lazykstafford,ColbyST1,1
lazykstafford,CounterJihadUS,1
lazykstafford,CynthiaMHunter,1
lazykstafford,Danny_Turner_1,1
lazykstafford,DonaldJTrumpJr,1
lazykstafford,DrJillStein,1
lazykstafford,GarrettSimpson_,3
lazykstafford,HaussmannParis,1
lazykstafford,Hollydler,2
lazykstafford,Inspire_Us,1
lazykstafford,JeffSanchezz,3
lazykstafford,Juliet777777,1
lazykstafford,Khaoz83,1
lazykstafford,LauraBaeley,1
lazykstafford,LauraWilsonGal,1
lazykstafford,LessGovMoreFun,1
lazykstafford,Logan_WhatsUp,3
lazykstafford,MarkAlmost,6
lazykstafford,MicParrish,1
lazykstafford,Mil0Blake,3
lazykstafford,PatriotBlake,1
lazykstafford,RyanMaxwell_1,2
lazykstafford,Scow0857,1
lazykstafford,Stanley_Cox_,1
lazykstafford,THETXEMBASSY,1
lazykstafford,TalkNerdyToMe72,1
lazykstafford,TheFoundingSon,1
lazykstafford,_NickLuna_,2
lazykstafford,amrightnow,5
lazykstafford,amronsomar,1
lazykstafford,cristinalaila1,1
lazykstafford,davidsirota,1
lazykstafford,garydailydrift,1
lazykstafford,impiousdigest,1
lazykstafford,jstines3,1
lazykstafford,literaturedevil,1
lazykstafford,millennialviews,1
lazykstafford,mr_clampin,2
lazykstafford,realDonaldTrump,1
lazykstafford,sandgnatlawson,1
lazykstafford,seanhannity,1
lazykstafford,tgonefishin,1
lazykstafford,tinavandi,1
lazykstafford,usa2016election,1
leecory,TheBaxterBean,1
leroylovesusa,0HOUR1__,1
leroylovesusa,20committee,1
leroylovesusa,211Pine,1
leroylovesusa,4chansbest,1
leroylovesusa,ABC,2
leroylovesusa,ANOMALY1,2
leroylovesusa,AZWS,1
leroylovesusa,Adolf_Trump,1
leroylovesusa,AllenWestRepub,3
leroylovesusa,AlwaysActions,1
leroylovesusa,American1765,1
leroylovesusa,AmericanMex067,2
leroylovesusa,AmyMek,1
leroylovesusa,Amyloukingery,1
leroylovesusa,AnthonyVVeiner,1
leroylovesusa,ArthurSchwartz,1
leroylovesusa,AuntBree567,1
leroylovesusa,BAKKOOONN,1
leroylovesusa,BARACKOMARCUS,2
leroylovesusa,Beer__Wolf,1
leroylovesusa,BeladonnaRogers,2
leroylovesusa,Bencjacobs,1
leroylovesusa,BigMacReal,1
leroylovesusa,BillPeriman,1
leroylovesusa,BrazilianGirl32,4
leroylovesusa,BrendanKKirby,1
leroylovesusa,CEJacksonLaw,1
leroylovesusa,CNNPolitics,1
leroylovesusa,CROWENATION2016,1
leroylovesusa,CarrollStandard,1
leroylovesusa,CatatonicSpine,1
leroylovesusa,Cernovich,4
leroylovesusa,ChristieC733,1
leroylovesusa,ConNewsNow,2
leroylovesusa,Conservatexian,1
leroylovesusa,Conservative_VW,1
leroylovesusa,CooknCooks,2
leroylovesusa,CorruptHillary,1
leroylovesusa,DBloom451,1
leroylovesusa,DCClothesline,1
leroylovesusa,DRUDGE_REPORT,1
leroylovesusa,DanScavino,3
leroylovesusa,Darren32895836,4
leroylovesusa,Dbargen,3
leroylovesusa,DclareDiane,1
leroylovesusa,DebAlwaystrump,1
leroylovesusa,DineshDSouza,2
leroylovesusa,Dinkiedow,1
leroylovesusa,DonaldJTrumpJr,1
leroylovesusa,DorothieBell,1
leroylovesusa,DrMartyFox,1
leroylovesusa,ElkaSelzer,1
leroylovesusa,EmmyA2,1
leroylovesusa,EricTrump,1
leroylovesusa,EvilHillaryPics,2
leroylovesusa,EyeDoc11,1
leroylovesusa,FOX59,1
leroylovesusa,FoxNews,1
leroylovesusa,FreeDavidKing,1
leroylovesusa,GOPjenna,1
leroylovesusa,GartrellLinda,1
leroylovesusa,GenFlynn,1
leroylovesusa,GroverNorquist,1
leroylovesusa,HahnAmerica,1
leroylovesusa,HawkinsUSA,3
leroylovesusa,Herfarm,1
leroylovesusa,HeyTammyBruce,1
leroylovesusa,Hillary_Truth,1
leroylovesusa,HouseCracka,1
leroylovesusa,Iozia5,1
leroylovesusa,Italians4Trump,1
leroylovesusa,IvoryDove,1
leroylovesusa,JBaileysMom,1
leroylovesusa,JENin140,1
leroylovesusa,JVC341,1
leroylovesusa,JVLast,1
leroylovesusa,JacquelinIsBest,1
leroylovesusa,Jail_Killery,1
leroylovesusa,JamesOKeefeIII,2
leroylovesusa,Jan4USA,1
leroylovesusa,JaredWyand,1
leroylovesusa,JasonMillerinDC,1
leroylovesusa,JeffSanchezz,6
leroylovesusa,JesusCLives2016,1
leroylovesusa,Jim_Peoples_,1
leroylovesusa,JoeFreedomLove,1
leroylovesusa,JordanChariton,1
leroylovesusa,JoyAnnReid,1
leroylovesusa,JrcheneyJohn,1
leroylovesusa,Kamani1147,3
leroylovesusa,KellyannePolls,4
leroylovesusa,KendallMigues,1
leroylovesusa,KitDaniels1776,1
leroylovesusa,KyleWRowley,1
leroylovesusa,LEFTH00K,2
leroylovesusa,LadyLiberTea,1
leroylovesusa,Lady_Lbrty,1
leroylovesusa,LanceStrasser,1
leroylovesusa,LastWave2014,1
leroylovesusa,LeroyLovesUSA,1
leroylovesusa,LessaT,1
leroylovesusa,LifeZette,1
leroylovesusa,LindaSuhler,2
leroylovesusa,LinkXone,1
leroylovesusa,LouDobbs,4
leroylovesusa,Lrihendry,3
leroylovesusa,LucidHurricane_,1
leroylovesusa,M24Miles,1
leroylovesusa,MajorCBS,1
leroylovesusa,MarcAardvark,1
leroylovesusa,Matrixprisoner6,1
leroylovesusa,MattCadabra,1
leroylovesusa,MattWalshBlog,1
leroylovesusa,MediaJuggernaut,1
leroylovesusa,Miami4Trump,1
leroylovesusa,MikeBates,1
leroylovesusa,MissLizzyNJ,1
leroylovesusa,Mitty281,1
leroylovesusa,MrRat395,1
leroylovesusa,NetworksManager,2
leroylovesusa,NoParty2016,1
leroylovesusa,NoahCRothman,1
leroylovesusa,Norsu2,1
leroylovesusa,NumbersMuncher,1
leroylovesusa,OCAmericans,1
leroylovesusa,ObamaBash,2
leroylovesusa,OneTonTurtle,1
leroylovesusa,OpenThreads,1
leroylovesusa,PJStrikeForce,1
leroylovesusa,Pamela_Moore13,1
leroylovesusa,ParamjitGarewal,1
leroylovesusa,PatDollard,2
leroylovesusa,PatriotBlake,2
leroylovesusa,PatriotGinger2,2
leroylovesusa,PatriotJewel,2
leroylovesusa,Patriot_MM,1
leroylovesusa,Patriotancestry,1
leroylovesusa,PeteJames_1,1
leroylovesusa,PrisonPlanet,2
leroylovesusa,ProLifeRosary,1
leroylovesusa,ProudAmerican82,1
leroylovesusa,RCDefense,1
leroylovesusa,RMConservative,1
leroylovesusa,RSQViper,1
leroylovesusa,Raphael_Don_,2
leroylovesusa,RealJamesWoods,3
leroylovesusa,ReversingASD,1
leroylovesusa,RichThompsonAK,1
leroylovesusa,RickRWells,1
leroylovesusa,RiskyPeter,1
leroylovesusa,RobAristotle,1
leroylovesusa,RobHoey,1
leroylovesusa,RogerJStoneJr,1
leroylovesusa,RotNScoundrel,1
leroylovesusa,SassyPantsjj,1
leroylovesusa,ScottAdamsSays,2
leroylovesusa,ScottPresler,1
leroylovesusa,Sic_of_Libtards,1
leroylovesusa,SilvanaCorsetti,1
leroylovesusa,SmallgGay,1
leroylovesusa,Sophia4Trump,1
leroylovesusa,Stanley_Cox_,1
leroylovesusa,StatesPoll,1
leroylovesusa,StefanMolyneux,1
leroylovesusa,SteveDeaceShow,2
leroylovesusa,Steve_yerp,1
leroylovesusa,Stevenwhirsch99,1
leroylovesusa,Stop_Govt_Waste,2
leroylovesusa,TEN_GOP,2
leroylovesusa,THExTRUMPxTRAIN,1
leroylovesusa,TRUMPOATH12017,1
leroylovesusa,TRUMP_or_WAR,1
leroylovesusa,TSimm246,1
leroylovesusa,Tacami222,1
leroylovesusa,Taniel,1
leroylovesusa,Taxfree1031,1
leroylovesusa,TeaPartyCore,1
leroylovesusa,TeamTrump,1
leroylovesusa,Teri423,1
leroylovesusa,TeriGRight,1
leroylovesusa,TheRickWilson,1
leroylovesusa,TheTrumpLady,1
leroylovesusa,ThomasWictor,1
leroylovesusa,Trummp_2016,1
leroylovesusa,TrumpNV,1
leroylovesusa,Trump_World,2
leroylovesusa,TruthFeedNews,1
leroylovesusa,USAneedsTRUMP,1
leroylovesusa,USCG_MOM,1
leroylovesusa,UdvTANBgkh9NQth,1
leroylovesusa,Victori71012315,1
leroylovesusa,WDFx2EU7,1
leroylovesusa,WDFx2EU8,1
leroylovesusa,WesleyRickard,1
leroylovesusa,Ziplok_,1
leroylovesusa,_NickLuna_,3
leroylovesusa,_Proud_American,1
leroylovesusa,abusedtaxpayer,3
leroylovesusa,ag_texas,1
leroylovesusa,ajenable,1
leroylovesusa,anne19brown,1
leroylovesusa,asamjulian,1
leroylovesusa,attitudeforty5l,1
leroylovesusa,backyardconserv,2
leroylovesusa,blakehounshell,1
leroylovesusa,bryancrabtree,2
leroylovesusa,carrieksada,1
leroylovesusa,cbanks420lol2,1
leroylovesusa,chillblueyes71,3
leroylovesusa,circuitsurgeon,1
leroylovesusa,cmdorsey,6
leroylovesusa,cnnwriter69,1
leroylovesusa,cristinalaila1,1
leroylovesusa,dadamskatz1,1
leroylovesusa,daeshhun,1
leroylovesusa,danieltobin,1
leroylovesusa,dansch2002,1
leroylovesusa,dave_notdave,1
leroylovesusa,dcexaminer,1
leroylovesusa,deploraBill,1
leroylovesusa,dershy,1
leroylovesusa,deusXYX,2
leroylovesusa,dmcgowen1776,1
leroylovesusa,dr_davidson,1
leroylovesusa,drginareghetti,1
leroylovesusa,erinhaust,1
leroylovesusa,foxandfriends,1
leroylovesusa,foxnation,1
leroylovesusa,gatewaypundit,1
leroylovesusa,gerfingerpoken,1
leroylovesusa,gerfingerpoken2,2
leroylovesusa,glennyork,1
leroylovesusa,go4marshall,1
leroylovesusa,gohatt,1
leroylovesusa,greeneyes0084,1
leroylovesusa,gs777gs777,1
leroylovesusa,guypbenson,1
leroylovesusa,hannahkauthor,1
leroylovesusa,harpus88,1
leroylovesusa,heyits_toby,3
leroylovesusa,hrtablaze,2
leroylovesusa,hughhewitt,1
leroylovesusa,hyddrox,1
leroylovesusa,ihatethemedia,1
leroylovesusa,iluvscoops,1
leroylovesusa,indigenous01,2
leroylovesusa,jason_howerton,1
leroylovesusa,jimmylemons,8
leroylovesusa,jko417,1
leroylovesusa,jlopezandfamily,1
leroylovesusa,jpr9954,1
leroylovesusa,k_mcq,1
leroylovesusa,kayleighmcenany,1
leroylovesusa,kelliwardaz,1
leroylovesusa,kevkid79,3
leroylovesusa,larryelder,1
leroylovesusa,larrywilbur71,1
leroylovesusa,latinaafortrump,1
leroylovesusa,luchadora41,1
leroylovesusa,luvGodncountry,3
leroylovesusa,mastadonarmy,1
leroylovesusa,mikandynothem,1
leroylovesusa,mike_pence,1
leroylovesusa,mitchellvii,1
leroylovesusa,mtracey,1
leroylovesusa,nananb55,4
leroylovesusa,nautilus55,2
leroylovesusa,newyorkgenius,2
leroylovesusa,noleforjustice,1
leroylovesusa,ohbeaulaland,1
leroylovesusa,onlnsurfer,4
leroylovesusa,osPatriot,5
leroylovesusa,papom6417,1
leroylovesusa,pastormarkburns,1
leroylovesusa,patcondell,1
leroylovesusa,pink_lady56,1
leroylovesusa,pkjmaf58,1
leroylovesusa,prchristen,1
leroylovesusa,preciousliberty,8
leroylovesusa,pulpark,1
leroylovesusa,quinncy,1
leroylovesusa,ramorel,1
leroylovesusa,randycaputo,2
leroylovesusa,realDonaldTrump,3
leroylovesusa,redrivergrl,1
leroylovesusa,redsteeze,1
leroylovesusa,reg1776,2
leroylovesusa,riteprices,2
leroylovesusa,rooshv,1
leroylovesusa,roycan79,1
leroylovesusa,ryanra,1
leroylovesusa,saverjoy,1
leroylovesusa,sdarkwah,1
leroylovesusa,seanspicer,1
leroylovesusa,senatorshoshana,1
leroylovesusa,sherisspace,1
leroylovesusa,shortwave8669,2
leroylovesusa,slone,1
leroylovesusa,sulimran,1
leroylovesusa,suzost,1
leroylovesusa,tea0704,1
leroylovesusa,thehill,2
leroylovesusa,timmyjrebel,1
leroylovesusa,tlamb775,1
leroylovesusa,tmjames55,1
leroylovesusa,trscoop,2
leroylovesusa,trump2016fan,1
leroylovesusa,trumpamericann,1
leroylovesusa,w0tn0t,1
leroylovesusa,wikileaks,10
leroylovesusa,woodruffbets,1
leroylovesusa,zoomzoom130,1
lila_gorila,RomaAcorn,1
lila_gorila,tina_kandelaki,1
liljordamn,BEAYAHUS,1
liljordamn,BlackAmerican33,1
liljordamn,C0LTj,1
liljordamn,ComplexMag,1
liljordamn,EBONYMag,1
liljordamn,EW,1
liljordamn,EdgeofSports,1
liljordamn,FarrakhanWatch,1
liljordamn,Fusion,1
liljordamn,HillaryClinton,1
liljordamn,HurriOwl,1
liljordamn,INPDUMNYC,1
liljordamn,IWashington,1
liljordamn,JoyAnnReid,6
liljordamn,Korkie,1
liljordamn,Luvvie,1
liljordamn,MaxBoot,1
liljordamn,MissJupiter1957,2
liljordamn,MsPackyetti,1
liljordamn,PeoplesReport,1
liljordamn,Progress4OHIO,1
liljordamn,RobertaRael,1
liljordamn,SherSpooner,1
liljordamn,SocialIssueNews,1
liljordamn,Syndeess,1
liljordamn,Taniel,1
liljordamn,TeenVogue,1
liljordamn,TheDailyEdge,1
liljordamn,TheRevAl,2
liljordamn,TotalRevolucion,1
liljordamn,Yamiche,1
liljordamn,adv_project,1
liljordamn,armandodkos,1
liljordamn,blicqer,2
liljordamn,brownblaze,1
liljordamn,businessinsider,1
liljordamn,chrisgeidner,1
liljordamn,cipikk,1
liljordamn,cspan,1
liljordamn,dagraffman,1
liljordamn,djolder,1
liljordamn,docrocktex26,2
liljordamn,em2wice,2
liljordamn,emenogu_phil,1
liljordamn,emergagent,1
liljordamn,frodofied,1
liljordamn,guardian,1
liljordamn,heykim,1
liljordamn,jilevin,1
liljordamn,justinjm1,1
liljordamn,kurteichenwald,1
liljordamn,mshotspot70_kc,1
liljordamn,peterdaou,1
liljordamn,peterwsinger,1
liljordamn,puppymnkey,1
liljordamn,shanalala_,1
liljordamn,socialenemy_,1
liljordamn,steenfox,1
liljordamn,thehill,2
liljordamn,theintercept,1
lmarinays,realDonaldTrump,1
loragreeen,ATHEIST_Blessed,1
loragreeen,AndyHashtagger,1
loragreeen,AnitaNelson,1
loragreeen,AnnoGalactic,2
loragreeen,BabyJannyMeow,1
loragreeen,BardleyRex,1
loragreeen,BayoumiMoustafa,1
loragreeen,Born_To_DYE,1
loragreeen,ChrixMorgan,2
loragreeen,CulturedRuffian,1
loragreeen,DanaGeezus,1
loragreeen,DanielAshley13,1
loragreeen,DimwittedGenius,1
loragreeen,Dreamweasel,4
loragreeen,Edwardaespinoza,1
loragreeen,FunnyPantsTV,1
loragreeen,GeffGefferson1,2
loragreeen,GiselleEvns,2
loragreeen,GoForTimmer,1
loragreeen,HillaryClinton,3
loragreeen,IlaxBJoseph,1
loragreeen,Jarmadillos,1
loragreeen,JoyAnnReid,1
loragreeen,KenGh5,1
loragreeen,KeswickPinhead,2
loragreeen,KipperNY42,1
loragreeen,LouGeese,1
loragreeen,Mephist0paulus,1
loragreeen,NasirLeigh,1
loragreeen,NetAdvisor,1
loragreeen,News_AliBaba,1
loragreeen,OnPirateSat,1
loragreeen,RBLX_livinggame,1
loragreeen,SaintGutz,1
loragreeen,Shane_Rodenbeck,2
loragreeen,SouthBoulder,1
loragreeen,ThisSideOp,1
loragreeen,WHOAwhatthefuck,1
loragreeen,XQueenAckermanX,1
loragreeen,YukikoAsakura,1
loragreeen,ZenRand,1
loragreeen,Zooeyyxx,1
loragreeen,borforall,1
loragreeen,bunnyhugger75,3
loragreeen,charley_ck14,1
loragreeen,chiefplan1,6
loragreeen,fatalmocking,1
loragreeen,googergieger,1
loragreeen,grosby81,1
loragreeen,kuzco890,1
loragreeen,lgmaterna,1
loragreeen,marildeo,1
loragreeen,onlxn,1
loragreeen,paleblueeyes24,1
loragreeen,pandamania_121,1
loragreeen,pattonoswalt,1
loragreeen,pdiddy71,1
loragreeen,rhonlirob,1
loragreeen,stormynights10,1
loragreeen,sweet_melissa06,1
loragreeen,theclobra,1
loragreeen,therealezway,2
loragreeen,uzohak,1
loragreeen,wikileaks,1
luke_jones13,mike_pence,1
luke_jones13,realDonaldTrump,2
lynsrodriguez,ANGRYref,1
lynsrodriguez,BadIdeasVs,1
lynsrodriguez,Forza_Velocita,1
lynsrodriguez,HeHasntTweeted,1
lynsrodriguez,InGodIDoTrust,1
lynsrodriguez,KipperNY42,1
lynsrodriguez,Michael_Oh2L,1
lynsrodriguez,TaraSetmayer,1
lynsrodriguez,chiefplan1,1
lynsrodriguez,googergieger,1
lynsrodriguez,greg_a_elliott,1
lynsrodriguez,stormynights10,1
lysikvinkova,OceanEchoes,1
lysikvinkova,StefanMolyneux,1
lysikvinkova,svetaring,1
maksblaginin,DanScavino,1
maksblaginin,K1erry,1
maksblaginin,MarkSleboda1,1
maksblaginin,RT_com,2
maksblaginin,SerboCanada,1
maksblaginin,camanpour,1
maksblaginin,lenaaleks7774,1
maksblaginin,realDonaldTrump,1
maksblaginin,spacelordrock,1
malloryjared,2DopeBoyz,1
malloryjared,ABC,2
malloryjared,ATLBlackStar,1
malloryjared,AceMackMW,1
malloryjared,AdamSerwer,1
malloryjared,AjalaTanya,1
malloryjared,CNN,1
malloryjared,ChocnessMonsta,1
malloryjared,CobraCommans,1
malloryjared,Delo_Taylor,1
malloryjared,Fidelia_Gabor,1
malloryjared,For_The_Masses,1
malloryjared,GMEAgency,1
malloryjared,HaroldWNelson,2
malloryjared,HillaryClinton,1
malloryjared,HipHopCaucus,1
malloryjared,JamilSmith,2
malloryjared,JayZ_LyricsPage,1
malloryjared,JimmyK_23,1
malloryjared,KeithOlbermann,2
malloryjared,LasVegasSoul,1
malloryjared,Lee_in_Iowa,1
malloryjared,MalcolmLondon,1
malloryjared,MokanaStudios,1
malloryjared,MrNegroMilitant,2
malloryjared,NateSilver538,1
malloryjared,ParkerMolloy,1
malloryjared,PiinkHustler,1
malloryjared,PoliticsPeach,1
malloryjared,RawStory,1
malloryjared,ReaganGomez,1
malloryjared,RealTimBlack,1
malloryjared,Russian_Starr,1
malloryjared,SocialIssueNews,1
malloryjared,SouthernLady328,2
malloryjared,Starseed52,1
malloryjared,Sttbs73,1
malloryjared,TVietor08,1
malloryjared,TheDailyEdge,1
malloryjared,TransGriot,2
malloryjared,Tuniekc,1
malloryjared,VABVOX,1
malloryjared,adbridgeforth,3
malloryjared,alexpreditor,1
malloryjared,bassem_masri,1
malloryjared,blicqer,3
malloryjared,dami3official,1
malloryjared,fordm,1
malloryjared,getgln,1
malloryjared,honey_of_life,1
malloryjared,jonswaine,1
malloryjared,joshtpm,1
malloryjared,khanknee,1
malloryjared,kylegriffin1,1
malloryjared,maggieNYT,1
malloryjared,paulmcl,1
malloryjared,rachelnoerd,1
malloryjared,realKellG,1
malloryjared,samswey,1
malloryjared,sofambro90,1
malloryjared,stephan_harper,1
malloryjared,thehill,1
malloryjared,therealbakari,1
malloryjared,theyalerecord,1
malloryjared,tressiemcphd,1
malloryjared,willrahn,1
march_for_trump,ChristiChat,1
march_for_trump,ElGalopeFinca,1
march_for_trump,NeilTurner_,1
march_for_trump,PureStormXEQ,1
march_for_trump,VivaLaAmes,1
march_for_trump,WayneDupreeShow,1
march_for_trump,mimi_saulino,1
march_for_trump,realDonaldTrump,4
margarethkurz,SPIEGELONLINE,1
margarethkurz,mpitzke,1
margoberoeva,A_G_Dugin,1
margoberoeva,MoskRU,1
marianeuberg1,yasyueksel,1
marissaimstrong,307rcKStar,1
marissaimstrong,ACdouble3,1
marissaimstrong,BlacksWithTrump,1
marissaimstrong,Callisto1947,1
marissaimstrong,CarlosCruz2016,1
marissaimstrong,CassandraRules,1
marissaimstrong,ChristieC733,1
marissaimstrong,CounterJihadRp,1
marissaimstrong,DrDavidDuke,1
marissaimstrong,HaussmannParis,1
marissaimstrong,InnerDonald,1
marissaimstrong,Juliet777777,2
marissaimstrong,P0TUSTrump,1
marissaimstrong,PatriotGinger,1
marissaimstrong,ReJoyce61,1
marissaimstrong,Rockprincess818,1
marissaimstrong,The_Trump_Train,1
marissaimstrong,adjunctprofessr,1
marissaimstrong,cindy_crawley,1
marissaimstrong,cristinalaila1,1
marissaimstrong,gerfingerpoken2,3
marissaimstrong,lightlady,1
marissaimstrong,michelelfrost,1
marissaimstrong,pspoole,1
marissaimstrong,steph93065,1
maymaymyy,2ysur2ysub,1
maymaymyy,ATLBlackStar,1
maymaymyy,Annikaleia,1
maymaymyy,Anomaly100,1
maymaymyy,CharlesMBlow,1
maymaymyy,ChuckModi1,1
maymaymyy,DrJillStein,1
maymaymyy,Fusion,2
maymaymyy,JYSexton,1
maymaymyy,JohnRMoffitt,1
maymaymyy,LisaWShapiro,1
maymaymyy,MistaMazeMusic,1
maymaymyy,NYDailyNews,1
maymaymyy,Newsweek,1
maymaymyy,Ocynthiawill,1
maymaymyy,PatrickSvitek,1
maymaymyy,PattiaGarder,1
maymaymyy,PoliticsPeach,1
maymaymyy,StephieGilley,1
maymaymyy,ThatGirlCarly,1
maymaymyy,TheDailyEdge,1
maymaymyy,TheReelNetwork,1
maymaymyy,amaditalks,1
maymaymyy,blicqer,1
maymaymyy,dnbrgr,1
maymaymyy,evanasmith,2
maymaymyy,frodofied,1
maymaymyy,goldengateblond,1
maymaymyy,jeneps,1
maymaymyy,kdog0126,1
maymaymyy,khanknee,1
maymaymyy,madamecain,1
maymaymyy,politicques,1
maymaymyy,pzriddle,1
maymaymyy,reidepstein,1
maymaymyy,rootwoman123,1
maymaymyy,vj44,2
maymaymyy,yesmagazine,1
mbrownhere,POTUS,1
med_harley,RomaAcorn,1
meggieoneil,DominicValent,1
meggieoneil,GeffGefferson1,1
meggieoneil,therealezway,1
melanymelanin,18major,1
melanymelanin,866OURVOTE,1
melanymelanin,ABCLiz,1
melanymelanin,AlGiordano,1
melanymelanin,BLUpfront,1
melanymelanin,BatesCollege,1
melanymelanin,BeingKimmieToo,1
melanymelanin,BernieSanders,1
melanymelanin,BlackMamba503,1
melanymelanin,BlackToLive,2
melanymelanin,BlackjediNow,4
melanymelanin,Blavity,1
melanymelanin,BostonGlobe,1
melanymelanin,CNN,1
melanymelanin,CampaignLegal,1
melanymelanin,ColMorrisDavis,1
melanymelanin,DLeonhardt,1
melanymelanin,DavisJesseP,1
melanymelanin,Delo_Taylor,6
melanymelanin,DonCheadle,1
melanymelanin,DrReneeObey,1
melanymelanin,DylanByers,1
melanymelanin,EJDionne,1
melanymelanin,ErnestMoniz,1
melanymelanin,FiveThirtyEight,1
melanymelanin,GenX4Hill,1
melanymelanin,HeerJeet,1
melanymelanin,JamilSmith,2
melanymelanin,KWRose,1
melanymelanin,KeeganNYC,1
melanymelanin,Kemetic_Kitty,1
melanymelanin,KingJohnLove,1
melanymelanin,KwikWarren,1
melanymelanin,LisaBloom,1
melanymelanin,MPierce47,1
melanymelanin,MattMurph24,5
melanymelanin,MsPackyetti,1
melanymelanin,NARAL,1
melanymelanin,NoahGrayCNN,1
melanymelanin,OgRobGEE,1
melanymelanin,PattyArquette,2
melanymelanin,PeoplesMediaLA,1
melanymelanin,SarahKSilverman,1
melanymelanin,SariHorwitz,1
melanymelanin,ShaunKing,1
melanymelanin,ShotByCT,1
melanymelanin,Sifill_LDF,1
melanymelanin,SincerePruitt,1
melanymelanin,Slate,2
melanymelanin,SusanSarandon,1
melanymelanin,TEK_OG,1
melanymelanin,TUSK81,1
melanymelanin,T_H_E_F_A_C_E,1
melanymelanin,TalibKweli,2
melanymelanin,TeresaKopec,1
melanymelanin,TheMattWilstein,1
melanymelanin,TheOralBuffet,1
melanymelanin,TheRealNews,1
melanymelanin,ThisAmerLife,1
melanymelanin,TransGriot,1
melanymelanin,VABVOX,1
melanymelanin,Vallmeister,1
melanymelanin,XLNB,1
melanymelanin,ZaibatsuNews,16
melanymelanin,adamjohnsonNYC,1
melanymelanin,addiestan,1
melanymelanin,adrian_gray,1
melanymelanin,azmoderate,1
melanymelanin,billmckibben,1
melanymelanin,blackmattersus,1
melanymelanin,blackvoices,1
melanymelanin,blicqer,47
melanymelanin,blowryontv,1
melanymelanin,ciaogirl9,1
melanymelanin,coffeepartyusa,1
melanymelanin,dangillmor,1
melanymelanin,deray,2
melanymelanin,dw_politics,1
melanymelanin,echosryan,1
melanymelanin,emmersbrown,1
melanymelanin,eshap,1
melanymelanin,fawfulfan,1
melanymelanin,gdebenedetti,1
melanymelanin,gloed_up,1
melanymelanin,harrysiegel,1
melanymelanin,jemelehill,1
melanymelanin,kenvogel,1
melanymelanin,khanknee,2
melanymelanin,kurteichenwald,1
melanymelanin,kylegriffin1,1
melanymelanin,leahmcelrath,1
melanymelanin,mahtowin1,1
melanymelanin,mckaycoppins,1
melanymelanin,mollyesque,1
melanymelanin,nytpolitics,1
melanymelanin,peterdaou,1
melanymelanin,politico,1
melanymelanin,samswey,2
melanymelanin,sfpelosi,1
melanymelanin,thehill,3
melanymelanin,theshrillest,2
melanymelanin,tommasz,1
melanymelanin,trueblacknews,1
melanymelanin,vicciho,1
melanymelanin,wikileaks,1
melvinsroberts,ATHEIST_Blessed,1
melvinsroberts,AdelG9,1
melvinsroberts,Adrienne_GG,1
melvinsroberts,AlegnaDas,1
melvinsroberts,AndyHashtagger,2
melvinsroberts,AnitaNelson,1
melvinsroberts,AnnoGalactic,1
melvinsroberts,AtomicElbow1,2
melvinsroberts,Ay_men2,1
melvinsroberts,BabyJannyMeow,1
melvinsroberts,BardleyRex,1
melvinsroberts,BayoumiMoustafa,1
melvinsroberts,BigEnuff,1
melvinsroberts,Booth_Prince,2
melvinsroberts,BoyGirlStuff,1
melvinsroberts,BuzzFeed,1
melvinsroberts,Carlswall,1
melvinsroberts,CurtCBryant,1
melvinsroberts,CurtisBigMan,2
melvinsroberts,DanaGeezus,4
melvinsroberts,DanielAshley13,2
melvinsroberts,DonnieLMiller,1
melvinsroberts,Dreamweasel,1
melvinsroberts,FeeBooths,1
melvinsroberts,Femmininja,1
melvinsroberts,GeffGefferson1,1
melvinsroberts,GiselleEvns,36
melvinsroberts,HassanMoKhan,1
melvinsroberts,HeisJonny,1
melvinsroberts,HellieEdwards,1
melvinsroberts,HeyItsChadAlan,1
melvinsroberts,HillaryClinton,1
melvinsroberts,HollynHeron,1
melvinsroberts,HurtsWhenIP23,1
melvinsroberts,IlikeBIGbuttand,1
melvinsroberts,JRoInAK,1
melvinsroberts,JamesMorgan92,2
melvinsroberts,Jarmadillos,3
melvinsroberts,JefLeeson,2
melvinsroberts,JohnFPLane,1
melvinsroberts,KathieMrr,3
melvinsroberts,KenGh5,1
melvinsroberts,KerrinTarr,1
melvinsroberts,KeshaTedder,1
melvinsroberts,KeswickPinhead,1
melvinsroberts,LahdeeDot,1
melvinsroberts,Latent_Fury,1
melvinsroberts,LoLo_OOC,1
melvinsroberts,LouGeese,1
melvinsroberts,Maiden747En,1
melvinsroberts,Martukin,1
melvinsroberts,Mephist0paulus,1
melvinsroberts,Mikey_Pisano,1
melvinsroberts,MiniatureNate,1
melvinsroberts,News_AliBaba,1
melvinsroberts,NoEinLonardo,1
melvinsroberts,NotRitaHart,2
melvinsroberts,Obambulator,1
melvinsroberts,Ogreing,1
melvinsroberts,OnPirateSat,2
melvinsroberts,PresidentJeffPJ,1
melvinsroberts,RBLX_livinggame,1
melvinsroberts,SeeDaneRun,1
melvinsroberts,SemeiMuCasa,1
melvinsroberts,SethMacFarlane,1
melvinsroberts,Shane_Rodenbeck,2
melvinsroberts,SugarGretel,1
melvinsroberts,Sweetiepiee,1
melvinsroberts,TheDChamberlin,1
melvinsroberts,TheDailyShow,1
melvinsroberts,TheFoundingSon,2
melvinsroberts,TheYuleKnight,1
melvinsroberts,TheZenGardner,1
melvinsroberts,ThisSideOp,1
melvinsroberts,Thor_2000,1
melvinsroberts,Voycer100,1
melvinsroberts,WeirdPeople27,1
melvinsroberts,XQueenAckermanX,1
melvinsroberts,YG,1
melvinsroberts,YukikoAsakura,1
melvinsroberts,ashriel5,1
melvinsroberts,brightandglory,1
melvinsroberts,bunnyhugger75,1
melvinsroberts,carolinebjerke2,1
melvinsroberts,charley_ck14,2
melvinsroberts,chiefplan1,5
melvinsroberts,coolcalmron,1
melvinsroberts,don_haworth,1
melvinsroberts,explicitweetz,2
melvinsroberts,fatalmocking,1
melvinsroberts,jeffuschrist,1
melvinsroberts,jensimeo,1
melvinsroberts,kevinwxgg,1
melvinsroberts,lgmaterna,1
melvinsroberts,lisa5gk,1
melvinsroberts,meyer2311,1
melvinsroberts,newjoel,1
melvinsroberts,nolansdad55,1
melvinsroberts,ourrepublic76,1
melvinsroberts,parakeet84,1
melvinsroberts,pattonoswalt,1
melvinsroberts,realdaveshelton,1
melvinsroberts,rhonlirob,1
melvinsroberts,ringgoldsandra,1
melvinsroberts,screechmonkey,1
melvinsroberts,sftimrf,1
melvinsroberts,silverdoe2,1
melvinsroberts,snowyjim1,1
melvinsroberts,stormynights10,1
melvinsroberts,theclobra,1
melvinsroberts,therealezway,4
melvinsroberts,thinkprogress,1
melvinsroberts,timcogan,1
melvinsroberts,timvicious,1
melvinsroberts,travisj0331,1
melvinsroberts,tyarrum77,1
melvinsroberts,voxdotcom,1
michellearry,AdiDajani,1
michellearry,CynthiaMHunter,1
michellearry,DVATW,2
michellearry,DanaGeezus,1
michellearry,DenverPrincess8,1
michellearry,DrDavidDuke,1
michellearry,EmileeWaren,1
michellearry,GarrettSimpson_,4
michellearry,ItsAReckoning,1
michellearry,J0hnLarsen,1
michellearry,JaredWyand,1
michellearry,Juliet777777,3
michellearry,Junebug1952,1
michellearry,LanceTruPatriot,1
michellearry,LauraBaeley,2
michellearry,LazyKStafford,2
michellearry,LibertySeeds,1
michellearry,Logan_WhatsUp,2
michellearry,MarkAlmost,6
michellearry,MicParrish,2
michellearry,MichelleArry,1
michellearry,MightyBusterBro,1
michellearry,Mil0Blake,2
michellearry,PriceForPierce,1
michellearry,RealAlexJones,1
michellearry,TheFoundingSon,1
michellearry,The_Anti_Fox,2
michellearry,Trumptbird,1
michellearry,TweetingYarnie,1
michellearry,WayneDupreeShow,1
michellearry,_NickLuna_,2
michellearry,cassishere,1
michellearry,cindy_crawley,1
michellearry,hollandpatrickk,3
michellearry,jstines3,2
michellearry,micafarha,1
michellearry,noblebarnes87,1
michellearry,realDonaldTrump,1
michellearry,stranahan,1
michellearry,traceyhappymom,1
mihanovikov,A_G_Dugin,1
mihanovikov,DmitriyVeret,1
mihanovikov,RT_America,3
mihanovikov,RT_com,7
mihanovikov,SputnikInt,1
mihanovikov,ValLisitsa,1
mihanovikov,VladimirLarsson,1
mihanovikov,zapvv,1
mikkyrurk,realDonaldTrump,1
mikkyrurk,tina_kandelaki,1
mil0blake,2AFight,2
mil0blake,307rcKStar,1
mil0blake,ChristiChat,1
mil0blake,DaystoTrump,1
mil0blake,DebraAr49979596,1
mil0blake,DonaldJTrumpJr,1
mil0blake,DrJillStein,2
mil0blake,Fingersflying,1
mil0blake,Frances_D,2
mil0blake,JaredWyand,1
mil0blake,JohnFromCranber,1
mil0blake,JudeLambertUSA,2
mil0blake,Juliet777777,3
mil0blake,KeepTXTX,1
mil0blake,Khaoz83,1
mil0blake,LeroyLovesUSA,2
mil0blake,LessGovMoreFun,1
mil0blake,MABardino,1
mil0blake,MalPartisan,1
mil0blake,Mil0Blake,1
mil0blake,PatriotBlake,1
mil0blake,PatriotGinger2,4
mil0blake,PriceForPierce,1
mil0blake,Scow0857,1
mil0blake,TheFoundingSon,1
mil0blake,The_Trump_Train,1
mil0blake,TodMoore3,1
mil0blake,Trumptbird,1
mil0blake,UTHornsRawk,1
mil0blake,amrightnow,4
mil0blake,beny_benson,1
mil0blake,cassishere,1
mil0blake,cristinalaila1,1
mil0blake,neverhillary,1
mil0blake,realDonaldTrump,1
mil0blake,seanhannity,1
mil0blake,tgonefishin,1
mil0blake,tinavandi,1
milimillennium,RomaAcorn,1
missourinewsus,GaetaSusan,1
missourinewsus,Pamela_Moore13,17
mmmdarya,KSHN,1
mmmdarya,aavst,1
mmmdarya,villagemsk,1
moda_barina,realDonaldTrump,1
mr_clampin,ANGRYref,1
mr_clampin,AndyHashtagger,5
mr_clampin,AnnoGalactic,2
mr_clampin,BabyJannyMeow,1
mr_clampin,BadRonen,1
mr_clampin,Booth_Prince,1
mr_clampin,Born_To_DYE,1
mr_clampin,Carlswall,1
mr_clampin,ClaireDavy1,1
mr_clampin,CumuloPhallus,1
mr_clampin,DALLASNITES,1
mr_clampin,Daleyinsanity,2
mr_clampin,DanaGeezus,2
mr_clampin,DominicValent,12
mr_clampin,Eliud_S_Terra,1
mr_clampin,FightNowAmerica,1
mr_clampin,Gamiliell,2
mr_clampin,GodNegus,1
mr_clampin,HassanMoKhan,1
mr_clampin,HeyHeyMissJ,1
mr_clampin,HillaryClinton,1
mr_clampin,IlikeBIGbuttand,1
mr_clampin,ImaSingItForYa,1
mr_clampin,Jalapeno_Biznis,2
mr_clampin,JoansNightie,1
mr_clampin,KathieMrr,1
mr_clampin,KerrinTarr,1
mr_clampin,Khaoz83,1
mr_clampin,LLCalrissian,1
mr_clampin,Maiden747En,1
mr_clampin,MiniatureNate,1
mr_clampin,Obambulator,2
mr_clampin,OldSalz,1
mr_clampin,Pheramuse,1
mr_clampin,PixieGiggles33,1
mr_clampin,PresidentJeffPJ,1
mr_clampin,RealChrisCutts,1
mr_clampin,RealJimsMommer,1
mr_clampin,RealTimers,1
mr_clampin,Redlinesi10,1
mr_clampin,ReenieDiva,1
mr_clampin,Shane_Rodenbeck,1
mr_clampin,SyedSalehAbbas,1
mr_clampin,TeamOlitz4Eva,1
mr_clampin,TheYuleKnight,1
mr_clampin,Thor_2000,1
mr_clampin,Venti_Poet,1
mr_clampin,WHOAwhatthefuck,2
mr_clampin,WeirdPeople27,1
mr_clampin,anticrisis73,1
mr_clampin,ashriel5,1
mr_clampin,badlydrawndobs,1
mr_clampin,batshake1,1
mr_clampin,bunnyhugger75,1
mr_clampin,carolinebjerke2,1
mr_clampin,chiefplan1,1
mr_clampin,cutupx2,3
mr_clampin,danadoo1,1
mr_clampin,fitzdog1167,1
mr_clampin,im_srishabh21,2
mr_clampin,lisa5gk,1
mr_clampin,mrd125,1
mr_clampin,outinthetrees,1
mr_clampin,payneoflarry,1
mr_clampin,queenofthewo,1
mr_clampin,randilynisin,1
mr_clampin,republicanbob,1
mr_clampin,ronen321,1
mr_clampin,somedude1129,1
mr_clampin,stormynights10,1
mr_clampin,theclobra,2
mr_clampin,therealezway,1
mr_clampin,tncomedy,1
mr_clampin,trapmasterrick,1
mrclydepratt,2DopeBoyz,1
mrclydepratt,AceMackMW,3
mrclydepratt,AdamParkhomenko,1
mrclydepratt,AnandWrites,1
mrclydepratt,Arightside,1
mrclydepratt,BlackYouthProj,2
mrclydepratt,BroderickGreer,1
mrclydepratt,CNN,1
mrclydepratt,DJAYTIGER,1
mrclydepratt,DanteB4u,1
mrclydepratt,DonCheadle,1
mrclydepratt,GABBYiSACTiVE,1
mrclydepratt,HaroldWNelson,1
mrclydepratt,HillaryClinton,1
mrclydepratt,Inspiration1390,1
mrclydepratt,JonCozart,1
mrclydepratt,JuddApatow,1
mrclydepratt,Luvvie,2
mrclydepratt,MattfDoyle,1
mrclydepratt,MoreAndAgain,1
mrclydepratt,PoliticsPeach,1
mrclydepratt,ReaganGomez,1
mrclydepratt,RealMikeAllen1,1
mrclydepratt,RealMuckmaker,1
mrclydepratt,RealRebelBlack,1
mrclydepratt,RealTrumanDem,1
mrclydepratt,RevoltTV,1
mrclydepratt,SCENEWorldWide,1
mrclydepratt,Salon,1
mrclydepratt,SamuelLJackson,1
mrclydepratt,SenWarren,1
mrclydepratt,SouthernLady328,1
mrclydepratt,SusanMaylone,1
mrclydepratt,TalibKweli,1
mrclydepratt,TananariveDue,1
mrclydepratt,TheDailyEdge,1
mrclydepratt,TheDailySchmuck,1
mrclydepratt,TransGriot,1
mrclydepratt,TrapBernie,1
mrclydepratt,WarriorDJs,1
mrclydepratt,YELAWOLF1111,1
mrclydepratt,_RoseCyntanna,1
mrclydepratt,adbridgeforth,3
mrclydepratt,alexpreditor,1
mrclydepratt,billmon1,1
mrclydepratt,blackmattersus,1
mrclydepratt,blackplanet,1
mrclydepratt,blackpolitics,1
mrclydepratt,blacktlkradio,1
mrclydepratt,blicqer,1
mrclydepratt,brothascomics,1
mrclydepratt,brownblaze,1
mrclydepratt,deptofaustralia,1
mrclydepratt,djolder,1
mrclydepratt,djonathandavids,1
mrclydepratt,em2wice,1
mrclydepratt,frodofied,1
mrclydepratt,getgln,1
mrclydepratt,induct,3
mrclydepratt,kharyp,1
mrclydepratt,lancole,1
mrclydepratt,lordmalignance,1
mrclydepratt,michaelschwab13,1
mrclydepratt,msmarypryor,1
mrclydepratt,owillis,1
mrclydepratt,realDenaldTrump,1
mrclydepratt,rolandsmartin,1
mrclydepratt,ronstew,1
mrclydepratt,rosacclark,1
mrclydepratt,sallykohn,1
mrclydepratt,tgreene319,1
mrclydepratt,thehill,1
mrclydepratt,trueblacknews,1
mrclydepratt,zimbabwekid,1
mrmoraan,2DopeBoyz,1
mrmoraan,ABC7Chicago,1
mrmoraan,AP,1
mrmoraan,ATLBlackStar,2
mrmoraan,Africarevolt,1
mrmoraan,AmericanIndian8,1
mrmoraan,Angieslyst,1
mrmoraan,AzaniaJustice,1
mrmoraan,BFHSNetwork,1
mrmoraan,Blu_PHIlosopher,1
mrmoraan,Cernovich,1
mrmoraan,ChrisCuomo,1
mrmoraan,ClintSmithIII,1
mrmoraan,CorrectRecord,1
mrmoraan,DJMondoENTPromo,1
mrmoraan,DavidCornDC,1
mrmoraan,HueyNewton510,1
mrmoraan,ItsTonyNow,1
mrmoraan,JamilSmith,1
mrmoraan,JuddLegum,1
mrmoraan,KandiRider,1
mrmoraan,KarenCivil,1
mrmoraan,KarinanTaylor23,1
mrmoraan,KirstenPowers,1
mrmoraan,L4urynKing,1
mrmoraan,MistaMazeMusic,1
mrmoraan,MoreAndAgain,1
mrmoraan,POLITICOMag,1
mrmoraan,Pammie629,1
mrmoraan,RayarJohnson,1
mrmoraan,SocialIssueNews,2
mrmoraan,TheDailyEdge,2
mrmoraan,TheDailyShow,1
mrmoraan,TomFitton,1
mrmoraan,Truth247,1
mrmoraan,VeeWade,1
mrmoraan,XMorphPhoenix,1
mrmoraan,baratunde,1
mrmoraan,blicqer,1
mrmoraan,brownblaze,1
mrmoraan,chicagotribune,1
mrmoraan,etlaw,1
mrmoraan,frodofied,1
mrmoraan,gonzalezjanet06,1
mrmoraan,iSocialFanz,1
mrmoraan,jelani9,1
mrmoraan,jfkeeler,1
mrmoraan,keethers,1
mrmoraan,kzshabazz,1
mrmoraan,lifeandmorelife,1
mrmoraan,obamolizer,1
mrmoraan,puppymnkey,1
mrmoraan,ronstew,1
mrmoraan,shariline,1
mrmoraan,sugaree71,1
mrmoraan,tbogg,1
mrmoraan,thomasclark92,1
mrmoraan,vj44,1
mrservelat,RomaAcorn,1
msm0re,NevskyAlexandr,1
msm0re,tina_kandelaki,1
mwiqcen,realDonaldTrump,1
nana_lama,RomaAcorn,1
nehemiahx,AreYouAfro,1
nehemiahx,Brasilmagic,1
nehemiahx,BrianPaulStuart,1
nehemiahx,ColossILL,1
nehemiahx,DcSlumdog,1
nehemiahx,HuffingtonPost,1
nehemiahx,IanKarmel,1
nehemiahx,JamilSmith,1
nehemiahx,KeithOlbermann,1
nehemiahx,NewRepublic,1
nehemiahx,PBS,1
nehemiahx,Publici,1
nehemiahx,RawStory,1
nehemiahx,Rex49,1
nehemiahx,SankofaBrown,1
nehemiahx,ShaunKing,1
nehemiahx,Travon,1
nehemiahx,WhiteHouse,1
nehemiahx,YourAnonNews,1
nehemiahx,ananavarro,1
nehemiahx,anthony9843,1
nehemiahx,bigkim46,1
nehemiahx,blackvoices,1
nehemiahx,feldmaniac,1
nehemiahx,jaketapper,1
nehemiahx,mollycrabapple,1
nehemiahx,thehill,3
nehemiahx,wkamaubell,1
nojonathonno,7Marshall,1
nojonathonno,AC360,1
nojonathonno,AP,1
nojonathonno,AndreaChalupa,1
nojonathonno,Ann_Kirkpatrick,1
nojonathonno,BlackMoses2015,1
nojonathonno,BlackToLive,2
nojonathonno,BlackjediNow,3
nojonathonno,Brasilmagic,2
nojonathonno,Breaking911,1
nojonathonno,CNNMoney,1
nojonathonno,CahnEmily,1
nojonathonno,CarlBialik,1
nojonathonno,CharlesMBlow,2
nojonathonno,CryinAllTheTime,1
nojonathonno,CtBrokerRoks,1
nojonathonno,DanteB4u,1
nojonathonno,Delo_Taylor,3
nojonathonno,EJLandwehr,1
nojonathonno,EricBoehlert,1
nojonathonno,Ez4u2say_Janis,1
nojonathonno,HaroldItz,1
nojonathonno,HillaryClinton,1
nojonathonno,IsaacDovere,1
nojonathonno,It5_Magical_,1
nojonathonno,JamilSmith,1
nojonathonno,JetBlackCloud,1
nojonathonno,KateBrownForOR,1
nojonathonno,KeeganNYC,1
nojonathonno,KeithOlbermann,1
nojonathonno,Kris_Sacrebleu,1
nojonathonno,LOLGOP,1
nojonathonno,LatishaApplebum,1
nojonathonno,LaurenWern,1
nojonathonno,Margaretherapy,1
nojonathonno,MattMurph24,4
nojonathonno,Mediaite,1
nojonathonno,MissConception0,2
nojonathonno,MsPackyetti,2
nojonathonno,NYTnickc,1
nojonathonno,NateSilver538,1
nojonathonno,Nettaaaaaaaa,1
nojonathonno,NewRepublic,1
nojonathonno,NoahCRothman,1
nojonathonno,OhLordTaylore,1
nojonathonno,OpFerguson,1
nojonathonno,PeoplesMediaLA,1
nojonathonno,Petergrand,1
nojonathonno,Politics_PR,2
nojonathonno,PpollingNumbers,1
nojonathonno,ProgPoli,1
nojonathonno,RDCresearcher,1
nojonathonno,RawStory,1
nojonathonno,RealSamMartin,1
nojonathonno,RollingStone,1
nojonathonno,RoseAnnDeMoro,1
nojonathonno,SamWangPhD,1
nojonathonno,SankofaBrown,2
nojonathonno,Shakestweetz,2
nojonathonno,ShaunKing,2
nojonathonno,SopanDeb,1
nojonathonno,StopMassIncNet,1
nojonathonno,Sttbs73,1
nojonathonno,SymoneDSanders,3
nojonathonno,TWFReview,1
nojonathonno,TalibKweli,1
nojonathonno,TheBaxterBean,1
nojonathonno,ThePlumLineGS,3
nojonathonno,TwitterMoments,1
nojonathonno,UniteWomenOrg,1
nojonathonno,XLNB,2
nojonathonno,ZaibatsuNews,33
nojonathonno,adept2u,1
nojonathonno,adv_project,1
nojonathonno,ajplus,1
nojonathonno,alivitali,1
nojonathonno,allinwithchris,1
nojonathonno,amjoyshow,1
nojonathonno,annehelen,2
nojonathonno,birgittaj,1
nojonathonno,blicqer,61
nojonathonno,bobcesca_go,1
nojonathonno,brianstelter,2
nojonathonno,britjam40,1
nojonathonno,brontyman,1
nojonathonno,catvalente,2
nojonathonno,chrislhayes,1
nojonathonno,conor64,1
nojonathonno,crampell,1
nojonathonno,csgazette,1
nojonathonno,d3sign3rs,1
nojonathonno,denngree,1
nojonathonno,deray,3
nojonathonno,edatpost,1
nojonathonno,ezraklein,1
nojonathonno,fawfulfan,1
nojonathonno,gabrielsherman,1
nojonathonno,gdebenedetti,1
nojonathonno,hilzoy,1
nojonathonno,jbspharmd,1
nojonathonno,jemelehill,2
nojonathonno,jonfavs,2
nojonathonno,justinjm1,1
nojonathonno,khanknee,2
nojonathonno,kunoorojha,2
nojonathonno,kylegriffin1,2
nojonathonno,laurenarankin,1
nojonathonno,leahmcelrath,1
nojonathonno,lovealaska1105,1
nojonathonno,maramcewin,1
nojonathonno,mattyglesias,1
nojonathonno,mcnees,3
nojonathonno,mims,1
nojonathonno,oliviafaix,1
nojonathonno,politico,2
nojonathonno,ppppolls,1
nojonathonno,pronounced_ing,1
nojonathonno,realGeorgeTorr,1
nojonathonno,rlocker12,1
nojonathonno,sahilkapur,1
nojonathonno,samsteinhp,1
nojonathonno,samswey,1
nojonathonno,smoothkobra,1
nojonathonno,thehill,1
nojonathonno,theryangeorge,1
nojonathonno,tomtwittmorin,1
nojonathonno,tonyschwartz,2
nojonathonno,trueblacknews,2
nojonathonno,wkamaubell,1
nojonathonno,zatchry,1
notballinyet,BleacherReport,1
notballinyet,DanteB4u,1
notballinyet,HipHopNewsOne,1
notballinyet,JenniferJJacobs,1
notballinyet,KelleyLCarter,1
notballinyet,Limeylizzie,1
notballinyet,LorenzaOrrin,1
notballinyet,Mahogany1992,1
notballinyet,RWTQuotes,1
notballinyet,RawStory,1
notballinyet,Redistrict,1
notballinyet,SafeandJustUSA,1
notballinyet,TEN_GOP,1
notballinyet,Thomas1774Paine,1
notballinyet,Yamiche,1
notballinyet,dreamelder,1
notballinyet,keithboykin,1
notballinyet,msjbe20a,1
notballinyet,richardhine,1
notritahart,119Days_18JEM,1
notritahart,ATHEIST_Blessed,1
notritahart,Aaron_Gagnier16,1
notritahart,AndyHashtagger,1
notritahart,AnnoGalactic,4
notritahart,BabyJannyMeow,1
notritahart,BunchesOrWeezy,1
notritahart,Carlswall,1
notritahart,ChrixMorgan,2
notritahart,ClaireDavy1,1
notritahart,CumuloPhallus,1
notritahart,DALLASNITES,1
notritahart,Danzig303,4
notritahart,DcStarlord,1
notritahart,ElPenguinito,1
notritahart,Eliud_S_Terra,1
notritahart,Femmininja,1
notritahart,FranklinFoer,1
notritahart,FunnyPantsTV,1
notritahart,GG70882020,1
notritahart,GameOfHashTags,1
notritahart,GiselleEvns,1
notritahart,HT_G_O_A_T,1
notritahart,HassanMoKhan,1
notritahart,IAmDavidShelton,1
notritahart,I_am_not_E,1
notritahart,IlikeBIGbuttand,2
notritahart,JDKnite,2
notritahart,Jarmadillos,1
notritahart,Jasper_Fly,2
notritahart,JefLeeson,2
notritahart,KathieMrr,1
notritahart,KenGh5,1
notritahart,KeshaTedder,1
notritahart,LahdeeDot,1
notritahart,Maiden747En,1
notritahart,MasterJediMara,1
notritahart,News_AliBaba,1
notritahart,NotRitaHart,1
notritahart,Nwz_xXx,1
notritahart,Pheramuse,1
notritahart,PixieGiggles33,1
notritahart,ProblemChildFil,1
notritahart,RealJimsMommer,1
notritahart,Realpolitiki,1
notritahart,SethMacFarlane,1
notritahart,ShyHoodieGirl,1
notritahart,SonnyUndercover,1
notritahart,TGJones_62,1
notritahart,TheBabyHolloway,1
notritahart,TheDailyShow,1
notritahart,TheFoundingSon,2
notritahart,TheYuleKnight,1
notritahart,TimKcomic,1
notritahart,TrumpWeiners4,1
notritahart,Venti_Poet,1
notritahart,WHOAwhatthefuck,1
notritahart,Wook316,1
notritahart,YG,1
notritahart,YeukaiGo,1
notritahart,ajitnewyork,1
notritahart,aterkel,1
notritahart,bunnyhugger75,3
notritahart,carolinebjerke2,1
notritahart,chiefplan1,2
notritahart,ddale8,1
notritahart,don_haworth,1
notritahart,explicitweetz,2
notritahart,im_srishabh21,1
notritahart,jamesmarie33,1
notritahart,kuzco890,1
notritahart,lgmaterna,1
notritahart,lokikittie,1
notritahart,outinthetrees,1
notritahart,paleblueeyes24,1
notritahart,poink_Jon_Poink,1
notritahart,rhonlirob,1
notritahart,rikroku,1
notritahart,robhagee,1
notritahart,silverdoe2,1
notritahart,therealezway,2
notritahart,truthusmaximus,1
notritahart,wikileaks,1
ogdeandre,8bitanimal,1
ogdeandre,ABCPolitics,1
ogdeandre,AdamSerwer,1
ogdeandre,AndreaChalupa,1
ogdeandre,AngryBlackLady,2
ogdeandre,AsteadWH,1
ogdeandre,Bastille_Kate,1
ogdeandre,BillDixonish,1
ogdeandre,BlackInformant,7
ogdeandre,Black_Atheists,1
ogdeandre,BrendanNyhan,1
ogdeandre,CNNPolitics,1
ogdeandre,CTVoter,1
ogdeandre,CapehartJ,4
ogdeandre,CharlesMBlow,1
ogdeandre,ColossILL,1
ogdeandre,DShepperton,1
ogdeandre,DavidCornDC,1
ogdeandre,Delo_Taylor,1
ogdeandre,DrJillStein,1
ogdeandre,EBONYMag,1
ogdeandre,EricKleefeld,1
ogdeandre,EricLiptonNYT,1
ogdeandre,Fahrenthold,1
ogdeandre,Felonious_munk,1
ogdeandre,FeministSpring,1
ogdeandre,FeministaJones,1
ogdeandre,FrankConniff,1
ogdeandre,GeorgeTakei,1
ogdeandre,HoodAcademic,1
ogdeandre,HumanityCritic,1
ogdeandre,JLCauvin,2
ogdeandre,JSavoly,1
ogdeandre,JamilahLemieux,1
ogdeandre,JeffersonObama,1
ogdeandre,JoyAnnReid,3
ogdeandre,JuddLegum,2
ogdeandre,Karoli,1
ogdeandre,KeithOlbermann,1
ogdeandre,MDBSings,1
ogdeandre,MadameNoire,1
ogdeandre,Maggyw519,1
ogdeandre,MauriceMichael,1
ogdeandre,MitchMcConell,1
ogdeandre,MrNegroMilitant,1
ogdeandre,NBCNews,1
ogdeandre,NerdyWonka,1
ogdeandre,Nettaaaaaaaa,1
ogdeandre,Only4RM,1
ogdeandre,PhilipRucker,1
ogdeandre,RaquelCepeda,1
ogdeandre,RawStory,1
ogdeandre,ReignOfApril,1
ogdeandre,ReutersPolitics,1
ogdeandre,SOimLikeWord,1
ogdeandre,ShaunKing,1
ogdeandre,SopanDeb,1
ogdeandre,TIME,1
ogdeandre,TalibKweli,5
ogdeandre,TheDailyEdge,1
ogdeandre,TheToast2016,3
ogdeandre,VeryWhiteGuy,1
ogdeandre,WhiteHouse,1
ogdeandre,_al_man,1
ogdeandre,alecmunro,1
ogdeandre,amaditalks,2
ogdeandre,ananavarro,1
ogdeandre,angryblackhoemo,1
ogdeandre,bgg2wl,1
ogdeandre,billclunie,1
ogdeandre,blicqer,4
ogdeandre,bomani_jones,1
ogdeandre,bpolitics,1
ogdeandre,breakingpol,1
ogdeandre,cecicardelle,1
ogdeandre,chrisgeidner,1
ogdeandre,commiegirl1,1
ogdeandre,davidplouffe,1
ogdeandre,ddale8,1
ogdeandre,donnabrazile,2
ogdeandre,dougtee,1
ogdeandre,eclecticbrotha,1
ogdeandre,elonjames,1
ogdeandre,emokidsloveme,1
ogdeandre,franceinnyc,1
ogdeandre,greggyb,1
ogdeandre,hillharper,1
ogdeandre,insanityreport,1
ogdeandre,jamisonfoser,1
ogdeandre,jesseberney,1
ogdeandre,jfreewright,2
ogdeandre,jonlovett,1
ogdeandre,juliaioffe,1
ogdeandre,justkatehere,1
ogdeandre,kylegriffin1,2
ogdeandre,lauraolin,1
ogdeandre,mattyglesias,1
ogdeandre,mmfa,1
ogdeandre,modernistwitch,1
ogdeandre,mviser,1
ogdeandre,natureofthings7,1
ogdeandre,nickconfessore,1
ogdeandre,nowthisnews,1
ogdeandre,nxthompson,1
ogdeandre,nycsouthpaw,1
ogdeandre,nytimes,1
ogdeandre,owillis,5
ogdeandre,peaceisactive,1
ogdeandre,politicspodcast,1
ogdeandre,rachelheldevans,1
ogdeandre,racialicious,1
ogdeandre,robdelaney,1
ogdeandre,rodimusprime,3
ogdeandre,sarahkendzior,1
ogdeandre,shadirahimi,1
ogdeandre,shaunadamec,1
ogdeandre,speechboy71,1
ogdeandre,starfishncoffee,1
ogdeandre,stevebenen,1
ogdeandre,tfrontado,1
ogdeandre,thehill,2
ogdeandre,theonlyadult,16
ogdeandre,thetrudz,1
ogdeandre,thewayoftheid,1
ogdeandre,tonygoldwyn,1
ogdeandre,tyleroakley,1
ogdeandre,vicenews,1
ogdeandre,voxkev,1
ogdeandre,wkamaubell,1
ogdeandre,ztsamudzi,1
oh_frida,realDonaldTrump,1
oh_frida,tina_kandelaki,1
onemightyfish,415holgate,1
onemightyfish,AfricanaCarr,1
onemightyfish,AmericanIndian8,8
onemightyfish,AmericanMousa,1
onemightyfish,AnOldLefty,1
onemightyfish,AnasuyaIam,1
onemightyfish,Are0h,1
onemightyfish,AttorneyCrump,1
onemightyfish,AustralianSambo,1
onemightyfish,BeanieJeanatjax,1
onemightyfish,BlackJesuscom,4
onemightyfish,BlackMoses2015,1
onemightyfish,BrianPaulStuart,1
onemightyfish,CNN,1
onemightyfish,DaHomieNick,1
onemightyfish,DanteB4u,1
onemightyfish,Daracho,1
onemightyfish,Delo_Taylor,1
onemightyfish,DivineShabazz,1
onemightyfish,DoItOurWayOrEls,1
onemightyfish,DonCheadle,3
onemightyfish,DrA_AfricanaHU,1
onemightyfish,Equanimous_1,1
onemightyfish,Evan_McMullin,1
onemightyfish,FoxNews,1
onemightyfish,Fusion,1
onemightyfish,HHooversGhost,1
onemightyfish,Headerop1,1
onemightyfish,Hood_Biologist,1
onemightyfish,HuffingtonPost,1
onemightyfish,JamesSurowiecki,1
onemightyfish,JamilSmith,3
onemightyfish,JillFilipovic,1
onemightyfish,JohnLeguizamo,3
onemightyfish,KatyTurNBC,1
onemightyfish,LAWriter,1
onemightyfish,LauriRottmayer,1
onemightyfish,Lee_in_Iowa,1
onemightyfish,LincolnMitchell,1
onemightyfish,MaxBlumenthal,1
onemightyfish,Menemshasunset3,1
onemightyfish,MicheleJawando,1
onemightyfish,MozellKrips,1
onemightyfish,MuhammadAnisah,1
onemightyfish,NYMag,1
onemightyfish,NaYaKnoMi,3
onemightyfish,NateSilver538,1
onemightyfish,NolanHack,4
onemightyfish,OUPAcademic,1
onemightyfish,PrestonMitchum,2
onemightyfish,QueenCLTofNC,1
onemightyfish,RawStory,1
onemightyfish,ReallyDontTrump,1
onemightyfish,Reuters,1
onemightyfish,SabrinaSiddiqui,1
onemightyfish,ShaunKing,3
onemightyfish,SocialIssueNews,1
onemightyfish,TUSK81,1
onemightyfish,TalibKweli,5
onemightyfish,TheDailyEdge,1
onemightyfish,TheNewThinker,2
onemightyfish,TheRealNews,1
onemightyfish,TheRealYoG,3
onemightyfish,VeryWhiteGuy,1
onemightyfish,ZekeJMiller,1
onemightyfish,_WheresSunny,1
onemightyfish,_stellagroovez,1
onemightyfish,activist360,1
onemightyfish,adair_brion,1
onemightyfish,adept2u,5
onemightyfish,ajamubaraka,1
onemightyfish,angelaw676,1
onemightyfish,bakedalaska,1
onemightyfish,blicqer,1
onemightyfish,bodysculptorokc,3
onemightyfish,brianefallon,1
onemightyfish,chinedudiokpa,1
onemightyfish,deray,1
onemightyfish,drantbradley,1
onemightyfish,eclecticbrotha,1
onemightyfish,eileendefreest,1
onemightyfish,emilylhauser,1
onemightyfish,eveewing,1
onemightyfish,frankhowell7911,2
onemightyfish,ggreenwald,2
onemightyfish,jabjimenez,1
onemightyfish,jawillie,2
onemightyfish,jaynordlinger,1
onemightyfish,jenniferd0902,1
onemightyfish,jennydeluxe,1
onemightyfish,johnpavlovitz,1
onemightyfish,kidnoble,1
onemightyfish,kthorjensen,1
onemightyfish,larryelder,2
onemightyfish,mdjacksondallas,1
onemightyfish,mtracey,1
onemightyfish,nautilus1304,1
onemightyfish,nmsaints87124,4
onemightyfish,nytimes,1
onemightyfish,pewresearch,1
onemightyfish,rafalhill,1
onemightyfish,randyshort,13
onemightyfish,realkingrobbo,1
onemightyfish,samswey,1
onemightyfish,sinbadbad,1
onemightyfish,sluggahjells,1
onemightyfish,steph_bello,1
onemightyfish,stopbeingfamous,1
onemightyfish,superlioness1,1
onemightyfish,tbogg,1
onemightyfish,theferocity,1
onemightyfish,thehill,2
oooonlyone,tina_kandelaki,1
ostrovofficer,tina_kandelaki,1
pamblmdaniels,2ysur2ysub,1
pamblmdaniels,ATLBlackStar,1
pamblmdaniels,AceMackMW,2
pamblmdaniels,Ant95four,1
pamblmdaniels,ArtOfMusic_,1
pamblmdaniels,BET,1
pamblmdaniels,Blackamazon,1
pamblmdaniels,CNN,2
pamblmdaniels,ChaelMontgomery,1
pamblmdaniels,ConspiracyWATCH,1
pamblmdaniels,DJ_Scooby,1
pamblmdaniels,DanteB4u,1
pamblmdaniels,DonaldJTrumpJr,1
pamblmdaniels,Dr_Asrat,1
pamblmdaniels,Dreamweasel,1
pamblmdaniels,Elizasoul80,1
pamblmdaniels,GABBYiSACTiVE,1
pamblmdaniels,GruveOn,1
pamblmdaniels,HaroldWNelson,2
pamblmdaniels,HillaryClinton,1
pamblmdaniels,HipHopCaucus,1
pamblmdaniels,HoodieNoCrime,1
pamblmdaniels,IamTiaLondon,1
pamblmdaniels,JOJap227,1
pamblmdaniels,JamesKingJr,1
pamblmdaniels,JamilSmith,3
pamblmdaniels,JustTheSqaud,1
pamblmdaniels,KWWKRADIO,1
pamblmdaniels,KarenCivil,1
pamblmdaniels,KellyannePolls,1
pamblmdaniels,Kris_Sacrebleu,1
pamblmdaniels,LisaFreschi4BoE,1
pamblmdaniels,MSNBC,1
pamblmdaniels,MarlowNYC,1
pamblmdaniels,MoreAndAgain,1
pamblmdaniels,MrNegroMilitant,2
pamblmdaniels,NBCNightlyNews,1
pamblmdaniels,NyleDiMarco,1
pamblmdaniels,P0TUS,1
pamblmdaniels,POTUS,1
pamblmdaniels,PpollingNumbers,1
pamblmdaniels,RawStory,1
pamblmdaniels,RepCharlesNJ,1
pamblmdaniels,Reuters,1
pamblmdaniels,RolandReports,1
pamblmdaniels,Rschooley,1
pamblmdaniels,SCENEWorldWide,1
pamblmdaniels,SarahKSilverman,1
pamblmdaniels,ShaunKing,1
pamblmdaniels,SopanDeb,1
pamblmdaniels,SouthernLady328,1
pamblmdaniels,Sttbs73,1
pamblmdaniels,TVMoJoe,1
pamblmdaniels,TaniaBradkin,1
pamblmdaniels,TariqToure,1
pamblmdaniels,TheNiggaChurch,1
pamblmdaniels,TinaDupuy,1
pamblmdaniels,TransGriot,2
pamblmdaniels,Tuniekc,1
pamblmdaniels,VICE,1
pamblmdaniels,WhatsTrending,1
pamblmdaniels,XMorphPhoenix,1
pamblmdaniels,adbridgeforth,1
pamblmdaniels,afprl,1
pamblmdaniels,aliamissy,1
pamblmdaniels,bangbangSAM,1
pamblmdaniels,becket,1
pamblmdaniels,blicqer,1
pamblmdaniels,boilrain,1
pamblmdaniels,bpolitics,1
pamblmdaniels,breakingnews740,1
pamblmdaniels,common,1
pamblmdaniels,conor64,1
pamblmdaniels,cut_50,1
pamblmdaniels,dagr8fm,1
pamblmdaniels,docrocktex26,2
pamblmdaniels,draesims,1
pamblmdaniels,elizabethforma,1
pamblmdaniels,elonjames,1
pamblmdaniels,frodofied,6
pamblmdaniels,gdebenedetti,1
pamblmdaniels,ggreenwald,2
pamblmdaniels,hibbs101,1
pamblmdaniels,huttonjudith,1
pamblmdaniels,iRhysTay,1
pamblmdaniels,insanityreport,1
pamblmdaniels,jilevin,1
pamblmdaniels,joycejonesnlv,1
pamblmdaniels,lisamw11,1
pamblmdaniels,mattdpearce,1
pamblmdaniels,mrpr,1
pamblmdaniels,owillis,1
pamblmdaniels,rachelbusygrl,1
pamblmdaniels,rolandsmartin,5
pamblmdaniels,ronstew,2
pamblmdaniels,sarahkendzior,1
pamblmdaniels,shomaristone,1
pamblmdaniels,ssamani,1
pamblmdaniels,theblvdmag,1
pamblmdaniels,thehill,2
pamblmdaniels,theintercept,1
pamblmdaniels,tmwinsett,1
pamblmdaniels,tony10Xup,1
pamblmdaniels,willbfree1,1
pamblmdaniels,zimbabwekid,1
pamblmdaniels,ztsamudzi,1
pamela_moore13,America_1st_,2
pamela_moore13,AngeloJohnGage,1
pamela_moore13,Cernovich,1
pamela_moore13,ChristiChat,1
pamela_moore13,EricTrump,1
pamela_moore13,GOP,1
pamela_moore13,JackPosobiec,1
pamela_moore13,JohnKStahlUSA,1
pamela_moore13,KellyannePolls,2
pamela_moore13,LindaSuhler,1
pamela_moore13,March_for_Trump,2
pamela_moore13,MissLizzyNJ,1
pamela_moore13,MissouriNewsUS,2
pamela_moore13,Pamela_Moore13,1
pamela_moore13,PatriotByGod,1
pamela_moore13,PrisonPlanet,2
pamela_moore13,RealJamesWoods,1
pamela_moore13,RealTEN_GOP,1
pamela_moore13,S_T_O_P_TERROR,1
pamela_moore13,SheriffClarke,1
pamela_moore13,TEN_GOP,3
pamela_moore13,TeamTrump,2
pamela_moore13,atensnut,1
pamela_moore13,bakedalaska,1
pamela_moore13,fabrightwing,1
pamela_moore13,jojoh888,1
pamela_moore13,pastormarkburns,1
pamela_moore13,realDonaldTrump,3
pamela_moore13,sweetatertot2,1
pamela_moore13,wikileaks,2
paolakinck,10903,1
paolakinck,4thAnon,1
paolakinck,96bdffa7cb624ef,1
paolakinck,A1Day15,1
paolakinck,ABCPolitics,1
paolakinck,AG_Conservative,1
paolakinck,AJDelgado13,1
paolakinck,AP,2
paolakinck,AbnInfVet,1
paolakinck,AceofSpadesHQ,2
paolakinck,Acosta,1
paolakinck,ActualFlatticus,1
paolakinck,AlBoeNEWS,1
paolakinck,AllenWestRepub,1
paolakinck,AlphaRomeo223,1
paolakinck,AltRights,1
paolakinck,AmerPatriot1,1
paolakinck,AmericasRachel,1
paolakinck,AmyGreggthatsme,1
paolakinck,AmyJDCampbell,1
paolakinck,AnnCoulter,1
paolakinck,AppSame,1
paolakinck,ArtbyAWOHS,1
paolakinck,BAMAPERRY,1
paolakinck,Badbadfox,1
paolakinck,BarberreeMike,1
paolakinck,Bencjacobs,1
paolakinck,Billhic02785574,1
paolakinck,BlackIrishI,1
paolakinck,BlacksWithTrump,1
paolakinck,BlissTabitha,1
paolakinck,BookTyphoon,1
paolakinck,BootStrapzOrg,1
paolakinck,BraddJaffy,1
paolakinck,Braveheart_USA,5
paolakinck,BrianAbelTV,1
paolakinck,Brindle_Girly,1
paolakinck,BruceNV,1
paolakinck,CNN,3
paolakinck,CantStumpTrump1,2
paolakinck,CaptYonah,1
paolakinck,CarmineZozzora,1
paolakinck,CaroleGilman,1
paolakinck,CatholicsTweet,1
paolakinck,Cernovich,3
paolakinck,ChancellorAlpha,1
paolakinck,CharletFaye1,1
paolakinck,Chicago10th,1
paolakinck,Chomes,1
paolakinck,ChrisCoon4,1
paolakinck,ChristiChat,3
paolakinck,ChristieC733,1
paolakinck,ChuckRossDC,1
paolakinck,ChuckUmeboshi,1
paolakinck,CisConfidential,1
paolakinck,CodeAud,1
paolakinck,Conservatexian,4
paolakinck,Conservative_VW,1
paolakinck,ConstanceQueen8,1
paolakinck,Coondawg68,1
paolakinck,Cotton9101,1
paolakinck,CounterMoonbat,2
paolakinck,CraigLedoux,1
paolakinck,CronkiteSays,1
paolakinck,D_B_Harrison,1
paolakinck,DanLtcR,1
paolakinck,DanRiehl,1
paolakinck,DanScavino,2
paolakinck,Darren32895836,1
paolakinck,DavidLimbaugh,1
paolakinck,Dbargen,1
paolakinck,DefendWallSt,1
paolakinck,DeplorableKGBJo,2
paolakinck,DesignerDeb3,1
paolakinck,DiamondandSilk,1
paolakinck,DianneInIndiana,1
paolakinck,DineshDSouza,2
paolakinck,Don_Vito_08,1
paolakinck,DonaldJTrumpJr,2
paolakinck,Doranimated,1
paolakinck,DrJillStein,2
paolakinck,DragonForce_One,1
paolakinck,EasybillBuc,1
paolakinck,EileenTownsend4,1
paolakinck,Emeraldluxury,1
paolakinck,FLConserve941,1
paolakinck,Fahrenthold,1
paolakinck,Federalist46,3
paolakinck,Fingersflying,3
paolakinck,FirebaughNorman,1
paolakinck,FoxBusiness,2
paolakinck,FoxNews,5
paolakinck,Foxtippy1,2
paolakinck,FrankLuntz,1
paolakinck,FredICooK,1
paolakinck,GBPATRIOT_,1
paolakinck,GOP,1
paolakinck,GaetaSusan,1
paolakinck,GenFlynn,1
paolakinck,GlennThrush,1
paolakinck,GoldStarMomTX55,1
paolakinck,Goldthinkers,2
paolakinck,Harlan,1
paolakinck,Hatsfree,1
paolakinck,HenryRops1,2
paolakinck,HillaryClinton,1
paolakinck,HomerWhite,1
paolakinck,Honey17011,1
paolakinck,HourlyPoll,1
paolakinck,HouseCracka,2
paolakinck,InGodIDoTrust,6
paolakinck,InfoHighwayGuy,1
paolakinck,IngrahamAngle,1
paolakinck,Irish_Infidel_7,1
paolakinck,Italians4Trump,2
paolakinck,ItsAlanTroy,1
paolakinck,JBaileysMom,1
paolakinck,JOMainEvent,2
paolakinck,JRTalmadge,1
paolakinck,JWeismonger,1
paolakinck,JackPosobiec,2
paolakinck,JammieWF,2
paolakinck,JaniceTaylor912,1
paolakinck,JenniferJJacobs,1
paolakinck,JerreMorganti4,1
paolakinck,Jjc1Jerry,1
paolakinck,JodiBenedict,1
paolakinck,JoeFreedomLove,1
paolakinck,JohnDupree2,1
paolakinck,JohnKStahlUSA,5
paolakinck,JohnRiversToo,2
paolakinck,JonathanAlpert,1
paolakinck,JosephStanley82,1
paolakinck,Joseph_Brand0,1
paolakinck,Junebug1952,1
paolakinck,KFoleyFL,1
paolakinck,KassyDillon,1
paolakinck,KellyannePolls,4
paolakinck,KimEGoldman,1
paolakinck,KitDaniels1776,1
paolakinck,KnucklDraginSam,2
paolakinck,LLinWood,1
paolakinck,LatinosTrumpUSA,1
paolakinck,Lauren_Lebeda,1
paolakinck,LeahRBoss,1
paolakinck,LibertyHeadline,1
paolakinck,LibertySeeds,7
paolakinck,Libertyworld,1
paolakinck,LindaSuhler,3
paolakinck,Lonman06,1
paolakinck,LordKnighticus,1
paolakinck,Lorrilala,1
paolakinck,LouDobbs,3
paolakinck,LovelaceRyanD,1
paolakinck,Lrihendry,1
paolakinck,LynnKuennen,1
paolakinck,M0L0NL4BE,1
paolakinck,MADE__USA,1
paolakinck,Manni_syd,2
paolakinck,MarcoGutierrez,1
paolakinck,MattMackowiak,1
paolakinck,MaxCUA,1
paolakinck,McCarthythe2nd,1
paolakinck,Mediaite,2
paolakinck,Miami4Trump,2
paolakinck,MichaelCohen212,1
paolakinck,MichelleKOrts10,2
paolakinck,MikePenceVP,1
paolakinck,MikeandDawnNY,1
paolakinck,MiltonWolfMD,1
paolakinck,Mischief2You,1
paolakinck,Morning_Joe,1
paolakinck,MotoWolfe,1
paolakinck,MrSlidewire,1
paolakinck,MsBlaireWhite,1
paolakinck,MsFallFive,1
paolakinck,NRA,1
paolakinck,NahBabyNah,2
paolakinck,NancyRichmond,1
paolakinck,NeilTurner_,1
paolakinck,Neo99934,1
paolakinck,NetworksManager,1
paolakinck,NimbleNavgater,2
paolakinck,NolteNC,4
paolakinck,NomikiKonst,1
paolakinck,NormOrnstein,1
paolakinck,NumbersMuncher,1
paolakinck,Onevote4Trump,1
paolakinck,PMgeezer,1
paolakinck,Pamela_Moore13,1
paolakinck,PantanoLaw,1
paolakinck,PatDollard,3
paolakinck,PatVPeters,3
paolakinck,PatriotByGod,3
paolakinck,PaulBegala,1
paolakinck,PennyDreadful81,2
paolakinck,Phil_Mattingly,1
paolakinck,PhxKen,1
paolakinck,PlatypusApoc,1
paolakinck,PoliticsToday_,1
paolakinck,PrisonPlanet,1
paolakinck,ProLifeRosary,1
paolakinck,REALARMYJUDGE,1
paolakinck,REPUBL_I_CAN,1
paolakinck,RINOPundit,1
paolakinck,RSBNetwork,1
paolakinck,RacySicilian,1
paolakinck,RadioFreeTom,2
paolakinck,RalphSchiano,1
paolakinck,Rambobiggs,1
paolakinck,RandyRRQuaid,1
paolakinck,Ransoms_Note,1
paolakinck,Rasmussen_Poll,1
paolakinck,RealAlexJones,2
paolakinck,RealJamesWoods,1
paolakinck,RealVinnieJames,2
paolakinck,RedEyeFNC,1
paolakinck,Reince,2
paolakinck,RepStevenSmith,1
paolakinck,RexDouglasStock,1
paolakinck,RhonUSA,1
paolakinck,RichardGrenell,1
paolakinck,RickRWells,1
paolakinck,Ricky_Vaughn99,4
paolakinck,RobHoey,1
paolakinck,RonNelson15,1
paolakinck,RonicaCleary,1
paolakinck,S1776frdm,1
paolakinck,SConnorTX,1
paolakinck,STL_Blonde,2
paolakinck,STcom,1
paolakinck,Salon,1
paolakinck,SamuelWhiskey2,1
paolakinck,SandraTXAS,1
paolakinck,ScottAdamsSays,2
paolakinck,SecularKafir,1
paolakinck,ShanaLin4,1
paolakinck,Sheep2Wolves,1
paolakinck,ShillForHillary,1
paolakinck,SillyLunchLady,1
paolakinck,SimonTemplarPV,1
paolakinck,SoCal4Trump,1
paolakinck,SonofLiberty357,2
paolakinck,StacyBrewer18,1
paolakinck,StandUpNOW4usa,2
paolakinck,SteveSGoddard,1
paolakinck,Stevenwhirsch99,3
paolakinck,StopStopHillary,11
paolakinck,SturgisMary,1
paolakinck,Subu44Burke,1
paolakinck,SunKissdNerd,1
paolakinck,Suthen_boy,1
paolakinck,TEN_GOP,2
paolakinck,TPM,1
paolakinck,Tamaralynn212,2
paolakinck,Taniel,1
paolakinck,Tcwater7292Joan,1
paolakinck,TeaPartyNevada,1
paolakinck,TeaPartyOrg,1
paolakinck,TeamTrump,2
paolakinck,TheDonaldNews,1
paolakinck,TheLastRefuge2,1
paolakinck,TheNiggaChurch,1
paolakinck,ThePatriot143,1
paolakinck,TheRalphRetort,1
paolakinck,TheTrumpLady,1
paolakinck,The_Trump_Train,1
paolakinck,The_iKat,1
paolakinck,Thomas1774Paine,5
paolakinck,ThomasBernpaine,1
paolakinck,Timodc,1
paolakinck,TorstenSjoberg,1
paolakinck,TriciaEdwards2,1
paolakinck,Trump2016HQ,1
paolakinck,TrumpMartel,1
paolakinck,TrumpNV,1
paolakinck,TrumpSuperFan,1
paolakinck,Trump_World,3
paolakinck,Trump_time,1
paolakinck,TrumpsGucciGirl,4
paolakinck,TrumpusMaximus,1
paolakinck,TwitchyTeam,1
paolakinck,USAHipster,1
paolakinck,USAforTrump2016,2
paolakinck,US_Army_Vet,2
paolakinck,UTHornsRawk,11
paolakinck,UpYoursTwitr,1
paolakinck,ValuesOfNewYork,1
paolakinck,Vendetta92429,1
paolakinck,VickyBrush,2
paolakinck,VioletaCarieles,1
paolakinck,VoteTrumpPics,1
paolakinck,WBKing3,1
paolakinck,WSCP1,1
paolakinck,WSJ,1
paolakinck,WayneDupreeShow,3
paolakinck,WeNeedTrump,2
paolakinck,WintonCapPtnrs,1
paolakinck,Writeintrump,1
paolakinck,XManSV,2
paolakinck,YoungDems4Trump,1
paolakinck,Youxia88,2
paolakinck,_AltRight_,1
paolakinck,aarontdyson,1
paolakinck,abr601,1
paolakinck,adizzle925,1
paolakinck,adjunctprofessr,1
paolakinck,afezio1952,1
paolakinck,agreatercountry,2
paolakinck,akawhit1,1
paolakinck,al4_trump,1
paolakinck,alanahoff144,1
paolakinck,alexandraheuser,1
paolakinck,ali,1
paolakinck,alivitali,1
paolakinck,americanstrump_,1
paolakinck,amrightnow,31
paolakinck,ancerrone,1
paolakinck,andieiamwhoiam,1
paolakinck,anti_globalists,1
paolakinck,antoniosabatojr,1
paolakinck,anythingbutdem,1
paolakinck,apostlelaurinda,1
paolakinck,asskickymchotti,1
paolakinck,awelch744,1
paolakinck,bakedalaska,1
paolakinck,bakerlarry84,2
paolakinck,baseballcrank,1
paolakinck,bennydiego,1
paolakinck,bfraser747,3
paolakinck,blakehounshell,1
paolakinck,blaubok,1
paolakinck,bloggingcaesar,1
paolakinck,bloodless_coup,1
paolakinck,bocavista2016,1
paolakinck,bogiebeagle2,1
paolakinck,booatticus63,1
paolakinck,c_m_barnhart,1
paolakinck,calidhd,1
paolakinck,cancioal,1
paolakinck,carolfoxlover,1
paolakinck,cbinflux,2
paolakinck,cgpolicyanalyst,1
paolakinck,charlescwcooke,1
paolakinck,cindymannings,1
paolakinck,clanceman65,1
paolakinck,cmdorsey,1
paolakinck,cmrose999,1
paolakinck,col_nj,1
paolakinck,cristinalaila1,1
paolakinck,cturtle31,1
paolakinck,dale_je,1
paolakinck,danbalz,1
paolakinck,dandrezner,1
paolakinck,danielgullo,4
paolakinck,darreldrowland,1
paolakinck,davekoffer,7
paolakinck,dcexaminer,4
paolakinck,ddale8,1
paolakinck,ddeaconblues,1
paolakinck,deaconcruise,1
paolakinck,denis_papusha,1
paolakinck,derekahunter,2
paolakinck,desertpundit,1
paolakinck,dianepe44651138,1
paolakinck,dilemmv,1
paolakinck,docmurdock,1
paolakinck,drscott_atlanta,1
paolakinck,ericbolling,1
paolakinck,expandyourfocus,1
paolakinck,faagifts,2
paolakinck,fackinpeter,1
paolakinck,florida_stevo,1
paolakinck,foxandfriends,3
paolakinck,fpbfpb1,1
paolakinck,fpisano,1
paolakinck,funnicegoodkind,1
paolakinck,gatewaypundit,1
paolakinck,gerfingerpoken,9
paolakinck,gerfingerpoken2,8
paolakinck,ggeett37aaa,1
paolakinck,ggreenwald,1
paolakinck,glennyork,1
paolakinck,gnudarwin,1
paolakinck,gradearadio,1
paolakinck,hale4jesus,2
paolakinck,halsteadg048,1
paolakinck,handymayhem,1
paolakinck,herself311,1
paolakinck,hjimenez42,1
paolakinck,hollyammon,1
paolakinck,hsmythwithaY,1
paolakinck,hughhewitt,1
paolakinck,imat_thebarn,1
paolakinck,isleofcapri777,1
paolakinck,israelwithtrump,1
paolakinck,jaazee1,1
paolakinck,jallenaip,1
paolakinck,jamesradecki,1
paolakinck,janinezacharia,1
paolakinck,jasoninthehouse,1
paolakinck,jdelreal,1
paolakinck,jefiorentino,2
paolakinck,jimdarts311,1
paolakinck,jimlibertarian,1
paolakinck,jko417,1
paolakinck,jlove4dogs,1
paolakinck,jobbers7,1
paolakinck,jojo2727,1
paolakinck,jonathanalter,1
paolakinck,jphotographer,1
paolakinck,jstines3,1
paolakinck,jturnershow,1
paolakinck,jyarow,1
paolakinck,kansasbabe,3
paolakinck,kaplantcnj,1
paolakinck,katiewadington,1
paolakinck,kayleighmcenany,1
paolakinck,keithvlasak,4
paolakinck,keksec__org,1
paolakinck,kentpg,1
paolakinck,kupajo322,1
paolakinck,kwilli1046,1
paolakinck,kyramarat1,1
paolakinck,larryelder,1
paolakinck,lgriuuoq,1
paolakinck,libertarianWE,1
paolakinck,libertarianma,1
paolakinck,littlebytesnews,1
paolakinck,lolli_logan,1
paolakinck,lordxmen2k,2
paolakinck,lorinda1434,1
paolakinck,lorischovanec,1
paolakinck,magnifier661,3
paolakinck,markflesberg,2
paolakinck,markknoller,1
paolakinck,matt768,1
paolakinck,mc_morn,1
paolakinck,mememayo96,1
paolakinck,mgd4161,1
paolakinck,mike_pence,1
paolakinck,mitchellvii,3
paolakinck,mosbacher_mica,1
paolakinck,mouseamos2,1
paolakinck,movement_trump,1
paolakinck,mrmischiefnz,1
paolakinck,mtapscott,1
paolakinck,nepafortrump,1
paolakinck,nightingalern,1
paolakinck,nobigotry,1
paolakinck,nordog13,1
paolakinck,notmyname02,1
paolakinck,ophidianpilot,1
paolakinck,osPatriot,1
paolakinck,parashotz,1
paolakinck,pastorbones,1
paolakinck,patrioticpepe,1
paolakinck,patriots4trump,1
paolakinck,paxdickinson,2
paolakinck,perfectsliders,2
paolakinck,petefrt,3
paolakinck,pgpfoundation,1
paolakinck,philba101,1
paolakinck,phillyrich1,1
paolakinck,postpolitics,1
paolakinck,rafshmatko,2
paolakinck,rayxvelez,1
paolakinck,realDonaldTrump,8
paolakinck,realkingrobbo,1
paolakinck,redalertnow,1
paolakinck,redsteeze,1
paolakinck,reneetheorizes,1
paolakinck,republicknicks,1
paolakinck,revelation16_15,1
paolakinck,robyns323,1
paolakinck,rogerlsimon,1
paolakinck,ronfair43,1
paolakinck,rowast,1
paolakinck,roycan79,1
paolakinck,rtoberl,2
paolakinck,rubycramer,1
paolakinck,sand3633,1
paolakinck,sandyaschneider,1
paolakinck,sandyslove123,1
paolakinck,sarahbellumd,1
paolakinck,saratrump1,1
paolakinck,sawsharee,1
paolakinck,screenwriter,1
paolakinck,seanhannity,2
paolakinck,sepepper,1
paolakinck,sethweathers,1
paolakinck,sinderbrand,1
paolakinck,skyjones55,1
paolakinck,southernarcher,1
paolakinck,sseagalofficial,1
paolakinck,ssheaver,1
paolakinck,steph93065,1
paolakinck,stephenfhayes,1
paolakinck,steve0423,1
paolakinck,sweetatertot2,1
paolakinck,tamaraleighllc,1
paolakinck,tedcruz,1
paolakinck,tekstar77,2
paolakinck,terrymendozer,1
paolakinck,texascampana,1
paolakinck,tfgnews,1
paolakinck,theglobaluniter,1
paolakinck,thehill,1
paolakinck,theratzpack,1
paolakinck,timeIwatch,1
paolakinck,toddschnitt,1
paolakinck,true_pundit,1
paolakinck,trump2016fan,1
paolakinck,tsnowbird5000,2
paolakinck,twright55,1
paolakinck,txexss,1
paolakinck,txlady706,1
paolakinck,tyler_kendro,1
paolakinck,u2biker,1
paolakinck,ubeaccountable2,1
paolakinck,uliw315,1
paolakinck,ustatruck,1
paolakinck,vannsmole,1
paolakinck,varepall,1
paolakinck,w0tn0t,1
paolakinck,warriorwoman91,2
paolakinck,washingtonpost,1
paolakinck,whathteheck,1
paolakinck,whpresscorps,1
paolakinck,wikileaks,2
paolakinck,winegirl73,1
paolakinck,worldgoneweird,1
paolakinck,zgazda66,1
paolakinck,zip90210,2
paolakinck,zpyarom,1
pati_cooper,BigStick2013,1
pati_cooper,CassandraRules,1
pati_cooper,DVATW,2
pati_cooper,MacBethSpeaks,1
pati_cooper,NYC4TRUMP2016,1
pati_cooper,Pati_Cooper,1
pati_cooper,RNRMississippi,1
pati_cooper,SCTeamTrump,1
pati_cooper,davidsirota,1
pati_cooper,michelelfrost,1
pati_cooper,realDonaldTrump,1
patriot_archive,DanScavino,1
patriotblake,0HOUR1__,1
patriotblake,0hour,1
patriotblake,10thAmendment,1
patriotblake,1astrochick,1
patriotblake,21WIRE,1
patriotblake,2ALAW,2
patriotblake,5cottBrown,1
patriotblake,60Minutes,1
patriotblake,80smetalplayer,1
patriotblake,90dayWond3r,1
patriotblake,92LSC,1
patriotblake,AIIAmericanGirI,1
patriotblake,ANOMALY1,2
patriotblake,AZ_Susan,1
patriotblake,AbbyMartinM,1
patriotblake,AbnInfVet,1
patriotblake,AccuracyInMedia,1
patriotblake,ActualFlatticus,1
patriotblake,Adel__Almalki,1
patriotblake,AdrianaStuijt,1
patriotblake,Aldrich420,1
patriotblake,AlwayanAmerican,1
patriotblake,AmericanVoterUS,1
patriotblake,AmyMek,1
patriotblake,AmyWMIGOPTeam,1
patriotblake,An0malyMusic,1
patriotblake,AndrewKH85,1
patriotblake,AngryVoters,1
patriotblake,AnneBayefsky,1
patriotblake,Army5StarScout,1
patriotblake,Auburngirlx,1
patriotblake,AvonIsDonnasBiz,1
patriotblake,Azuri21,1
patriotblake,BCayenneBird,1
patriotblake,BLUpfront,1
patriotblake,Babbsgirl2,1
patriotblake,BakerfaFrank,1
patriotblake,BeachCity55,1
patriotblake,BecketAdams,1
patriotblake,BellTrumpkin,1
patriotblake,BenHowe,1
patriotblake,Benross75,1
patriotblake,Bernie4Indiana,1
patriotblake,BernieOrJill1,2
patriotblake,Beth4Freedom,1
patriotblake,BigStick2013,5
patriotblake,Billright50,1
patriotblake,BillyAllmon,1
patriotblake,BioAnnie1,1
patriotblake,BlackIrishI,1
patriotblake,Black_Chasm,1
patriotblake,Boazziz,1
patriotblake,Bud_Doggin,1
patriotblake,Byrlyne,1
patriotblake,ByronYork,1
patriotblake,CBSNews,1
patriotblake,CCCINNC,1
patriotblake,CEJacksonLaw,1
patriotblake,CJNIII,1
patriotblake,CNN,1
patriotblake,CajunKangaroo,2
patriotblake,CannonballRoll,1
patriotblake,CarlBeijer,1
patriotblake,CarolLe84828745,1
patriotblake,CaseyParksIt,1
patriotblake,CassandraRules,1
patriotblake,CathyHolladay1,1
patriotblake,CelesteHerget,1
patriotblake,Celtic_Barb,1
patriotblake,Cernovich,6
patriotblake,Channel4News,1
patriotblake,CharlieDaniels,1
patriotblake,CheatingHillary,1
patriotblake,ChemJunkie,2
patriotblake,ChrisCoon4,1
patriotblake,Chris_Kruger54,1
patriotblake,ChristiChat,2
patriotblake,CodeAud,1
patriotblake,ConNewsNow,1
patriotblake,ConayH,1
patriotblake,ConradClaviger,1
patriotblake,Conservatexian,3
patriotblake,Conservative_VW,2
patriotblake,ConstanceQueen8,2
patriotblake,Cory_1077,1
patriotblake,CottonCandyMmm,1
patriotblake,CounterMoonbat,1
patriotblake,CoyHamp,1
patriotblake,Craigthepatriot,1
patriotblake,Crazyparklady1,1
patriotblake,DANNYHOAGLAND1,1
patriotblake,DBR96A,1
patriotblake,DBloom451,1
patriotblake,DCleaks_,2
patriotblake,DRUDGE_REPORT,1
patriotblake,Dad_Trump2,1
patriotblake,DailyCaller,1
patriotblake,DanScavino,5
patriotblake,DarkNetXX,1
patriotblake,DarkStream,1
patriotblake,DaveH_RPh,1
patriotblake,Davewellwisher,2
patriotblake,DebAlwaystrump,1
patriotblake,DebtAssassin1,2
patriotblake,Deir_in_DC,1
patriotblake,Denise7Berry,1
patriotblake,DennisBrown222,1
patriotblake,DennisMurphy15,3
patriotblake,DevRacing,1
patriotblake,DiCristo13,1
patriotblake,DiamondandSilk,2
patriotblake,DianeRainie1,1
patriotblake,DickMorrisTweet,1
patriotblake,DineshDSouza,2
patriotblake,DizzyPizzy2,1
patriotblake,Don_Vito_08,3
patriotblake,DonaldGBoudreau,1
patriotblake,DonaldJTrumpJr,2
patriotblake,DougDoodles,2
patriotblake,DrJillStein,1
patriotblake,Duanep5Duane,1
patriotblake,Dylanesque2604,1
patriotblake,EastwoodUSA,2
patriotblake,Eat_shit_obama,1
patriotblake,Edgweater042044,1
patriotblake,EdmundCMoy,1
patriotblake,ElishivaAhmose,1
patriotblake,ElsarioD,1
patriotblake,Emy4Trump,1
patriotblake,EnigmaNetxx,2
patriotblake,EntheosShines,1
patriotblake,EricShapiro3,1
patriotblake,Evan_McMullin,1
patriotblake,ExposeHillary,1
patriotblake,FBIRecordsVault,1
patriotblake,FacMagnaAmerica,1
patriotblake,FartzbergCox,1
patriotblake,Fb1Marissa,2
patriotblake,FeelingBern,1
patriotblake,FemalesForTrump,3
patriotblake,Filterlbc,1
patriotblake,Flewbys,1
patriotblake,Flkittie,1
patriotblake,FoneboneJay,1
patriotblake,FoxBusiness,2
patriotblake,FoxNews,6
patriotblake,France4Hillary,1
patriotblake,GODSsight,1
patriotblake,GOP,1
patriotblake,GOPoversight,1
patriotblake,GUCCIFER_2,1
patriotblake,GabbiesR,1
patriotblake,GadflyMorse,1
patriotblake,GartrellLinda,1
patriotblake,Gary273597981,1
patriotblake,Gatortrapper,1
patriotblake,Gdad1,1
patriotblake,GeenaJagger,1
patriotblake,Girrali,1
patriotblake,GlitchDesire,1
patriotblake,GogiGogi12,1
patriotblake,GoldStarMomTX55,1
patriotblake,GordonPress,1
patriotblake,GovtsTheProblem,1
patriotblake,GuyChicago5151,1
patriotblake,HAGOODMANAUTHOR,1
patriotblake,HRC4Prison,1
patriotblake,HaleyTessIsis,1
patriotblake,HalleyBorderCol,2
patriotblake,Harlan,4
patriotblake,HawkinsUSA,1
patriotblake,Herb_Slojewski,1
patriotblake,HouseCracka,1
patriotblake,HoustonWelder,1
patriotblake,Humans_vs_Trump,1
patriotblake,Hutch_USA,1
patriotblake,ILoveBernie1,1
patriotblake,I_Bokonon,1
patriotblake,Ian56789,1
patriotblake,Informedwoman10,1
patriotblake,IngrahamAngle,2
patriotblake,Italians4Trump,2
patriotblake,IvankaTrump,1
patriotblake,JAPITTER,1
patriotblake,JAmy208,1
patriotblake,JBaileysMom,1
patriotblake,JDB10101,1
patriotblake,JHolmsted,1
patriotblake,JMJLyons,1
patriotblake,JVER1,1
patriotblake,JackPolakoff,1
patriotblake,JackPosobiec,4
patriotblake,JamesOKeefeIII,2
patriotblake,JamesS020770,1
patriotblake,Janetlarose1,1
patriotblake,JaniBetancoirt,1
patriotblake,JaredWyand,3
patriotblake,JayMillerCA,1
patriotblake,JayS2629,1
patriotblake,JoePerticone,1
patriotblake,Joe_America1776,2
patriotblake,JohnAvatar,1
patriotblake,JohnFromCranber,2
patriotblake,JohnKStahlUSA,2
patriotblake,JonStall2009,1
patriotblake,JordanChariton,3
patriotblake,JoshNoneYaBiz,1
patriotblake,JuanEsMuyBueno,1
patriotblake,Juliet777777,1
patriotblake,Junior444,1
patriotblake,Just_a_Texan,1
patriotblake,KB_Indy,1
patriotblake,KLSouth,2
patriotblake,KOkOStyles4,1
patriotblake,Kacy1000,1
patriotblake,Kaladious,1
patriotblake,Kalozap,1
patriotblake,KamVTV,2
patriotblake,KarenJSki,1
patriotblake,KeithOlbermann,1
patriotblake,KellyannePolls,4
patriotblake,KidsDyingOnRez,1
patriotblake,Kimmie_marieme,1
patriotblake,Kimsparrow13,1
patriotblake,KipezerNEWS,1
patriotblake,KirkLarkin,1
patriotblake,Knight276,1
patriotblake,KrisParonto,1
patriotblake,Lagartija_Nix,1
patriotblake,LainieYennie,1
patriotblake,LarryvilleLaw1,1
patriotblake,LastWave2014,1
patriotblake,Laura_A_Diaz,1
patriotblake,LibertyHacking,1
patriotblake,LifecoachNV16,1
patriotblake,LilSoCalGal,1
patriotblake,LilSteelerGirl,1
patriotblake,LindaSuhler,9
patriotblake,Livefree4today,1
patriotblake,Loofie68msncom2,1
patriotblake,LorenceHud,1
patriotblake,LouDobbs,4
patriotblake,Lrihendry,5
patriotblake,LynoMN,1
patriotblake,MAGovSamAdams,1
patriotblake,MCCNP,1
patriotblake,MLDM333,1
patriotblake,MOVEFORWARDHUGE,1
patriotblake,MSNBC,2
patriotblake,MahreVee,1
patriotblake,MajorCBS,1
patriotblake,Manni_syd,1
patriotblake,Marc_Smash,1
patriotblake,MarcoGutierrez,1
patriotblake,MarcusCurtis15,1
patriotblake,MattOswaltVA,1
patriotblake,MaxSteel747,1
patriotblake,MazurekRob,1
patriotblake,MdlMurray,1
patriotblake,MediaNewsPost,1
patriotblake,Miami4Trump,6
patriotblake,MickBlair54,1
patriotblake,MiddleClazzMom,1
patriotblake,MikeBates,1
patriotblake,MikePenceVP,1
patriotblake,MissLizzyNJ,1
patriotblake,MonicaCrowley,1
patriotblake,MoniqueCook20,1
patriotblake,MrEdTrain,1
patriotblake,MrVeritas,1
patriotblake,NOn_Humans_here,1
patriotblake,NYTnickc,1
patriotblake,Nehemiah2_18,1
patriotblake,NetworksManager,1
patriotblake,NewsRepublicans,1
patriotblake,NewsTodayUS,1
patriotblake,NickKristof,1
patriotblake,NimbleNavgater,1
patriotblake,NinaDontPlayMtG,1
patriotblake,NoGOPNo,1
patriotblake,NolteNC,6
patriotblake,NotJoshEarnest,1
patriotblake,NubianAwakening,2
patriotblake,OMAROSA,1
patriotblake,OathKeeper101st,1
patriotblake,ObligedFriend,1
patriotblake,Ohboyboy22,1
patriotblake,OkKelly22,1
patriotblake,OldLinePatriot,1
patriotblake,OldMarine1,1
patriotblake,OldwenJones,1
patriotblake,OliverLawrenceI,1
patriotblake,OmanReagan,1
patriotblake,OneandOnlyTina,1
patriotblake,OpLGBTQ,1
patriotblake,OurRevolution,1
patriotblake,OurRevolution2,1
patriotblake,OverTheMoonbat,3
patriotblake,Oxco,1
patriotblake,PDN_Spring,1
patriotblake,PJStrikeForce,2
patriotblake,POLITICAL_Jeff,2
patriotblake,Pamela_Moore13,1
patriotblake,PascoRevolution,1
patriotblake,PastorOmayra,1
patriotblake,PatVPeters,2
patriotblake,Patrici15767099,1
patriotblake,PatriciaAHenso1,1
patriotblake,PatrickArnold6,1
patriotblake,PaulObrienUSA,1
patriotblake,PhxKen,1
patriotblake,PhyllisHart16,2
patriotblake,PlaysTrumpCard,1
patriotblake,PoliticalAnt,1
patriotblake,Politician_News,1
patriotblake,Politics1com,1
patriotblake,PoliticsNewz,1
patriotblake,PoliticsPeach,2
patriotblake,PollyTickal,1
patriotblake,Porkjack,1
patriotblake,Portosj81J,1
patriotblake,PrisonPlanet,6
patriotblake,ProLifeRosary,1
patriotblake,QLDOnline,1
patriotblake,QuinnBx,1
patriotblake,RNRFlorida,1
patriotblake,RSBNetwork,1
patriotblake,R_n_GA,1
patriotblake,RadioAnna,1
patriotblake,RainforthRegina,1
patriotblake,RasalaDebra,1
patriotblake,RawDawgBuffalo,1
patriotblake,RealAlexJones,3
patriotblake,RealDJTrumpTeam,1
patriotblake,RealJamesWoods,4
patriotblake,RealScottErnst,1
patriotblake,RealTimBlack,2
patriotblake,RealVinnieJames,1
patriotblake,ReneeCarrollPhx,1
patriotblake,RepStevenSmith,1
patriotblake,Republicanangel,1
patriotblake,RichardTBurnett,1
patriotblake,RichardWeaving,1
patriotblake,RickRWells,3
patriotblake,Rictracee,1
patriotblake,RitzyBacon2,1
patriotblake,RobertH35632482,1
patriotblake,Rockprincess818,1
patriotblake,RockyMtRed,1
patriotblake,RosemryS,1
patriotblake,Ruthperricone,1
patriotblake,RuthsFiance,1
patriotblake,Ryan__Hyman,1
patriotblake,RynoOnAir,1
patriotblake,SANDRAKAY01,1
patriotblake,Samtu78,1
patriotblake,SandraTXAS,1
patriotblake,Sandylatin16,1
patriotblake,SatiricalMuse,1
patriotblake,SavageNation,2
patriotblake,SaveMain_St,1
patriotblake,SayLaHeyHey,1
patriotblake,Sblaine77,1
patriotblake,ScottWLovesYou,1
patriotblake,SeaDimon,1
patriotblake,SenatorRonbo,1
patriotblake,Sensei__J5,1
patriotblake,SerpentWraith,1
patriotblake,Seth_Unger,1
patriotblake,Shalabeya555,1
patriotblake,ShennaFoxMusic,1
patriotblake,SheriffClarke,1
patriotblake,SilERabbit,1
patriotblake,Slate,1
patriotblake,SmurfBoobs,1
patriotblake,SpecialKMB1969,1
patriotblake,SscottSsmith84,1
patriotblake,StatesPoll,6
patriotblake,StefanMolyneux,3
patriotblake,StephanBraun81,1
patriotblake,SterlingDavid,1
patriotblake,StevePieczenik,1
patriotblake,Stevenwhirsch99,1
patriotblake,Stonewall_77,1
patriotblake,StopStopHillary,3
patriotblake,SupaScoopa_,4
patriotblake,Surfpicks,1
patriotblake,SusanStopsongs,1
patriotblake,SylviaHandwerg4,1
patriotblake,TEN_GOP,5
patriotblake,TMacWalsh,1
patriotblake,TRUTHonBENGHAZI,1
patriotblake,TalkNerdyToMe72,1
patriotblake,TallahForTrump,3
patriotblake,TeachNotGive,1
patriotblake,TeamTrump,6
patriotblake,TheBeat_Boss,2
patriotblake,TheBpDShow,1
patriotblake,TheDonaldNews,2
patriotblake,TheFix,1
patriotblake,ThePatriot143,1
patriotblake,TheRalphRetort,1
patriotblake,TheSaintsWatch,1
patriotblake,TheVoiceOfPaulR,1
patriotblake,TheWelshTwitt,1
patriotblake,TheWesten,1
patriotblake,TheYoungTurks,1
patriotblake,TheeSilverBug,1
patriotblake,ThepolicitictoD,1
patriotblake,Thomas1774Paine,1
patriotblake,ThunderBlazing,1
patriotblake,TickTalkPress,1
patriotblake,TnTrumpFan1,1
patriotblake,TomFitton,1
patriotblake,TomRosenblum,1
patriotblake,ToscaAusten,1
patriotblake,TracyAChambers,1
patriotblake,TrishIntel,1
patriotblake,Trishawillie,1
patriotblake,Trmpwin,1
patriotblake,Truestoryclub,1
patriotblake,Trump4Hope,1
patriotblake,TrumpDynastyUSA,2
patriotblake,TrumpFever2016,2
patriotblake,TrumpLovesUSA,1
patriotblake,TrumpNV,1
patriotblake,TrumpNewss,1
patriotblake,TrumpStudents,1
patriotblake,TrumpSuperPAC,1
patriotblake,TrumpVolume,2
patriotblake,TrumpVsHilary,2
patriotblake,Trump_Videos,1
patriotblake,Trump_World,1
patriotblake,TrumpisPatriot,1
patriotblake,Tuniekc,1
patriotblake,TwitchyTeam,1
patriotblake,Twititings,1
patriotblake,Twitlertwit,1
patriotblake,USA1stAlways,1
patriotblake,USAforTrump2016,2
patriotblake,USAneedsTRUMP,4
patriotblake,USPatriotMike87,1
patriotblake,USofAPatriot777,1
patriotblake,UlikeUkeep,1
patriotblake,UnPoliticalPrty,1
patriotblake,UtahGOP,1
patriotblake,VICE_NZ,1
patriotblake,V_of_Europe,1
patriotblake,Valgo1975,1
patriotblake,Varneyco,1
patriotblake,Vendetta92429,1
patriotblake,Veteran4Trump,2
patriotblake,VickyBrush,3
patriotblake,VictorLynnAvera,1
patriotblake,VijayIngam,1
patriotblake,VivaLaAmes,3
patriotblake,Vote4JillStein1,1
patriotblake,Vote4TrumpPrez,1
patriotblake,VoteTrumpPics,1
patriotblake,WDFx2EU5,2
patriotblake,WDFx2EU7,3
patriotblake,WDFx2EU8,3
patriotblake,WayneRoot,1
patriotblake,WdemocracyNews,1
patriotblake,WeLoveJillStein,4
patriotblake,WeNeedTrump,5
patriotblake,Weekends4Bernie,1
patriotblake,Western_Triumph,1
patriotblake,WhatUpJnJ,1
patriotblake,WhirlwindWisdom,1
patriotblake,WikiLeaksShop,1
patriotblake,Wingzblessed,1
patriotblake,Workers4Trump,1
patriotblake,WouterZwart,1
patriotblake,Wutevuh,1
patriotblake,YesIamMadAsHell,1
patriotblake,YoungDems4Trump,2
patriotblake,YourAnonNews,1
patriotblake,_Makada_,1
patriotblake,_RealValentina_,1
patriotblake,abowersock,1
patriotblake,acobasi,1
patriotblake,adamjohnsonNYC,1
patriotblake,alisonkingNECN,1
patriotblake,amiraminiMD,2
patriotblake,amrightnow,9
patriotblake,amyapple0,1
patriotblake,andersonDrLJA,1
patriotblake,asamjulian,2
patriotblake,ashbylaw,1
patriotblake,avanconia,1
patriotblake,bad_bad_bernie,2
patriotblake,bajabetty3,1
patriotblake,barracuda78,1
patriotblake,bbl58,1
patriotblake,berningman16,1
patriotblake,bfraser747,3
patriotblake,blackdeplorable,1
patriotblake,blaubok,1
patriotblake,bonnersherry5,2
patriotblake,brenz1,2
patriotblake,brianmcarey,1
patriotblake,bzoet1,1
patriotblake,carrieksada,1
patriotblake,catwoody20,1
patriotblake,cciedotnyc,1
patriotblake,charliespiering,1
patriotblake,chicagomedic,1
patriotblake,chillinginLV,1
patriotblake,chng0115,1
patriotblake,ckensingtn,2
patriotblake,claudia_stauber,1
patriotblake,cmtesi,1
patriotblake,cokey318,1
patriotblake,comermd,1
patriotblake,constantino_sam,1
patriotblake,dAmAgEeFFeCt,1
patriotblake,d_seaman,1
patriotblake,dailykos,1
patriotblake,danielgullo,1
patriotblake,davecatanese,1
patriotblake,davidsirota,6
patriotblake,dawngpsalm63,2
patriotblake,dcexaminer,3
patriotblake,ddkernan,1
patriotblake,deptofinfamy,1
patriotblake,dmartosko,1
patriotblake,docmorry,1
patriotblake,donnatella_moss,1
patriotblake,dontfup,1
patriotblake,dovorah001,1
patriotblake,dreamedofdust,1
patriotblake,dwlinzy,1
patriotblake,eaglefeather43,1
patriotblake,eavesdropann,1
patriotblake,ejoy2270,1
patriotblake,elwright2020,1
patriotblake,emineno435,1
patriotblake,eskaigama,1
patriotblake,farrightgregy,3
patriotblake,fastgirlonafelt,1
patriotblake,finy06,1
patriotblake,flappybernie001,1
patriotblake,flatwalk,1
patriotblake,flee8250aolcom,1
patriotblake,flitedocnm,1
patriotblake,foxandfriends,1
patriotblake,foxnation,1
patriotblake,francisdominicu,1
patriotblake,frankgaffney,1
patriotblake,franselb,1
patriotblake,froomkin,1
patriotblake,fussaboy,1
patriotblake,fxnopinion,1
patriotblake,gabrielmalor,1
patriotblake,gatewaypundit,2
patriotblake,gerfingerpoken,1
patriotblake,gerfingerpoken2,1
patriotblake,ggreenwald,2
patriotblake,giveawaymayo,1
patriotblake,gizmoroot,1
patriotblake,government_list,1
patriotblake,greenberg,1
patriotblake,greeneyes0084,1
patriotblake,groggygirl85,1
patriotblake,gs777gs777,1
patriotblake,gspdogs12,1
patriotblake,gutiemary,1
patriotblake,halo121371,1
patriotblake,halsteadg048,1
patriotblake,hapabud,1
patriotblake,harpus88,1
patriotblake,heavenlyitalian,1
patriotblake,hectormorenco,1
patriotblake,herewegokids7,2
patriotblake,holdem00,1
patriotblake,hoosierworld,1
patriotblake,hopingforachang,1
patriotblake,horizonwalled,1
patriotblake,iGOPguy,1
patriotblake,idawhannadoyou,1
patriotblake,immigrant4trump,3
patriotblake,instapundit,1
patriotblake,intheknow1798,1
patriotblake,ish10040,1
patriotblake,jcormier365,1
patriotblake,jeffkessock,1
patriotblake,jerome_corsi,1
patriotblake,jerrywe07276761,1
patriotblake,jhjanie1,1
patriotblake,jimmylemons,1
patriotblake,joej2020usa,1
patriotblake,johnjoh60,1
patriotblake,johnpaulprice69,1
patriotblake,johnx5555,1
patriotblake,joles4019,1
patriotblake,jonhabart,1
patriotblake,joshtpm,1
patriotblake,joyreaper,1
patriotblake,jujubee_84,1
patriotblake,justmetmc,1
patriotblake,jwoodham,1
patriotblake,kadyalexis,1
patriotblake,kap_chan,1
patriotblake,kausmickey,1
patriotblake,kentpg,1
patriotblake,kerpen,1
patriotblake,kevinburke2,1
patriotblake,khan_alysia,1
patriotblake,khuxford,1
patriotblake,kierobar,1
patriotblake,kittenkk,1
patriotblake,krystalth2183,1
patriotblake,kttk234567,1
patriotblake,lacrossefan4evr,1
patriotblake,laughterhopesok,1
patriotblake,lbrot1,1
patriotblake,les_pendleton,1
patriotblake,levidriz,1
patriotblake,lhfang,1
patriotblake,lionelverney,1
patriotblake,los001979,1
patriotblake,m_baz,1
patriotblake,mackette52,1
patriotblake,magnifier661,1
patriotblake,mama_sees,1
patriotblake,margaretwxii,1
patriotblake,maxime7,1
patriotblake,maxine41823,1
patriotblake,mclatterbu,1
patriotblake,mcuban,1
patriotblake,michaelallenmar,1
patriotblake,michaelkeyes,1
patriotblake,mike4193496,1
patriotblake,mike_pence,4
patriotblake,mikehuboky,1
patriotblake,mikekirbyone,1
patriotblake,mikeo159,1
patriotblake,mikewil102,1
patriotblake,miksu2006,1
patriotblake,mitchellvii,10
patriotblake,mollyday15,1
patriotblake,mopsley,1
patriotblake,mrntweet2,1
patriotblake,mugetsu42069,1
patriotblake,nanci_pray2jc,1
patriotblake,nanonug69,1
patriotblake,news4JG,1
patriotblake,newyorkgenius,1
patriotblake,nobigotry,1
patriotblake,number1green,1
patriotblake,panegron,1
patriotblake,partystraws,1
patriotblake,pastormarkburns,1
patriotblake,patrioticpepe,1
patriotblake,peabodypress,1
patriotblake,peepscount,1
patriotblake,petefrt,1
patriotblake,pharris830,1
patriotblake,phil200269,1
patriotblake,phred320,1
patriotblake,poodbit499,1
patriotblake,puppymnkey,1
patriotblake,queengost,1
patriotblake,rafalhill,1
patriotblake,rafshmatko,3
patriotblake,realDonaldTrump,10
patriotblake,realjunsonchan,1
patriotblake,realkingrobbo,1
patriotblake,realmrrite,1
patriotblake,rebeccaballhaus,1
patriotblake,relombardo3,1
patriotblake,renomarky,1
patriotblake,rescuetracker81,1
patriotblake,reuvenir,1
patriotblake,risetoflyy,1
patriotblake,rkf1215,1
patriotblake,robert_joones,1
patriotblake,robynlynn62,1
patriotblake,rogblake1,1
patriotblake,rogerkinkaid,3
patriotblake,rsultzba,1
patriotblake,sabine_durden,1
patriotblake,salfromflushing,1
patriotblake,samijs1,1
patriotblake,sandyaschneider,1
patriotblake,sar_oso,1
patriotblake,sarahcwestwood,1
patriotblake,saratrump1,1
patriotblake,seanhannity,2
patriotblake,seanspicer,2
patriotblake,sheila06942158,1
patriotblake,sherigreatfalls,1
patriotblake,shoegoddesss,1
patriotblake,sialusa,1
patriotblake,siamericanvoter,1
patriotblake,slava381977,1
patriotblake,sledfast597,1
patriotblake,soulphoodie,1
patriotblake,sparks1017,1
patriotblake,starknightz,1
patriotblake,steph93065,3
patriotblake,stesfamariam,1
patriotblake,steve0423,1
patriotblake,stmpinfortrump,1
patriotblake,stranchell,1
patriotblake,sunbeam_53,1
patriotblake,superlioness1,1
patriotblake,surfermom77,1
patriotblake,sweetatertot2,1
patriotblake,takingitall2000,1
patriotblake,tbird_goinggalt,1
patriotblake,teresa_marple,1
patriotblake,terri_smith,1
patriotblake,theRealJoeydood,1
patriotblake,theRza2u,1
patriotblake,theglobaluniter,1
patriotblake,thehill,3
patriotblake,thelarsongroup,1
patriotblake,therealroseanne,1
patriotblake,thewobbleeffect,1
patriotblake,thomassfl,1
patriotblake,timeIwatch,1
patriotblake,timkaine,1
patriotblake,tracieeeeee,1
patriotblake,troypotter27,1
patriotblake,true_pundit,1
patriotblake,trump_democrat,1
patriotblake,trumpamerican,1
patriotblake,trumpforwin,1
patriotblake,trumpology,2
patriotblake,tteegar,1
patriotblake,twood_tweets,1
patriotblake,txcelat,1
patriotblake,umpire43,1
patriotblake,vademocrats,1
patriotblake,vivelafra,5
patriotblake,voter4freedom,1
patriotblake,weknowwhatsbest,1
patriotblake,wikileaks,2
patriotblake,wvufanagent99,1
patriotblake,wwdisme,1
patriotblake,xavvypls,5
patriotblake,xsevenx,1
patriotblake,yasennia_,1
patriotblake,youlivethrice,1
patriotblake,yournewswire,1
patriotblake,yourstruly9912,1
patriotblake,zachhaller,1
patriotblake,zerohedge,1
patriotka_rusi,CNN,1
patriotka_rusi,HuffPostPol,1
patriotka_rusi,RT_com,2
patriotka_rusi,TrumpD2016,1
patriototus,realDonaldTrump,1
patriotraphael,ChristiChat,1
patriotraphael,DrJillStein,1
patriotraphael,I_AmAmerica,1
patriotraphael,IngrahamAngle,1
patriotraphael,Inspire_Us,1
patriotraphael,ItsAReckoning,1
patriotraphael,JeffSanchezz,1
patriotraphael,Juliet777777,1
patriotraphael,LauraWilsonGal,1
patriotraphael,LessGovMoreFun,1
patriotraphael,MABardino,1
patriotraphael,PJStrikeForce,1
patriotraphael,PatriotGinger2,2
patriotraphael,THETXEMBASSY,1
patriotraphael,TalkNerdyToMe72,1
patriotraphael,TodMoore3,1
patriotraphael,WYMamaBon,2
patriotraphael,WeNeedTrump,1
patriotraphael,amrightnow,5
patriotraphael,cristinalaila1,1
patriotraphael,firstcircle12,2
patriotraphael,jstines3,1
patriotraphael,magnifier661,1
patriotraphael,movement_trump,1
patriotraphael,noblebarnes87,1
patriotraphael,patrick_hostis,1
patriotraphael,saracohennyc,1
patriotraphael,tinavandi,1
paulinett,AngryBlackLady,1
paulinett,BenjaminNorton,1
paulinett,BernieSanders,1
paulinett,BlackjediNow,2
paulinett,Blavity,1
paulinett,BookRageStuff,1
paulinett,BraddJaffy,1
paulinett,CBSNews,1
paulinett,ChiCityPam,1
paulinett,CletisStump,1
paulinett,Crystal1Johnson,1
paulinett,DDTax,1
paulinett,Deadline,1
paulinett,Delo_Taylor,5
paulinett,DemFromCT,1
paulinett,ForecasterEnten,3
paulinett,HaroldItz,1
paulinett,HeatherWeaverDC,1
paulinett,JoyAnnReid,2
paulinett,KFILE,1
paulinett,Ljay90,1
paulinett,MattMurph24,1
paulinett,MsPackyetti,2
paulinett,NewDay,1
paulinett,Noahpinion,1
paulinett,OhLordTaylore,1
paulinett,Parkour_Lewis,1
paulinett,Phil_Lewis_,1
paulinett,PoliticsReid,1
paulinett,PpollingNumbers,1
paulinett,ProfessorCrunk,1
paulinett,Queen_UK,1
paulinett,Redistrict,1
paulinett,SandraDunsmoor,2
paulinett,SchreckReports,1
paulinett,ShaunKing,2
paulinett,SheenBean32,1
paulinett,SymoneDSanders,1
paulinett,TBRescueLady,1
paulinett,TPM,1
paulinett,TVietor08,2
paulinett,TalibKweli,1
paulinett,TheDailyEdge,1
paulinett,TomthunkitsMind,1
paulinett,VeryWhiteGuy,1
paulinett,WaveOfActionApp,1
paulinett,XLNB,1
paulinett,ZaibatsuNews,12
paulinett,activist360,2
paulinett,benchmarkpol,1
paulinett,bitsyblingbooks,1
paulinett,blicqer,28
paulinett,brianefallon,1
paulinett,channingj,1
paulinett,chinedudiokpa,1
paulinett,chrislhayes,2
paulinett,deja1422,1
paulinett,denngree,1
paulinett,donilo252525,1
paulinett,ericmwalker,1
paulinett,fivefifths,1
paulinett,garhuka2009,1
paulinett,hairmich42,1
paulinett,jaberard,1
paulinett,khanknee,5
paulinett,kylegriffin1,1
paulinett,londonkebabs,1
paulinett,lukebroadwater,1
paulinett,mcurryfelidae07,1
paulinett,nytpolitics,1
paulinett,oliviafaix,1
paulinett,originalspin,3
paulinett,politico,1
paulinett,quinncy,1
paulinett,roseplazo,1
paulinett,sarahkendzior,1
paulinett,scottbix,1
paulinett,soledadobrien,1
paulinett,soulful_chica,1
paulinett,thick95,1
paulinett,wikileaks,1
paulinett,yottapoint,3
paulinett,younggwhite,1
peterkistner,SPIEGELONLINE,1
peterkistner,yasyueksel,1
peytoncashout,ABCLiz,1
peytoncashout,AceMackMW,1
peytoncashout,AzaniaJustice,1
peytoncashout,DanteB4u,1
peytoncashout,HillaryClinton,1
peytoncashout,Inc,1
peytoncashout,JamilSmith,1
peytoncashout,JamilesLartey,1
peytoncashout,KeepitRealTea,1
peytoncashout,LVBurke,1
peytoncashout,MiaFarrow,1
peytoncashout,MrJakerson,1
peytoncashout,NBCPolitics,1
peytoncashout,NaYaKnoMi,1
peytoncashout,PattiaGarder,2
peytoncashout,ProfKFH,1
peytoncashout,RadidaG,1
peytoncashout,Rob_Coh,1
peytoncashout,TalibKweli,2
peytoncashout,TearsInHeaven09,1
peytoncashout,TheDailyEdge,1
peytoncashout,Travon,1
peytoncashout,Yamiche,1
peytoncashout,_UhuruNews_,1
peytoncashout,adbridgeforth,1
peytoncashout,ahumorlessfem,1
peytoncashout,bingwisdom,1
peytoncashout,blicqer,1
peytoncashout,cjcmichel,1
peytoncashout,djolder,2
peytoncashout,frodofied,1
peytoncashout,jdesmondharris,1
peytoncashout,johnrampton,1
peytoncashout,jojokejohn,1
peytoncashout,jonrog1,1
peytoncashout,kurteichenwald,1
peytoncashout,lex_looper,1
peytoncashout,lhfang,1
peytoncashout,margaretresin,1
peytoncashout,marlasue01,1
peytoncashout,mosaicgraffiti,1
peytoncashout,msjbe20a,1
peytoncashout,newsone,1
peytoncashout,obaa_boni,1
peytoncashout,richardhine,1
peytoncashout,rolandsmartin,1
peytoncashout,taradublinrocks,1
peytoncashout,thehill,1
peytoncashout,theintercept,1
policestateme,danmericaCNN,1
politweecs,CNNPolitics,1
politweecs,Politweecs,1
ponomarevslav,BI_Defense,1
ponomarevslav,DaysOfTrump,1
ponomarevslav,Nigel_Farage,1
ponomarevslav,RT_America,5
ponomarevslav,RT_com,3
ponomarevslav,ScottsHumor,1
ponomarevslav,ValLisitsa,1
ponomarevslav,narod_detektiv,1
ponomarevslav,realDonaldTrump,1
ponomarevslav,wikileaks,1
prettylaraplace,100PercFEDUP,1
prettylaraplace,1VoiceMatters,1
prettylaraplace,1truprophet,1
prettylaraplace,2016GetOverIt,3
prettylaraplace,208actor,1
prettylaraplace,20committee,1
prettylaraplace,2ALAW,3
prettylaraplace,4TheJerseyKid,1
prettylaraplace,AFPPennsylvania,1
prettylaraplace,AIIAmericanGirI,1
prettylaraplace,AJDelgado13,1
prettylaraplace,ARnews1936,4
prettylaraplace,AbnInfVet,5
prettylaraplace,AceofSpadesHQ,1
prettylaraplace,AlexisinNH,1
prettylaraplace,AlleyCatBIues,1
prettylaraplace,Always_Trump,1
prettylaraplace,AmerPatriot1,1
prettylaraplace,American1765,2
prettylaraplace,AmericanLandsCn,1
prettylaraplace,AmericanMex067,1
prettylaraplace,AmericanSoWoke,4
prettylaraplace,AmyMek,2
prettylaraplace,AndrewStilesUSA,1
prettylaraplace,AnnCoulter,2
prettylaraplace,AnnaCohenZodek,1
prettylaraplace,AshleyEdam,1
prettylaraplace,AuditTheMedia,1
prettylaraplace,Babbsgirl2,1
prettylaraplace,Bencjacobs,1
prettylaraplace,Benni__24,1
prettylaraplace,BertAnderson,1
prettylaraplace,BillKristol,1
prettylaraplace,BillyHallowell,1
prettylaraplace,BlackManTrump,1
prettylaraplace,Bluesman57,1
prettylaraplace,BocaLegend,1
prettylaraplace,Braveheart_USA,3
prettylaraplace,BrianLehrer,1
prettylaraplace,CNM_Michael,1
prettylaraplace,CaliforniaPanda,1
prettylaraplace,Callisto1947,1
prettylaraplace,Carma_2012,1
prettylaraplace,CarmineZozzora,13
prettylaraplace,CarriWeatherwax,1
prettylaraplace,Cernovich,1
prettylaraplace,CharlesOrtel,1
prettylaraplace,ChrisIbby,1
prettylaraplace,ChristiChat,7
prettylaraplace,ChuckNellis,1
prettylaraplace,ChuckRossDC,1
prettylaraplace,Church_Militant,1
prettylaraplace,ClosetTrumper,1
prettylaraplace,CobraTheMean,1
prettylaraplace,ConNewsNow,1
prettylaraplace,CondZero1,1
prettylaraplace,Conservative_VW,1
prettylaraplace,Craigthepatriot,4
prettylaraplace,Crash_MacDuff,1
prettylaraplace,CronkiteSays,1
prettylaraplace,CuffyMeh,1
prettylaraplace,CuomoWatch,1
prettylaraplace,CuriousBen1,1
prettylaraplace,DBloom451,2
prettylaraplace,DMashak,8
prettylaraplace,DRUDGE_REPORT,2
prettylaraplace,DaBigC_,1
prettylaraplace,DailyCaller,1
prettylaraplace,DanRiehl,1
prettylaraplace,DanScavino,2
prettylaraplace,DarkNetXX,1
prettylaraplace,DarkVoid255,1
prettylaraplace,Darren32895836,2
prettylaraplace,DeplorableMark1,1
prettylaraplace,DineshDSouza,1
prettylaraplace,DonaldJTrumpJr,1
prettylaraplace,DrMartyFox,3
prettylaraplace,Eagle_Vision,1
prettylaraplace,ElianaBenador,5
prettylaraplace,ElliottRHams,1
prettylaraplace,EricDavisMiddVT,1
prettylaraplace,Erwin_Vasily,1
prettylaraplace,EsotericCD,1
prettylaraplace,Eugene357,1
prettylaraplace,FFL_of_America,1
prettylaraplace,FedUpAmerican5,1
prettylaraplace,FeliciaBGomez,1
prettylaraplace,FiveRights,3
prettylaraplace,Flewbys,1
prettylaraplace,FoxNews,4
prettylaraplace,Franklin_Graham,1
prettylaraplace,FredZeppelin12,2
prettylaraplace,FreeDavidKing,15
prettylaraplace,GLFOP,1
prettylaraplace,GOPBlackChick,1
prettylaraplace,GR8_2B_alive,1
prettylaraplace,GartrellLinda,1
prettylaraplace,GatestoneInst,1
prettylaraplace,GemMar333,1
prettylaraplace,GenCarvel,1
prettylaraplace,GenFlynn,4
prettylaraplace,GeneLingerfelt,1
prettylaraplace,GeneMcVay,1
prettylaraplace,GregAbbott_TX,1
prettylaraplace,GrrrGraphics,1
prettylaraplace,HAGOODMANAUTHOR,1
prettylaraplace,HWDRepublican,1
prettylaraplace,HalleyBorderCol,1
prettylaraplace,Hardcase726,1
prettylaraplace,Harmony_Nation,1
prettylaraplace,HaveAnErikaDay,1
prettylaraplace,Heritage,1
prettylaraplace,HowieCarrShow,1
prettylaraplace,HuffPostPol,1
prettylaraplace,InGodIDoTrust,5
prettylaraplace,InesdLC,1
prettylaraplace,IngrahamAngle,1
prettylaraplace,IntheLoneStar,1
prettylaraplace,JHilly72,1
prettylaraplace,JamesOKeefeIII,1
prettylaraplace,Janetlarose1,1
prettylaraplace,JaredWyand,4
prettylaraplace,JasonMillerinDC,3
prettylaraplace,Jenn_Abrams,1
prettylaraplace,JessieJaneDuff,2
prettylaraplace,JimMaisano,1
prettylaraplace,JimmyPrinceton,1
prettylaraplace,Joe_America1776,1
prettylaraplace,JohnGHendy,1
prettylaraplace,JohnRLottJr,1
prettylaraplace,John_16_2,1
prettylaraplace,JrcheneyJohn,1
prettylaraplace,JudicialWatch,4
prettylaraplace,KDORR_USA,2
prettylaraplace,KNP2BP,1
prettylaraplace,Kasparov63,1
prettylaraplace,Kathyshappier,1
prettylaraplace,Kelly62u,1
prettylaraplace,KellyannePolls,1
prettylaraplace,Kevin6RonPaul,1
prettylaraplace,KimBrame,1
prettylaraplace,KimwithpanacheG,1
prettylaraplace,KyleKunkler,1
prettylaraplace,LRRMV,1
prettylaraplace,LaurenLaurs,1
prettylaraplace,LeahR77,6
prettylaraplace,LessGovMoreFun,4
prettylaraplace,LilMissRightie,1
prettylaraplace,LindaSuhler,17
prettylaraplace,LodiSilverado,1
prettylaraplace,LogicalCampaign,1
prettylaraplace,LouDobbs,5
prettylaraplace,Lrihendry,1
prettylaraplace,LynnePatton,1
prettylaraplace,MADE__USA,1
prettylaraplace,MDidaskalos,1
prettylaraplace,MStuart1970,4
prettylaraplace,MZHemingway,1
prettylaraplace,MadameRamotswe,1
prettylaraplace,MagicRoyalty,1
prettylaraplace,MarieMa49685063,1
prettylaraplace,MarkDice,1
prettylaraplace,MaxBoot,1
prettylaraplace,McCarthythe2nd,1
prettylaraplace,MediaMan2009,1
prettylaraplace,MedianPolitics,3
prettylaraplace,Miami4Trump,1
prettylaraplace,Micha_Joy,1
prettylaraplace,MrEdTrain,1
prettylaraplace,NDCTrump,1
prettylaraplace,Newsday,1
prettylaraplace,NickAPappas,4
prettylaraplace,NolteNC,6
prettylaraplace,NubianAwakening,3
prettylaraplace,NumbersMuncher,1
prettylaraplace,PJStrikeForce,1
prettylaraplace,PMgeezer,1
prettylaraplace,ParkergirlUSA,1
prettylaraplace,PaulNickBukur,1
prettylaraplace,PeterAFinocchio,1
prettylaraplace,PhotoshopTruth,1
prettylaraplace,PinkkrushG,1
prettylaraplace,PoliticalKathy,1
prettylaraplace,PoliticalShort,1
prettylaraplace,PoliticsToday_,1
prettylaraplace,PpollingNumbers,2
prettylaraplace,PrisonPlanet,6
prettylaraplace,ProudInfidel33,1
prettylaraplace,RJGatorEsq,1
prettylaraplace,RacySicilian,1
prettylaraplace,RealJBradly,1
prettylaraplace,RealJamesWoods,2
prettylaraplace,Reince,1
prettylaraplace,RepPeteKing,1
prettylaraplace,RichardWeaving,1
prettylaraplace,RickCanton,3
prettylaraplace,Roark__,1
prettylaraplace,Ryan__Hyman,1
prettylaraplace,SaRallo79,1
prettylaraplace,SandraTXAS,5
prettylaraplace,SatiricalMuse,3
prettylaraplace,ScarletRoseRed,1
prettylaraplace,Scarlett210,2
prettylaraplace,ScottAdamsSays,4
prettylaraplace,ScottPresler,1
prettylaraplace,SecureAmerica,1
prettylaraplace,SheriffClarke,3
prettylaraplace,ShillForHillary,1
prettylaraplace,SopanDeb,1
prettylaraplace,SouthLoneStar,1
prettylaraplace,Stevenwhirsch99,1
prettylaraplace,StikNtheMud,1
prettylaraplace,StmblngBlockhed,1
prettylaraplace,Stonewall_77,1
prettylaraplace,Suffragio,1
prettylaraplace,SuzanneFoubert,1
prettylaraplace,TEN_GOP,1
prettylaraplace,T_Duups,1
prettylaraplace,TallahForTrump,1
prettylaraplace,TeamTrump,8
prettylaraplace,TeresaEdelglass,1
prettylaraplace,ThankYouBernie,1
prettylaraplace,TheLearningKirb,1
prettylaraplace,ThePatriot143,8
prettylaraplace,TheRebelTV,1
prettylaraplace,TheRickWilson,1
prettylaraplace,TheTrumpLady,1
prettylaraplace,TocRadio,1
prettylaraplace,TomFitton,1
prettylaraplace,TomLlamasABC,1
prettylaraplace,Toni_Price,1
prettylaraplace,TrumpDynastyUSA,1
prettylaraplace,TrumpMyPres,1
prettylaraplace,TrumpSuperPAC,1
prettylaraplace,TrumpsDisciple1,1
prettylaraplace,Trumptbird,1
prettylaraplace,USAHipster,1
prettylaraplace,USA_Gunslinger,2
prettylaraplace,UnPoliticalPrty,1
prettylaraplace,VA_GOP,1
prettylaraplace,VickyBrush,1
prettylaraplace,WSJ,1
prettylaraplace,WakeupNeo1,1
prettylaraplace,WayneDupreeShow,3
prettylaraplace,WeNeedTrump,2
prettylaraplace,YouCallWeHaul6,1
prettylaraplace,alaskantexanQCT,1
prettylaraplace,alidisti,1
prettylaraplace,america_trump,1
prettylaraplace,andersonDrLJA,5
prettylaraplace,andieiamwhoiam,1
prettylaraplace,anny4462,1
prettylaraplace,antoniosabatojr,1
prettylaraplace,asamjulian,2
prettylaraplace,ba1202,1
prettylaraplace,bfraser747,7
prettylaraplace,blackdeplorable,1
prettylaraplace,blhills,1
prettylaraplace,brianmcarey,1
prettylaraplace,brookieashh,1
prettylaraplace,camboviet,1
prettylaraplace,carolinagirl63,6
prettylaraplace,chuckwoolery,5
prettylaraplace,col_nj,2
prettylaraplace,conens46,2
prettylaraplace,const_liberty1,1
prettylaraplace,corrcomm,1
prettylaraplace,coxly1,1
prettylaraplace,cristinalaila1,2
prettylaraplace,crosswindlive,2
prettylaraplace,danielwesley0,1
prettylaraplace,dawngpsalm63,1
prettylaraplace,deplorablelori,1
prettylaraplace,dj_dwjohns1,1
prettylaraplace,dmb1031,1
prettylaraplace,dodisor9999,1
prettylaraplace,douglasernst,1
prettylaraplace,dovorah001,2
prettylaraplace,dukebob888,1
prettylaraplace,dumbasscowboy,1
prettylaraplace,eli_mari78,1
prettylaraplace,enosh_langat,1
prettylaraplace,eye2winner,1
prettylaraplace,fibarda,1
prettylaraplace,floridaguy267,1
prettylaraplace,frankgaffney,1
prettylaraplace,gatewaypundit,1
prettylaraplace,gerfingerpoken,5
prettylaraplace,ggeett37aaa,4
prettylaraplace,gperky1,1
prettylaraplace,guntrust,6
prettylaraplace,healthandcents,1
prettylaraplace,immigrant4trump,1
prettylaraplace,imtracywilson1,1
prettylaraplace,instapundit,1
prettylaraplace,jamestaranto,1
prettylaraplace,jimasher,3
prettylaraplace,joelpollak,3
prettylaraplace,jstines3,6
prettylaraplace,jtLOL,1
prettylaraplace,justicehunter,1
prettylaraplace,justinamash,1
prettylaraplace,kailashwg,1
prettylaraplace,katlivezey,1
prettylaraplace,kdubrn,1
prettylaraplace,keeplibertyorg,1
prettylaraplace,kentpg,1
prettylaraplace,larryelder,1
prettylaraplace,laweez,1
prettylaraplace,lesstaxingcpa,5
prettylaraplace,magnifier661,2
prettylaraplace,marc_lotter,1
prettylaraplace,markflesberg,1
prettylaraplace,marypatriott,1
prettylaraplace,mcuban,1
prettylaraplace,michaeljohns,1
prettylaraplace,mikandynothem,1
prettylaraplace,mike_pence,1
prettylaraplace,mitchellvii,1
prettylaraplace,mtjordanhunter,1
prettylaraplace,non_fiction8,1
prettylaraplace,ouchinagirl,1
prettylaraplace,paynej247,1
prettylaraplace,phil200269,2
prettylaraplace,pmatas,3
prettylaraplace,politicalmath,1
prettylaraplace,reagangalpal,1
prettylaraplace,realDonaldTrump,6
prettylaraplace,realkingrobbo,1
prettylaraplace,redsteeze,3
prettylaraplace,rickybobby90210,1
prettylaraplace,rltychckpls,1
prettylaraplace,robynanne,1
prettylaraplace,rsultzba,1
prettylaraplace,rwhitmmx,1
prettylaraplace,seanmdav,1
prettylaraplace,shannoneffects1,1
prettylaraplace,sialusa,1
prettylaraplace,skoczela,1
prettylaraplace,sl_patriot,1
prettylaraplace,smitty_one_each,1
prettylaraplace,spyguy8080,1
prettylaraplace,steph93065,7
prettylaraplace,stephenstephan,1
prettylaraplace,surfermom77,1
prettylaraplace,swshaps3,1
prettylaraplace,tamaraleighllc,1
prettylaraplace,terrymendozer,1
prettylaraplace,thehill,2
prettylaraplace,tk_atty,1
prettylaraplace,tomferrari,1
prettylaraplace,trump2016fan,1
prettylaraplace,ultraconcept,1
prettylaraplace,ustatruck,2
prettylaraplace,venus58,1
prettylaraplace,w4djt,1
prettylaraplace,washingtonpost,1
prettylaraplace,weknowwhatsbest,2
prettylaraplace,wikileaks,6
prettylaraplace,wrmead,1
prettylaraplace,wtfnewsamerica,2
prettylaraplace,yahoo451_dave,1
priceforpierce,BryceMcBitchin,1
priceforpierce,ByronSwartz1,1
priceforpierce,CounterJihadRp,1
priceforpierce,CounterJihadUS,1
priceforpierce,DanaGeezus,1
priceforpierce,DenverPrincess8,1
priceforpierce,DonaldJTrumpJr,1
priceforpierce,Frances_D,2
priceforpierce,Inspire_Us,1
priceforpierce,JudeLambertUSA,2
priceforpierce,Juliet777777,2
priceforpierce,LauraBaeley,4
priceforpierce,LeroyLovesUSA,2
priceforpierce,LibertySeeds,1
priceforpierce,Logan_WhatsUp,1
priceforpierce,PatriotBlake,1
priceforpierce,RyanMaxwell_1,1
priceforpierce,Shooters_Wife,1
priceforpierce,THETXEMBASSY,1
priceforpierce,TalkNerdyToMe72,1
priceforpierce,The_Anti_Fox,4
priceforpierce,The_Trump_Train,1
priceforpierce,TodMoore3,1
priceforpierce,acb4values,2
priceforpierce,amrightnow,6
priceforpierce,amronsomar,1
priceforpierce,cassishere,1
priceforpierce,cindy_crawley,1
priceforpierce,cristinalaila1,1
priceforpierce,davidsirota,1
priceforpierce,heyits_toby,1
priceforpierce,hollandpatrickk,1
priceforpierce,impiousdigest,1
priceforpierce,jstines3,2
priceforpierce,millennialviews,1
priceforpierce,movement_trump,1
priceforpierce,neverhillary,1
priceforpierce,patrick_hostis,1
priceforpierce,polishprincessh,1
priceforpierce,realDonaldTrump,3
priceforpierce,sandgnatlawson,1
priceforpierce,saracohennyc,1
priceforpierce,sodamncheesy,1
priceforpierce,sow_with_vision,2
puddin_leto,NevskyAlexandr,1
puredavie,ATHEIST_Blessed,1
puredavie,Adrienne_GG,1
puredavie,AlegnaDas,1
puredavie,AlexKollet,1
puredavie,AndyHashtagger,3
puredavie,AnnoGalactic,1
puredavie,BGarner2107,1
puredavie,Booth_Prince,1
puredavie,BoyGirlStuff,1
puredavie,CumuloPhallus,2
puredavie,DanaGeezus,3
puredavie,DominicValent,8
puredavie,ESPEZY,1
puredavie,ErikHandy,1
puredavie,FightNowAmerica,1
puredavie,Gamiliell,1
puredavie,GiselleEvns,18
puredavie,IlikeBIGbuttand,1
puredavie,Jarmadillos,1
puredavie,Jasper_Fly,1
puredavie,JefLeeson,2
puredavie,JmsCoxxx,1
puredavie,KathieMrr,3
puredavie,Longhairleeroy,1
puredavie,MelvinSRoberts,1
puredavie,Michael_Oh2L,1
puredavie,Obambulator,1
puredavie,OnPirateSat,1
puredavie,Pheramuse,1
puredavie,PixieGiggles33,1
puredavie,PolitiFact,1
puredavie,Pootie_Tang666,1
puredavie,PresidentJeffPJ,1
puredavie,Shane_Rodenbeck,2
puredavie,Solely_Toya,1
puredavie,Sttbs73,1
puredavie,SugarGretel,1
puredavie,Sweetiepiee,1
puredavie,T_Bonezzz_,1
puredavie,TaraSetmayer,1
puredavie,TeamOlitz4Eva,1
puredavie,TheFoundingSon,1
puredavie,TheScottfather,1
puredavie,TimKcomic,1
puredavie,TuttlePatriarch,1
puredavie,Voycer100,1
puredavie,XQueenAckermanX,1
puredavie,Z4RT4N,1
puredavie,bigmacher,1
puredavie,brightandglory,2
puredavie,cascaseyp,1
puredavie,chiefplan1,2
puredavie,eddywaraich91,1
puredavie,emokmich,1
puredavie,explicitweetz,3
puredavie,fatalmocking,1
puredavie,kearns_neil,1
puredavie,kevin_m_hart,1
puredavie,kuzco890,1
puredavie,lgmaterna,1
puredavie,lilylanphear,1
puredavie,meyer2311,1
puredavie,queenofthewo,1
puredavie,randilynisin,1
puredavie,rhonlirob,1
puredavie,squatchdiary,1
puredavie,stephencgrant,1
puredavie,sweet_melissa06,1
puredavie,taradublinrocks,1
puredavie,theclobra,2
puredavie,therealezway,1
puredavie,wishiwasatiger,1
puredavie,xNICKTAYLORx,1
queennarielle,2DopeBoyz,1
queennarielle,ABCPolitics,1
queennarielle,AmericanIndian8,1
queennarielle,BEAYAHUS,1
queennarielle,ConnieSchultz,1
queennarielle,Duckpon12,1
queennarielle,EricBoehlert,2
queennarielle,GopAaron,1
queennarielle,HipHopNewsOne,1
queennarielle,JSavoly,1
queennarielle,KeithOlbermann,1
queennarielle,Khanoisseur,1
queennarielle,LOLGOP,1
queennarielle,MastaOfMp3s,1
queennarielle,MattMurph24,1
queennarielle,MaxBoot,1
queennarielle,MichaelSteele,1
queennarielle,MrNegroMilitant,1
queennarielle,NickTimiraos,1
queennarielle,POLITICOMag,1
queennarielle,Pammie629,1
queennarielle,Politics_PR,1
queennarielle,Russian_Starr,1
queennarielle,SchoofsFeed,1
queennarielle,TEN_GOP,1
queennarielle,TariqToure,2
queennarielle,TruthOuter,1
queennarielle,Tuniekc,1
queennarielle,WhiteHouse,1
queennarielle,blicqer,2
queennarielle,goldengateblond,1
queennarielle,id_gordon,1
queennarielle,jameswest2010,1
queennarielle,jojokejohn,1
queennarielle,kdog0126,1
queennarielle,nmeyersohn,1
queennarielle,nycsouthpaw,1
queennarielle,sfcpoll,1
queennarielle,thehill,1
queennarielle,voxdotcom,1
queenofthewo,8Flibble,1
queenofthewo,AlexaKaySam,1
queenofthewo,AnnoGalactic,3
queenofthewo,AtomicElbow1,2
queenofthewo,B_GADDY,1
queenofthewo,BabyJannyMeow,3
queenofthewo,BigEnuff,1
queenofthewo,Booth_Prince,1
queenofthewo,Carlswall,1
queenofthewo,CassieWeltch,1
queenofthewo,ChrixMorgan,1
queenofthewo,CoolChris_007,1
queenofthewo,CumuloPhallus,1
queenofthewo,DaileyJadon,5
queenofthewo,Daleyinsanity,1
queenofthewo,Danzig303,5
queenofthewo,Dreamweasel,1
queenofthewo,EricWolfson,1
queenofthewo,FightNowAmerica,1
queenofthewo,GG70882020,1
queenofthewo,Gab1Aldana,1
queenofthewo,Gamiliell,1
queenofthewo,GeffGefferson1,1
queenofthewo,HellieEdwards,1
queenofthewo,HisGraceArron,1
queenofthewo,I_am_not_E,1
queenofthewo,JDKnite,2
queenofthewo,JackCarrWasHere,2
queenofthewo,JefLeeson,2
queenofthewo,JohnFPLane,1
queenofthewo,JonesCali1970,1
queenofthewo,KathieMrr,1
queenofthewo,KeswickPinhead,1
queenofthewo,KimmieB_71,1
queenofthewo,KipperNY42,1
queenofthewo,LLCalrissian,1
queenofthewo,LiddoSophie,1
queenofthewo,Loca2733Mc,1
queenofthewo,Makeitstop99,1
queenofthewo,Nwosechiweike,1
queenofthewo,PresidentJeffPJ,1
queenofthewo,ProblemChildFil,1
queenofthewo,Realpolitiki,1
queenofthewo,SavageKingRob,1
queenofthewo,SeeDaneRun,1
queenofthewo,SethGoodtime,1
queenofthewo,Shane_Rodenbeck,1
queenofthewo,Sttbs73,1
queenofthewo,Sweetiepiee,1
queenofthewo,TGJones_62,1
queenofthewo,T_Bonezzz_,1
queenofthewo,TaraSetmayer,1
queenofthewo,TheFoundingSon,2
queenofthewo,TheYuleKnight,1
queenofthewo,TimKcomic,1
queenofthewo,TrumpWeiners4,1
queenofthewo,Vnorman007,1
queenofthewo,WhiteCollarCMDY,1
queenofthewo,YeukaiGo,1
queenofthewo,borforall,1
queenofthewo,bryanbehar,1
queenofthewo,cynthiajones11,1
queenofthewo,effiekling,1
queenofthewo,explicitweetz,2
queenofthewo,hashtag_darren,1
queenofthewo,iSAL9000,1
queenofthewo,im_srishabh21,2
queenofthewo,lisa5gk,1
queenofthewo,lokikittie,1
queenofthewo,meyer2311,1
queenofthewo,mr_clampin,1
queenofthewo,neverhipster,1
queenofthewo,p2j303,1
queenofthewo,queenofthewo,1
queenofthewo,ryanfield,1
queenofthewo,silverdoe2,1
queenofthewo,stormynights10,1
queenofthewo,taradublinrocks,1
queenofthewo,theclobra,2
queenofthewo,truthusmaximus,1
ramonasnails,ABCLiz,1
ramonasnails,AriMelber,2
ramonasnails,Bagofpoo,1
ramonasnails,BenjySarlin,1
ramonasnails,BlackToLive,1
ramonasnails,BlackjediNow,1
ramonasnails,CarlBialik,1
ramonasnails,CharlotteAlter,1
ramonasnails,CheriJacobus,1
ramonasnails,CommonCause,1
ramonasnails,Crystal1Johnson,2
ramonasnails,DanteB4u,2
ramonasnails,DavidCornDC,1
ramonasnails,Delo_Taylor,2
ramonasnails,DrissTemsamani,1
ramonasnails,GideonResnick,1
ramonasnails,Gwmitchell151,1
ramonasnails,HillaryClinton,1
ramonasnails,JM_Ashby,1
ramonasnails,LOLGOP,1
ramonasnails,MattMurph24,3
ramonasnails,MichelleHux,1
ramonasnails,MotherJones,1
ramonasnails,Nate_Cohn,1
ramonasnails,Only_After_Ours,1
ramonasnails,OpFerguson,1
ramonasnails,PeoplesMediaLA,1
ramonasnails,SteveKopack,1
ramonasnails,TEK_OG,1
ramonasnails,TalibKweli,1
ramonasnails,TeddyDavisCNN,1
ramonasnails,TraceeEllisRoss,1
ramonasnails,Watson3172,1
ramonasnails,WhiteHouse,1
ramonasnails,XLNB,2
ramonasnails,Xomfort,1
ramonasnails,ZaibatsuNews,14
ramonasnails,apt1403,1
ramonasnails,arishmaryshow,1
ramonasnails,ashleylynch,1
ramonasnails,blicqer,25
ramonasnails,bobcesca_go,1
ramonasnails,bpolitics,1
ramonasnails,davidminpdx,1
ramonasnails,deray,1
ramonasnails,digby56,1
ramonasnails,dissentingj,1
ramonasnails,docrocktex26,1
ramonasnails,growing0up0girl,1
ramonasnails,jmartNYT,1
ramonasnails,jpbrammer,1
ramonasnails,khanknee,1
ramonasnails,kurteichenwald,1
ramonasnails,kylegriffin1,1
ramonasnails,maddow,1
ramonasnails,owillis,1
ramonasnails,pixelatedboat,1
ramonasnails,prophetsofrage,1
ramonasnails,rolandsmartin,1
ramonasnails,samswey,1
ramonasnails,scgoodgy23,1
ramonasnails,sgrant525,1
ramonasnails,soigne_metaphor,1
ramonasnails,thehill,1
ramonasnails,tobyharnden,1
ramonasnails,trueblacknews,4
randolphburrr,AustralianSambo,1
randolphburrr,Baddiel,1
randolphburrr,BenefitVBurden,1
randolphburrr,BlackInformant,1
randolphburrr,Blackamazon,1
randolphburrr,Blavity,1
randolphburrr,CNRush,1
randolphburrr,CapehartJ,2
randolphburrr,DannyZuker,1
randolphburrr,DanteB4u,1
randolphburrr,FeministaJones,2
randolphburrr,FollowLikeJazG,1
randolphburrr,Fusion,2
randolphburrr,GlennThrush,1
randolphburrr,HeerJeet,1
randolphburrr,JamilSmith,4
randolphburrr,JoyAnnReid,8
randolphburrr,MickieMo,1
randolphburrr,MikeOLoughlin,1
randolphburrr,MsPackyetti,2
randolphburrr,NBCNews,1
randolphburrr,NaphiSoc,1
randolphburrr,NateSilver538,1
randolphburrr,NewYorkerRadio,1
randolphburrr,PoliticusSarah,1
randolphburrr,SCHockaday,1
randolphburrr,SabrinaSiddiqui,1
randolphburrr,ShaneGoldmacher,1
randolphburrr,T_dot_Lee_PhD,1
randolphburrr,TalibKweli,3
randolphburrr,TheAuracl3,1
randolphburrr,TheToast2016,1
randolphburrr,Upworthy,1
randolphburrr,andreagrimes,1
randolphburrr,blackvoices,2
randolphburrr,bpolitics,1
randolphburrr,carloslcurbelo,1
randolphburrr,chrislhayes,1
randolphburrr,clmazin,1
randolphburrr,connichameleon,1
randolphburrr,constantnatalie,1
randolphburrr,darrensands,1
randolphburrr,darth,1
randolphburrr,donilo252525,1
randolphburrr,donnabrazile,2
randolphburrr,eilperin,1
randolphburrr,ericuman,1
randolphburrr,fakerapper,2
randolphburrr,iJesseWilliams,1
randolphburrr,jamisonfoser,1
randolphburrr,jbarro,1
randolphburrr,jteeDC,1
randolphburrr,kylegriffin1,1
randolphburrr,ljoywilliams,2
randolphburrr,marcussimmonscc,1
randolphburrr,mcgregormt,1
randolphburrr,mmfa,2
randolphburrr,ndrew_lawrence,1
randolphburrr,nealcarter,1
randolphburrr,owillis,5
randolphburrr,pollreport,1
randolphburrr,robcamacho,1
randolphburrr,scolleluori,1
randolphburrr,scottbix,1
randolphburrr,snipy,1
randolphburrr,starfishncoffee,1
randolphburrr,steph_bello,1
randolphburrr,stksans,1
randolphburrr,thedailybeast,1
randolphburrr,theonlyadult,9
randolphburrr,thewayoftheid,1
randolphburrr,washingtonpost,1
randolphburrr,wkamaubell,1
randolphburrr,zellieimani,1
ravenicholson,4everhbreezy3,1
ravenicholson,ABC,1
ravenicholson,AlbertHoward360,2
ravenicholson,AmericanIndian8,4
ravenicholson,AnnTelnaes,1
ravenicholson,Are0h,1
ravenicholson,ArthurA_P,1
ravenicholson,BitterOldPunk,1
ravenicholson,BlackJesuscom,1
ravenicholson,BlackjediNow,3
ravenicholson,Blavity,1
ravenicholson,BradleyOwen2,1
ravenicholson,BrentNYT,1
ravenicholson,CNN,2
ravenicholson,ConnieSchultz,1
ravenicholson,Craigipedia,1
ravenicholson,DVYancey,1
ravenicholson,DaHomieNick,2
ravenicholson,DaroldCuba,1
ravenicholson,DavidCornDC,1
ravenicholson,DeLunaVintage,1
ravenicholson,DonCheadle,4
ravenicholson,Eclectablog,1
ravenicholson,Equanimous_1,2
ravenicholson,ErickFernandez,1
ravenicholson,Fresh_Flames1,1
ravenicholson,HAMMTASTIC_,1
ravenicholson,HollaBlackGirl,1
ravenicholson,Honey17011,1
ravenicholson,JChaunte,1
ravenicholson,JamesSurowiecki,1
ravenicholson,JamilSmith,1
ravenicholson,JohnLeguizamo,3
ravenicholson,JoyAnnReid,1
ravenicholson,Kemetic_Kitty,1
ravenicholson,LeaBlackMiami,1
ravenicholson,LoveAndShalom,1
ravenicholson,MHarrisPerry,1
ravenicholson,MarcieBianco,1
ravenicholson,MozellKrips,3
ravenicholson,NaYaKnoMi,5
ravenicholson,NolanHack,2
ravenicholson,OldLadyMitch,1
ravenicholson,PoliticsPeach,1
ravenicholson,ReneNewell,1
ravenicholson,RobbieSherwood,1
ravenicholson,Russian_Starr,1
ravenicholson,SamGriot,2
ravenicholson,SandersFirmPC,1
ravenicholson,SandiDeMita,1
ravenicholson,SarahKSilverman,1
ravenicholson,ShaunKing,1
ravenicholson,SusanSarandon,1
ravenicholson,TalibKweli,5
ravenicholson,Taniel,1
ravenicholson,TheDemocrats,1
ravenicholson,TheRealYoG,4
ravenicholson,TimAeppel,1
ravenicholson,TooDistantLover,1
ravenicholson,Travon,1
ravenicholson,VeryWhiteGuy,1
ravenicholson,WesSmith123,1
ravenicholson,WonderWoman934,1
ravenicholson,Yamiche,1
ravenicholson,ZaibatsuNews,1
ravenicholson,ZeddRebel,1
ravenicholson,ZekeJMiller,1
ravenicholson,activist360,3
ravenicholson,adept2u,5
ravenicholson,alexis_levinson,1
ravenicholson,allinwithchris,1
ravenicholson,anthoknees,1
ravenicholson,atensnut,1
ravenicholson,benchmarkpol,1
ravenicholson,blackrepublican,1
ravenicholson,blogdiva,1
ravenicholson,bobcesca_go,1
ravenicholson,bodysculptorokc,5
ravenicholson,dcbigjohn,1
ravenicholson,deray,2
ravenicholson,egg509,1
ravenicholson,emmetoneal,1
ravenicholson,farwzaz,1
ravenicholson,frankhowell7911,1
ravenicholson,ggreenwald,1
ravenicholson,gwenifill,1
ravenicholson,jakebeckman,1
ravenicholson,jawillie,2
ravenicholson,jonfavs,1
ravenicholson,kthomas901,1
ravenicholson,larryelder,1
ravenicholson,laurenduca,1
ravenicholson,lolalolita0,1
ravenicholson,nmsaints87124,6
ravenicholson,nytimes,1
ravenicholson,patrickhealynyt,1
ravenicholson,petersuderman,1
ravenicholson,pittgriffin,1
ravenicholson,pollreport,1
ravenicholson,randyshort,16
ravenicholson,resnikoff,1
ravenicholson,riotwomennn,1
ravenicholson,robertfranek,1
ravenicholson,sacca,1
ravenicholson,sherlockmichael,1
ravenicholson,sinbadbad,2
ravenicholson,sluggahjells,1
ravenicholson,steph_bello,1
ravenicholson,thebluemaverick,1
ravenicholson,trueblacknews,1
ravenicholson,tyleroakley,1
ravenicholson,vlyngil,1
ravenicholson,wikileaks,2
razvedchica_,RT_America,3
razvedchica_,RT_com,8
razvedchica_,Russ_Warrior,1
razvedchica_,SputnikNewsUS,1
razvedchica_,TEN_GOP,1
razvedchica_,TeamTrump,1
razvedchica_,ahmadalissa,1
razvedchica_,lkaPolitical,1
razvedchica_,narod_detektiv,1
razvedchica_,woodys3333,1
realrobert1987,AppSame,1
realrobert1987,ArthurAngell,1
realrobert1987,ArtoftheDealPAC,1
realrobert1987,ByronSwartz1,1
realrobert1987,Callisto1947,1
realrobert1987,CounterJihadUS,1
realrobert1987,DrJillStein,1
realrobert1987,IngrahamAngle,1
realrobert1987,JohnFromCranber,1
realrobert1987,Juliet777777,1
realrobert1987,LessGovMoreFun,1
realrobert1987,Scow0857,1
realrobert1987,THETXEMBASSY,1
realrobert1987,USCG_MOM,1
realrobert1987,UTHornsRawk,1
realrobert1987,WayneDupreeShow,1
realrobert1987,WeNeedTrump,1
realrobert1987,amrightnow,2
realrobert1987,col_nj,1
realrobert1987,cristinalaila1,1
realrobert1987,impiousdigest,1
realrobert1987,neverhillary,1
realrobert1987,pastorbones,1
realrobert1987,realDonaldTrump,2
realrobert1987,saracohennyc,1
realrobert1987,seanhannity,1
realten_gop,Blacks4DTrump,1
realten_gop,Cernovich,2
realten_gop,DBloom451,1
realten_gop,DiamondandSilk,1
realten_gop,JaredWyand,2
realten_gop,LeahR77,1
realten_gop,MissLizzyNJ,1
realten_gop,Pamela_Moore13,6
realten_gop,Patrici15767099,1
realten_gop,RealTEN_GOP,2
realten_gop,SheriffClarke,1
realten_gop,TEN_GOP,40
realten_gop,TeamTrump,1
realten_gop,ThePatriot143,1
realten_gop,iamgavinjames,1
realten_gop,immigrant4trump,1
realten_gop,realDonaldTrump,3
realten_gop,rightnpr,7
realten_gop,sweetatertot2,2
realten_gop,tpartynews,28
realten_gop,wikileaks,1
regieblackmon,4lisaguerrero,1
regieblackmon,AdamParkhomenko,1
regieblackmon,AngryBlackLady,2
regieblackmon,AstroKatie,1
regieblackmon,AustralianSambo,1
regieblackmon,Baddiel,1
regieblackmon,BeatingHerUnder,1
regieblackmon,BlackInformant,1
regieblackmon,Blackamazon,1
regieblackmon,Blavity,2
regieblackmon,C4Emily,1
regieblackmon,CBSNews,1
regieblackmon,CapehartJ,2
regieblackmon,DaveBautista,1
regieblackmon,DavidCornDC,1
regieblackmon,DrReneeObey,1
regieblackmon,EricHaywood,1
regieblackmon,FeministaJones,2
regieblackmon,Fusion,1
regieblackmon,GideonResnick,1
regieblackmon,GottaLaff,1
regieblackmon,HeerJeet,1
regieblackmon,HillaryClinton,1
regieblackmon,Hsewvs_n_pols,1
regieblackmon,IamJohnBurnett,1
regieblackmon,JamilSmith,1
regieblackmon,Jenniferlayne53,1
regieblackmon,JohnJHarwood,1
regieblackmon,JoyAnnReid,7
regieblackmon,KatyTurNBC,1
regieblackmon,KevinMKruse,1
regieblackmon,LiberalMmama,1
regieblackmon,MHarrisPerry,1
regieblackmon,MoreAndAgain,1
regieblackmon,NegraYLibre,1
regieblackmon,NewDay,1
regieblackmon,RawStory,2
regieblackmon,ReignOfApril,1
regieblackmon,ReutersPolitics,1
regieblackmon,RileySnyder,1
regieblackmon,Salon,1
regieblackmon,SamGrittner,1
regieblackmon,SimonMaloy,1
regieblackmon,SusanSarandon,1
regieblackmon,TalibKweli,5
regieblackmon,Taniel,1
regieblackmon,TeaPainUSA,1
regieblackmon,TheAvgBlackMan,3
regieblackmon,TheToast2016,2
regieblackmon,Xultar,1
regieblackmon,amaditalks,2
regieblackmon,amakainc,1
regieblackmon,amandacarpenter,1
regieblackmon,amjoyshow,1
regieblackmon,angelaw676,1
regieblackmon,baratunde,2
regieblackmon,blackpolitics,1
regieblackmon,blackvoices,1
regieblackmon,brianbeutler,1
regieblackmon,brianefallon,1
regieblackmon,chrisgeidner,1
regieblackmon,cnni,1
regieblackmon,constantnatalie,1
regieblackmon,danpfeiffer,1
regieblackmon,dawnporterm,1
regieblackmon,debilu2,1
regieblackmon,djolder,3
regieblackmon,dliebelson,1
regieblackmon,dylanmatt,1
regieblackmon,elonjames,1
regieblackmon,fearwig,1
regieblackmon,ggreenwald,2
regieblackmon,goldietaylor,2
regieblackmon,grimreapess,1
regieblackmon,grossdm,1
regieblackmon,insanityreport,4
regieblackmon,jamisonfoser,1
regieblackmon,jayrosen_nyu,1
regieblackmon,jbarro,1
regieblackmon,jbouie,1
regieblackmon,jelani9,1
regieblackmon,jfreewright,2
regieblackmon,jkarsh,1
regieblackmon,jodiecongirl,1
regieblackmon,jonbecker,1
regieblackmon,jonfavs,1
regieblackmon,jonlovett,1
regieblackmon,kunoorojha,1
regieblackmon,kurteichenwald,1
regieblackmon,kylegriffin1,1
regieblackmon,laseptiemewilay,1
regieblackmon,linzsports,1
regieblackmon,mattyglesias,1
regieblackmon,mcurryfelidae07,1
regieblackmon,mdjacksondallas,1
regieblackmon,mjblair,1
regieblackmon,nbcwashington,1
regieblackmon,originalspin,1
regieblackmon,owillis,5
regieblackmon,poniewozik,1
regieblackmon,ppppolls,1
regieblackmon,randomjeweler,1
regieblackmon,reecyru,1
regieblackmon,ritaag,1
regieblackmon,rodimusprime,1
regieblackmon,sacca,1
regieblackmon,sara_ann_marie,1
regieblackmon,sarahkendzior,2
regieblackmon,sassycrass,1
regieblackmon,steph_bello,1
regieblackmon,theonlyadult,13
regieblackmon,thetrudz,1
regieblackmon,thewayoftheid,1
regieblackmon,twitter,1
regieblackmon,tyleroakley,1
regieblackmon,vj44,1
rh0lbr00k,1861_again,4
rh0lbr00k,1FilchFelonious,1
rh0lbr00k,1RightWinger1,1
rh0lbr00k,1VoiceMatters,1
rh0lbr00k,1_American_Girl,1
rh0lbr00k,1craftyfox,1
rh0lbr00k,1ubet,1
rh0lbr00k,2ALAW,6
rh0lbr00k,4Reagan,1
rh0lbr00k,4realme4ever,1
rh0lbr00k,907AlaskanFern,1
rh0lbr00k,ABC,1
rh0lbr00k,AHMalcolm,5
rh0lbr00k,AJDelgado13,1
rh0lbr00k,ALEXANJK,1
rh0lbr00k,AZ_Susan,1
rh0lbr00k,AllenWest,1
rh0lbr00k,AltRights,1
rh0lbr00k,Always_Trump,1
rh0lbr00k,AlyLovesMovies,2
rh0lbr00k,AmRenaissance,1
rh0lbr00k,AmandaPresto,1
rh0lbr00k,America_1st_,1
rh0lbr00k,AmericanMex067,1
rh0lbr00k,AmericanVoterUS,1
rh0lbr00k,AmyMek,3
rh0lbr00k,AmyShields0,1
rh0lbr00k,Andrewy41128860,1
rh0lbr00k,AnnaBeaming,1
rh0lbr00k,AppSame,2
rh0lbr00k,Aprophet5,1
rh0lbr00k,ArcticFox2016,6
rh0lbr00k,ArtbyAWOHS,6
rh0lbr00k,Augustine25,1
rh0lbr00k,B04t_Tr45h,1
rh0lbr00k,BAMAPERRY,1
rh0lbr00k,BIZPACReview,2
rh0lbr00k,BWSchank,1
rh0lbr00k,Babbsgirl2,2
rh0lbr00k,Bane1349,5
rh0lbr00k,Bart_39,1
rh0lbr00k,BayShoreIsHome,1
rh0lbr00k,Bdog99993,1
rh0lbr00k,BecketAdams,1
rh0lbr00k,Beer__Wolf,1
rh0lbr00k,BeladonnaRogers,5
rh0lbr00k,BigBluetn65,1
rh0lbr00k,BigKahuna919191,2
rh0lbr00k,BigMuscleBabe,3
rh0lbr00k,BigStick2013,1
rh0lbr00k,Bikers4Trump,1
rh0lbr00k,BillKristol,1
rh0lbr00k,BiteMeYes,1
rh0lbr00k,BlacksWithTrump,1
rh0lbr00k,BlauesAugeBlond,1
rh0lbr00k,Bliss_Ville,1
rh0lbr00k,BlkMan4Trump,1
rh0lbr00k,BluegillRises,1
rh0lbr00k,BluegrassPundit,1
rh0lbr00k,Blurred_Trees,1
rh0lbr00k,BoSnerdley,2
rh0lbr00k,Boazziz,1
rh0lbr00k,BobSlaugherbob,1
rh0lbr00k,BobTolin,2
rh0lbr00k,BobbyAnnF,1
rh0lbr00k,BourneInTexas,2
rh0lbr00k,BraveLad,1
rh0lbr00k,Braveheart_USA,1
rh0lbr00k,BreitbartLondon,1
rh0lbr00k,BreitbartNews,2
rh0lbr00k,BrettLoGiurato,1
rh0lbr00k,BrookeDatz,1
rh0lbr00k,ByzantinFR,1
rh0lbr00k,CARMMarshall,1
rh0lbr00k,CPBacon4CO,1
rh0lbr00k,CPanther95,1
rh0lbr00k,CR,1
rh0lbr00k,CRNC,1
rh0lbr00k,Call_Me_Mom,1
rh0lbr00k,Callisto1947,2
rh0lbr00k,CaptTedNorin,4
rh0lbr00k,CaptYonah,1
rh0lbr00k,CarlaChamorros,1
rh0lbr00k,CarmineZozzora,1
rh0lbr00k,CassieLeuffen,1
rh0lbr00k,CatholicsTweet,1
rh0lbr00k,Cernovich,8
rh0lbr00k,ChaimGordon,1
rh0lbr00k,Chairmnoomowmow,1
rh0lbr00k,ChasBrowning,2
rh0lbr00k,ChasD3,1
rh0lbr00k,ChatRevolve,2
rh0lbr00k,ChrisCoon4,1
rh0lbr00k,ChrisRBarron,1
rh0lbr00k,ChrisSnyderFox,1
rh0lbr00k,ChristiChat,2
rh0lbr00k,ChuckRossDC,1
rh0lbr00k,CityJournal,1
rh0lbr00k,ClintonCantBail,1
rh0lbr00k,ClivetheClubGuy,1
rh0lbr00k,ClownGroovy,1
rh0lbr00k,CodeAud,1
rh0lbr00k,ColorMeRed,2
rh0lbr00k,CommandoisBack,1
rh0lbr00k,Conservatexian,10
rh0lbr00k,Conservative_VW,2
rh0lbr00k,ConstanceQueen8,5
rh0lbr00k,CorieWhalen,1
rh0lbr00k,Cory_1077,1
rh0lbr00k,CounterJihadUS,1
rh0lbr00k,Craftmastah,1
rh0lbr00k,CraigManoukian,1
rh0lbr00k,Crunched4time,1
rh0lbr00k,Cuckerella,1
rh0lbr00k,CutiePetunie,1
rh0lbr00k,Cxl_millennial,1
rh0lbr00k,DBloom451,4
rh0lbr00k,DGPurser,1
rh0lbr00k,DLasater_99362,2
rh0lbr00k,DMashak,1
rh0lbr00k,DR8801,2
rh0lbr00k,DRUDGE_REPORT,2
rh0lbr00k,DailyCaller,9
rh0lbr00k,DanJoseph78,1
rh0lbr00k,DanRiehl,1
rh0lbr00k,DanScavino,1
rh0lbr00k,Danielle_Parker,1
rh0lbr00k,DanzelRomero,1
rh0lbr00k,Darren32895836,8
rh0lbr00k,DavidAFrench,1
rh0lbr00k,DavidMcMahon9,1
rh0lbr00k,Dbargen,1
rh0lbr00k,DeanSchanzel,1
rh0lbr00k,Debramax,1
rh0lbr00k,DennisMurphy15,5
rh0lbr00k,DiamondandSilk,1
rh0lbr00k,DickZucker,1
rh0lbr00k,DineshDSouza,2
rh0lbr00k,DivineMoments,5
rh0lbr00k,DogoodII,2
rh0lbr00k,Dollfinish,1
rh0lbr00k,DolorosM,1
rh0lbr00k,Don_Vito_08,1
rh0lbr00k,Donald4Change,1
rh0lbr00k,DonaldJTrumpJr,1
rh0lbr00k,DonaldT4Prez,2
rh0lbr00k,Douglasmaher,2
rh0lbr00k,DrJohn76533054,1
rh0lbr00k,DrMartyFox,4
rh0lbr00k,DrewMcKissick,2
rh0lbr00k,EUTimesNET,1
rh0lbr00k,E__McD,1
rh0lbr00k,Earthy_Woman,1
rh0lbr00k,EasyEarl,5
rh0lbr00k,EditorinChief79,1
rh0lbr00k,EntheosShines,1
rh0lbr00k,ErinLichnovsky,2
rh0lbr00k,EsotericCD,1
rh0lbr00k,Evan_McMullin,1
rh0lbr00k,EybertD,1
rh0lbr00k,EyeCandyTMGayle,1
rh0lbr00k,EzraDrissman,1
rh0lbr00k,FLNativeDeb,1
rh0lbr00k,FaithGoldy,1
rh0lbr00k,FemalesForTrump,1
rh0lbr00k,Fingersflying,1
rh0lbr00k,FoundersSeceded,1
rh0lbr00k,FoundingFodder,1
rh0lbr00k,FoxNews,8
rh0lbr00k,FoxNewsSunday,2
rh0lbr00k,FranCifelli,3
rh0lbr00k,Franderson2,1
rh0lbr00k,FreeBeacon,1
rh0lbr00k,FreedomChild3,1
rh0lbr00k,FreedomWorks,1
rh0lbr00k,Freedomwarrior,1
rh0lbr00k,FrenchForTrump,1
rh0lbr00k,GLFOP,1
rh0lbr00k,GOPBlackChick,2
rh0lbr00k,GaetaSusan,1
rh0lbr00k,Gailalicia1,1
rh0lbr00k,Gays4ChickFilA,1
rh0lbr00k,GemMar333,1
rh0lbr00k,GeorgeWhiteJr,1
rh0lbr00k,GladBilly,1
rh0lbr00k,GlennThrush,1
rh0lbr00k,GlomarResponder,1
rh0lbr00k,GlorifyTruth,1
rh0lbr00k,GoGottaGoNow,3
rh0lbr00k,GoToArtRave,1
rh0lbr00k,GoldStarMomTX55,1
rh0lbr00k,GolightlyGrl427,1
rh0lbr00k,Gop3rd,1
rh0lbr00k,GopAaron,1
rh0lbr00k,Gorimaslo,1
rh0lbr00k,GraniteGrok,1
rh0lbr00k,Guido1104,1
rh0lbr00k,Gumball55668882,2
rh0lbr00k,HRHIdaho,1
rh0lbr00k,Haggisman57,1
rh0lbr00k,HalleyBorderCol,3
rh0lbr00k,Hankers,1
rh0lbr00k,Harlan,1
rh0lbr00k,HawleysJadefav,1
rh0lbr00k,Henderson6100,1
rh0lbr00k,HomerWhite,2
rh0lbr00k,HorseShort,1
rh0lbr00k,HouseCracka,1
rh0lbr00k,Hublife,1
rh0lbr00k,INTJutsu,2
rh0lbr00k,IamGREGZILLA,1
rh0lbr00k,IamQueenAri,1
rh0lbr00k,IcemanDaGenius,1
rh0lbr00k,ImPoliticalWill,1
rh0lbr00k,InGodIDoTrust,3
rh0lbr00k,IngrahamAngle,3
rh0lbr00k,Italians4Trump,1
rh0lbr00k,JDRucker,2
rh0lbr00k,JPJPJess,1
rh0lbr00k,JSmithLC,1
rh0lbr00k,Jahrulz247,1
rh0lbr00k,Jamesyontrofsky,2
rh0lbr00k,Jami_USA,2
rh0lbr00k,JamiaStarheart,1
rh0lbr00k,Jan4USA,1
rh0lbr00k,JaredWyand,3
rh0lbr00k,JayS2629,1
rh0lbr00k,JaySekulow,1
rh0lbr00k,JeanelleO,1
rh0lbr00k,JeanieMarie,1
rh0lbr00k,Jenn_Abrams,1
rh0lbr00k,JessieJaneDuff,1
rh0lbr00k,JewhadiTM,1
rh0lbr00k,JillRyanMSP,1
rh0lbr00k,JimW_in_NM,1
rh0lbr00k,Jlang448Larry,1
rh0lbr00k,JoeFreedomLove,1
rh0lbr00k,JoeNBC,1
rh0lbr00k,JoeStGeorge,1
rh0lbr00k,JohnFromCranber,2
rh0lbr00k,JohnJHarwood,1
rh0lbr00k,JohnKStahlUSA,2
rh0lbr00k,JohnNew2015,2
rh0lbr00k,JohnWhitbeck,1
rh0lbr00k,John_R_Scott,2
rh0lbr00k,Johnny_Petrini,3
rh0lbr00k,JoshHollingsw10,1
rh0lbr00k,JulietteMonroex,1
rh0lbr00k,JunkScience,1
rh0lbr00k,KLDUDE,1
rh0lbr00k,KLSouth,5
rh0lbr00k,KNP2BP,2
rh0lbr00k,KWaters10,1
rh0lbr00k,KamVTV,1
rh0lbr00k,KarenDeVere2,1
rh0lbr00k,Kasparov63,1
rh0lbr00k,KatiePavlich,1
rh0lbr00k,KellyannePolls,4
rh0lbr00k,KenGardner11,1
rh0lbr00k,Knight276,1
rh0lbr00k,KristianneMrsC,1
rh0lbr00k,KurtSchlichter,2
rh0lbr00k,KyleWRowley,1
rh0lbr00k,LEFTH00K,1
rh0lbr00k,LElizaBria,1
rh0lbr00k,LVNancy,1
rh0lbr00k,LadyLiberTea,1
rh0lbr00k,Lagartija_Nix,3
rh0lbr00k,LauraWalkerKC,4
rh0lbr00k,LaurenJonesGOP,1
rh0lbr00k,LeahR77,2
rh0lbr00k,LeviathanLeap,1
rh0lbr00k,LiberalsSuckx10,1
rh0lbr00k,LibertarianPros,1
rh0lbr00k,LibertyHacking,1
rh0lbr00k,LibertyProjects,1
rh0lbr00k,LibertySeeds,1
rh0lbr00k,LifeZette,1
rh0lbr00k,LilMissRightie,2
rh0lbr00k,LindaSuhler,5
rh0lbr00k,LogicalCampaign,1
rh0lbr00k,Loofie68msncom2,1
rh0lbr00k,LouDobbs,3
rh0lbr00k,LoveMeLuLu22,1
rh0lbr00k,Lrihendry,2
rh0lbr00k,LucidHurricane_,3
rh0lbr00k,MAGANIFICENT,1
rh0lbr00k,MEGATRON_1488,1
rh0lbr00k,MONAKatOILS,3
rh0lbr00k,MR_PUNJABI,2
rh0lbr00k,MZHemingway,1
rh0lbr00k,MarcoRubioTop,1
rh0lbr00k,MargaretMcgui16,1
rh0lbr00k,MarkDice,1
rh0lbr00k,MarkGeistSWP,1
rh0lbr00k,MarkRVanSciver,1
rh0lbr00k,MarkSimoneNY,1
rh0lbr00k,MarshT1103,1
rh0lbr00k,MarxDribble,1
rh0lbr00k,MaryPatriotNews,10
rh0lbr00k,MathewSHarrison,1
rh0lbr00k,MattMackowiak,1
rh0lbr00k,MaxHayzz,1
rh0lbr00k,MayIrmamay14,1
rh0lbr00k,MaydnUSA,1
rh0lbr00k,McDebida,1
rh0lbr00k,McDowellConserv,1
rh0lbr00k,Mercedes2077112,1
rh0lbr00k,Miami4Trump,2
rh0lbr00k,MiddleUSA,1
rh0lbr00k,MikeBates,1
rh0lbr00k,MikePenceVP,3
rh0lbr00k,MilJenmarie,2
rh0lbr00k,MiltonWolfMD,1
rh0lbr00k,MissLizzyNJ,3
rh0lbr00k,Monica_Guzman_,1
rh0lbr00k,MoodiJudi99,1
rh0lbr00k,MotalvanIsabela,1
rh0lbr00k,MrsMissyMom,1
rh0lbr00k,MrsParkington,2
rh0lbr00k,MulcahyA,1
rh0lbr00k,NASCARNAC,1
rh0lbr00k,NBCNews,1
rh0lbr00k,NCSU_Tom,1
rh0lbr00k,NDCTrump,1
rh0lbr00k,NRO,1
rh0lbr00k,NRSC,2
rh0lbr00k,Nate_Cohn,1
rh0lbr00k,NeedyadocBobby,1
rh0lbr00k,NetworksManager,5
rh0lbr00k,NimbleNavgater,2
rh0lbr00k,NolteNC,9
rh0lbr00k,NubianAwakening,2
rh0lbr00k,NumbersMuncher,1
rh0lbr00k,OANN,1
rh0lbr00k,OHenrysStepchld,6
rh0lbr00k,ORConservative,1
rh0lbr00k,ObamaBash,1
rh0lbr00k,Obomination1,1
rh0lbr00k,OnlyJeanSeixasM,6
rh0lbr00k,OpenCarryChris,3
rh0lbr00k,Outdoorguy64,1
rh0lbr00k,P0TUSTrump,3
rh0lbr00k,PBlabbermouth,1
rh0lbr00k,PDN_Spring,1
rh0lbr00k,PJNET_Team,1
rh0lbr00k,PPSIMMONS,1
rh0lbr00k,Pamela_Moore13,1
rh0lbr00k,PappyKorn,1
rh0lbr00k,PatDollard,2
rh0lbr00k,PatVPeters,5
rh0lbr00k,PatriotByGod,1
rh0lbr00k,PaulaDuvall2,1
rh0lbr00k,PeteNicodemus,1
rh0lbr00k,Pjw20161951,1
rh0lbr00k,Portosj81J,1
rh0lbr00k,PrisonPlanet,8
rh0lbr00k,RNRMaryland,2
rh0lbr00k,ROCKONDUDE2,1
rh0lbr00k,RONCOULTER,1
rh0lbr00k,RRRoxy,4
rh0lbr00k,RWSurferGirl1,1
rh0lbr00k,RacySicilian,6
rh0lbr00k,Raysworld63,1
rh0lbr00k,RealDJTrumpTeam,1
rh0lbr00k,RealEagleBites,3
rh0lbr00k,RealJTP,1
rh0lbr00k,RealJamesWoods,3
rh0lbr00k,RedNationRising,2
rh0lbr00k,RedState,2
rh0lbr00k,ReignsFreedom,2
rh0lbr00k,Rene_gadeCowboy,1
rh0lbr00k,RepublicanChick,1
rh0lbr00k,RggedCross,1
rh0lbr00k,RichardDaleT,1
rh0lbr00k,RichardGrenell,4
rh0lbr00k,RickRWells,1
rh0lbr00k,RickSchaler,3
rh0lbr00k,Ricky_Vaughn99,1
rh0lbr00k,Right_Not_Wrong,2
rh0lbr00k,RiskyLiberal,1
rh0lbr00k,RitzyBacon2,1
rh0lbr00k,RogerJStoneJr,1
rh0lbr00k,RonNehring,1
rh0lbr00k,RonSkyhawk10,1
rh0lbr00k,Ron_Hutchcraft,1
rh0lbr00k,RoseD1st,2
rh0lbr00k,RoseDru63,1
rh0lbr00k,STSTWO,1
rh0lbr00k,SalenaZito,1
rh0lbr00k,SalvatoreVitol5,1
rh0lbr00k,SamuelWhiskey2,1
rh0lbr00k,SandraTXAS,3
rh0lbr00k,SaraLindaSimmon,1
rh0lbr00k,SarahGi00782242,1
rh0lbr00k,SarahHuckabee,1
rh0lbr00k,SavageNation,1
rh0lbr00k,ScottAdamsSays,3
rh0lbr00k,ScottFordTVGuy,2
rh0lbr00k,Scurvydoggs,1
rh0lbr00k,SeaDimon,3
rh0lbr00k,SecularKafir,1
rh0lbr00k,SenTedCruz,1
rh0lbr00k,ShaneRegated,1
rh0lbr00k,Shaughn_A,1
rh0lbr00k,ShillForHillary,2
rh0lbr00k,Shimmyfab,1
rh0lbr00k,Shooters_Wife,1
rh0lbr00k,ShredderBabe,1
rh0lbr00k,SkyPressMedia,1
rh0lbr00k,Sky_Max,2
rh0lbr00k,SmartGal4Trump,1
rh0lbr00k,SnafuWorld,1
rh0lbr00k,SoCal4Trump,1
rh0lbr00k,SolidPerspectiv,1
rh0lbr00k,SooperMexican,1
rh0lbr00k,SopanDeb,1
rh0lbr00k,Southernsonn,1
rh0lbr00k,Southrngirl77,3
rh0lbr00k,SpecialKMB1969,3
rh0lbr00k,SquidsLighters,2
rh0lbr00k,SscottSsmith84,1
rh0lbr00k,StandUpAnne,2
rh0lbr00k,StefanoVP2013,1
rh0lbr00k,StevePerkins14,1
rh0lbr00k,Stevenwhirsch99,1
rh0lbr00k,Sunnydaze143,1
rh0lbr00k,SurtMjollnir,1
rh0lbr00k,TCuccio,1
rh0lbr00k,TEN_GOP,4
rh0lbr00k,THEHermanCain,3
rh0lbr00k,TIB2016,1
rh0lbr00k,TLandin,1
rh0lbr00k,TPInsidr,1
rh0lbr00k,TRUMPMOVEMENTUS,1
rh0lbr00k,TaraSetmayer,1
rh0lbr00k,Tazmanian5,1
rh0lbr00k,TeaPartyOrg,3
rh0lbr00k,TeamTrump,5
rh0lbr00k,TellTheTruth1,1
rh0lbr00k,TennConserv,11
rh0lbr00k,TeresaEdelglass,1
rh0lbr00k,TeriAnne7201,1
rh0lbr00k,Tex1944,1
rh0lbr00k,TexitDarling,1
rh0lbr00k,TheDonaldNews,1
rh0lbr00k,TheFoundingSon,1
rh0lbr00k,TheKillerBambi,1
rh0lbr00k,TheLastRefuge2,1
rh0lbr00k,TheMorningSpew,1
rh0lbr00k,TheNextBigNurse,1
rh0lbr00k,ThePatriot143,4
rh0lbr00k,ThePoliticalCom,1
rh0lbr00k,TheReaganWay,1
rh0lbr00k,TheRealNietzke,1
rh0lbr00k,TheRickWilson,1
rh0lbr00k,The_Trump_Train,2
rh0lbr00k,TheresaMechele,1
rh0lbr00k,Thomas1774Paine,1
rh0lbr00k,Tim_Groseclose,1
rh0lbr00k,ToddHuffRadio,1
rh0lbr00k,Tombx7M,1
rh0lbr00k,Toyland1960,1
rh0lbr00k,TraceyTheisen,1
rh0lbr00k,TracyJeffords,1
rh0lbr00k,TransigenT9,1
rh0lbr00k,Trisha_Tahmasbi,1
rh0lbr00k,TrotAlex,1
rh0lbr00k,TrueCOT,7
rh0lbr00k,Trump4Hope,2
rh0lbr00k,TrumpPenceUSA1,1
rh0lbr00k,TrumpSuperPAC,6
rh0lbr00k,TrumpVolume,1
rh0lbr00k,Trump_World,1
rh0lbr00k,Trumpedbywords,1
rh0lbr00k,TrumpetersWin,1
rh0lbr00k,TrumpsterTrumpy,1
rh0lbr00k,Turbothink,1
rh0lbr00k,TweetBrettMac,2
rh0lbr00k,TwitchyTeam,2
rh0lbr00k,UFOParanormNews,1
rh0lbr00k,USAHipster,1
rh0lbr00k,USA_Gunslinger,1
rh0lbr00k,USAforTrump2016,1
rh0lbr00k,USAlivestrong,1
rh0lbr00k,USAneedsTRUMP,1
rh0lbr00k,USNCTM,1
rh0lbr00k,UnPoliticalPrty,3
rh0lbr00k,VWAudiPorsche,1
rh0lbr00k,Veteran4Trump,1
rh0lbr00k,Vinny_Vino,1
rh0lbr00k,VividKaren,1
rh0lbr00k,VonniMediaMogul,3
rh0lbr00k,VoteMAGA,1
rh0lbr00k,VoteTrumpMAGA,2
rh0lbr00k,VoteTrumpPics,1
rh0lbr00k,WBVT_98FM,3
rh0lbr00k,WDFx2EU7,1
rh0lbr00k,WashTimes,1
rh0lbr00k,WayneDupreeShow,5
rh0lbr00k,WeNeedTrump,3
rh0lbr00k,WestJournalism,1
rh0lbr00k,WillysBaldSpot,1
rh0lbr00k,WiseBanyanTree,2
rh0lbr00k,WoolardLynda,2
rh0lbr00k,Workers4Trump,1
rh0lbr00k,Wroddy111,1
rh0lbr00k,Wutevuh,1
rh0lbr00k,YoungDems4Trump,1
rh0lbr00k,ZoomZanne,1
rh0lbr00k,_HankRearden,1
rh0lbr00k,_Makada_,3
rh0lbr00k,_Teufelshunde,1
rh0lbr00k,_kim37,2
rh0lbr00k,aaricks,1
rh0lbr00k,aaronsrgenus,1
rh0lbr00k,abowersock,1
rh0lbr00k,abusedtaxpayer,1
rh0lbr00k,actlightning,5
rh0lbr00k,aliotta_joseph,1
rh0lbr00k,allnighttom,1
rh0lbr00k,amrightnow,2
rh0lbr00k,anne19brown,3
rh0lbr00k,ardellbecky1,1
rh0lbr00k,aristocratssoul,1
rh0lbr00k,asamjulian,1
rh0lbr00k,astroterf,3
rh0lbr00k,atensnut,1
rh0lbr00k,azmike2001,2
rh0lbr00k,azwatergeek,1
rh0lbr00k,barbara3d,1
rh0lbr00k,basedmattforney,1
rh0lbr00k,benshapiro,2
rh0lbr00k,bfraser747,10
rh0lbr00k,binggreen,3
rh0lbr00k,blameocrats,1
rh0lbr00k,blhills,1
rh0lbr00k,blondie36621,1
rh0lbr00k,bob_owens,1
rh0lbr00k,bobfox321,7
rh0lbr00k,bocavista2016,1
rh0lbr00k,bogiebeagle2,1
rh0lbr00k,boolouise,3
rh0lbr00k,brassmonkey3434,1
rh0lbr00k,buckwinthrop,1
rh0lbr00k,carlawinston5,1
rh0lbr00k,catdogNC,1
rh0lbr00k,ceeceesays,1
rh0lbr00k,cherylswenson,1
rh0lbr00k,chirpingjohn,1
rh0lbr00k,chris_skier,1
rh0lbr00k,christeneliz,1
rh0lbr00k,chromium0818,2
rh0lbr00k,chuckwoolery,1
rh0lbr00k,cjtweetstation,3
rh0lbr00k,cmdorsey,1
rh0lbr00k,col_nj,1
rh0lbr00k,conner24evanz,1
rh0lbr00k,cqlivingston,2
rh0lbr00k,craigmiller383,1
rh0lbr00k,crosswindlive,1
rh0lbr00k,cupcake4120,2
rh0lbr00k,curtandnan,2
rh0lbr00k,cwatson34,2
rh0lbr00k,dannysullivan,1
rh0lbr00k,danrolle,2
rh0lbr00k,davekoffer,1
rh0lbr00k,davidwebbshow,1
rh0lbr00k,davis1087,1
rh0lbr00k,dawg8u,1
rh0lbr00k,dayo1946,1
rh0lbr00k,dbongino,2
rh0lbr00k,dcexaminer,3
rh0lbr00k,debdew2,1
rh0lbr00k,derrickwilburn,1
rh0lbr00k,detroitnewsnow,1
rh0lbr00k,disspat,1
rh0lbr00k,dixiefortrump,3
rh0lbr00k,dkm177,1
rh0lbr00k,dlippman,1
rh0lbr00k,downsouth505,1
rh0lbr00k,drewwyatt,2
rh0lbr00k,drscott_atlanta,1
rh0lbr00k,dsrtime,1
rh0lbr00k,duxcomedy,1
rh0lbr00k,dylanmatt,1
rh0lbr00k,eavesdropann,1
rh0lbr00k,ed_grimly,1
rh0lbr00k,ed_hooley,1
rh0lbr00k,eddiern,2
rh0lbr00k,ejw62_,1
rh0lbr00k,exposeliberals,1
rh0lbr00k,fclough63,1
rh0lbr00k,fistofJewry,1
rh0lbr00k,fmg223,1
rh0lbr00k,forabogey,1
rh0lbr00k,foxandfriends,1
rh0lbr00k,foxnation,3
rh0lbr00k,fpatterson1050,1
rh0lbr00k,francisdominicu,1
rh0lbr00k,frankthorp,1
rh0lbr00k,franz_soapbar,1
rh0lbr00k,fredwimpy,2
rh0lbr00k,freedomwatchweb,1
rh0lbr00k,fretsward,1
rh0lbr00k,fubaglady,5
rh0lbr00k,fxnopinion,1
rh0lbr00k,garberinc,1
rh0lbr00k,garydailydrift,2
rh0lbr00k,gatewaypundit,2
rh0lbr00k,gerfingerpoken,9
rh0lbr00k,ggeett37aaa,4
rh0lbr00k,gntlman,12
rh0lbr00k,grandmatobe,1
rh0lbr00k,gunvote,1
rh0lbr00k,guy_next_to_me,1
rh0lbr00k,hale_razor,2
rh0lbr00k,halsteadg048,1
rh0lbr00k,handley_dix,2
rh0lbr00k,healthandcents,1
rh0lbr00k,hensle13,1
rh0lbr00k,heyits_toby,1
rh0lbr00k,hoodie47,1
rh0lbr00k,hopingforachang,1
rh0lbr00k,horseaunt,1
rh0lbr00k,hotshot1_,1
rh0lbr00k,hrtablaze,1
rh0lbr00k,hsmythwithaY,1
rh0lbr00k,iamgavinjames,1
rh0lbr00k,immigrant4trump,1
rh0lbr00k,inmatemd,1
rh0lbr00k,instapundit,1
rh0lbr00k,iowa_trump,1
rh0lbr00k,ipscone,3
rh0lbr00k,irishspy,1
rh0lbr00k,irritatedwoman,3
rh0lbr00k,izzyjsmom,1
rh0lbr00k,jackgiangi,1
rh0lbr00k,jakub_lisa,1
rh0lbr00k,jamestaranto,4
rh0lbr00k,janimine,1
rh0lbr00k,jdraina,1
rh0lbr00k,jeauxfan,1
rh0lbr00k,jenilynn1001,1
rh0lbr00k,jerrypane13,1
rh0lbr00k,jerseyjeff88,1
rh0lbr00k,jhinderaker,1
rh0lbr00k,jjauthor,1
rh0lbr00k,jko417,3
rh0lbr00k,jmp9999jmp,1
rh0lbr00k,jodyannAmerican,1
rh0lbr00k,jodybarankin,1
rh0lbr00k,joelpollak,1
rh0lbr00k,joemo23,1
rh0lbr00k,johnnychesney,1
rh0lbr00k,johnnyfriegas,1
rh0lbr00k,jojoh888,2
rh0lbr00k,jonareeves6127,1
rh0lbr00k,jonhabart,1
rh0lbr00k,jregan11,1
rh0lbr00k,jrholdenOK,3
rh0lbr00k,jthomas309,1
rh0lbr00k,jturnershow,1
rh0lbr00k,jtwray67,1
rh0lbr00k,jwattySLC,1
rh0lbr00k,kaltkrieger,1
rh0lbr00k,karlak916,1
rh0lbr00k,katq1,1
rh0lbr00k,keichri,4
rh0lbr00k,kerpen,2
rh0lbr00k,khammaker9,1
rh0lbr00k,kurteichenwald,1
rh0lbr00k,kwilli1046,1
rh0lbr00k,lafayette41,2
rh0lbr00k,largebill68,1
rh0lbr00k,larryelder,2
rh0lbr00k,learjetter,1
rh0lbr00k,leeleemunster,2
rh0lbr00k,leslymill,1
rh0lbr00k,lewsmuse,2
rh0lbr00k,libertad805,1
rh0lbr00k,lindarutter,1
rh0lbr00k,lorischovanec,4
rh0lbr00k,los001979,1
rh0lbr00k,luvGodncountry,2
rh0lbr00k,magnifier661,2
rh0lbr00k,marian_maio,1
rh0lbr00k,marklar1969,1
rh0lbr00k,mattlockeshow,1
rh0lbr00k,mcgilh,1
rh0lbr00k,mclark1951,1
rh0lbr00k,mdjtraveler,1
rh0lbr00k,michaelbickle,1
rh0lbr00k,michaelkeyes,1
rh0lbr00k,mikandynothem,1
rh0lbr00k,mike_pence,1
rh0lbr00k,mikebrezzze,1
rh0lbr00k,mikeo159,1
rh0lbr00k,mimi_saulino,1
rh0lbr00k,mitchellvii,7
rh0lbr00k,mjohnsonx15,1
rh0lbr00k,mkardos,6
rh0lbr00k,mongo_ebooks,1
rh0lbr00k,movement_trump,1
rh0lbr00k,mrtom3560,1
rh0lbr00k,msayyah,1
rh0lbr00k,mtgrove,2
rh0lbr00k,mundyspeaks,5
rh0lbr00k,mzee26,2
rh0lbr00k,nathanielbumpo,1
rh0lbr00k,nealcobb67,1
rh0lbr00k,nedryun,1
rh0lbr00k,nelsonjgalan,3
rh0lbr00k,nfulmer0827,1
rh0lbr00k,nia4_trump,1
rh0lbr00k,ntmessage,1
rh0lbr00k,obamascrewingus,2
rh0lbr00k,ogreguy269,1
rh0lbr00k,onlxn,1
rh0lbr00k,organic2016,1
rh0lbr00k,osPatriot,1
rh0lbr00k,panegron,1
rh0lbr00k,patcondell,1
rh0lbr00k,patrick_hostis,1
rh0lbr00k,patriotgurrl,1
rh0lbr00k,patrioticpepe,1
rh0lbr00k,peaceandjoy101,1
rh0lbr00k,peddoc63,1
rh0lbr00k,perossmeisl,1
rh0lbr00k,petefrt,47
rh0lbr00k,peterthebellhop,2
rh0lbr00k,pmbasse,2
rh0lbr00k,pnehlen,1
rh0lbr00k,rafshmatko,1
rh0lbr00k,railgirl1952,1
rh0lbr00k,ramzpaul,1
rh0lbr00k,rapidcraft,2
rh0lbr00k,realDonaldTrump,15
rh0lbr00k,realkingrobbo,3
rh0lbr00k,reallyo1,1
rh0lbr00k,realpolitics7,1
rh0lbr00k,rebarobinson,1
rh0lbr00k,redcricketblog,1
rh0lbr00k,redsteeze,1
rh0lbr00k,reeltexas,2
rh0lbr00k,rightvoicenow,1
rh0lbr00k,robynanne,1
rh0lbr00k,robyns323,1
rh0lbr00k,rockportbasset,1
rh0lbr00k,romans11732,1
rh0lbr00k,roxyspd5,1
rh0lbr00k,roycan79,2
rh0lbr00k,rphfrank,1
rh0lbr00k,rratkinson,1
rh0lbr00k,rtoberl,1
rh0lbr00k,russmove,1
rh0lbr00k,rustyprestridge,1
rh0lbr00k,s_j67,1
rh0lbr00k,sappergieb,1
rh0lbr00k,sarmsr,1
rh0lbr00k,sassyandcowgirl,1
rh0lbr00k,scarlettmadi,2
rh0lbr00k,schotts,3
rh0lbr00k,screenwriter,2
rh0lbr00k,sdnzen,3
rh0lbr00k,sdxyz2,3
rh0lbr00k,seanhannity,1
rh0lbr00k,seanmdav,2
rh0lbr00k,sepepper,1
rh0lbr00k,sgtbetsysmith,1
rh0lbr00k,shdtlz,1
rh0lbr00k,sheilafla345,1
rh0lbr00k,shishkebab123,1
rh0lbr00k,shortman5427,6
rh0lbr00k,shrk111,1
rh0lbr00k,slone,2
rh0lbr00k,smp45acp,1
rh0lbr00k,sow_with_vision,2
rh0lbr00k,starre_labelle,1
rh0lbr00k,startelegram,1
rh0lbr00k,steingal2,1
rh0lbr00k,stellamlareau,1
rh0lbr00k,steve0423,1
rh0lbr00k,supercos7,1
rh0lbr00k,surfermom77,2
rh0lbr00k,suspensewriter7,1
rh0lbr00k,swimmom0f2,1
rh0lbr00k,tamaraleighllc,1
rh0lbr00k,tammytabby,2
rh0lbr00k,tannenbaumr,1
rh0lbr00k,terrymendozer,1
rh0lbr00k,tgreene319,1
rh0lbr00k,thebryanhorn,1
rh0lbr00k,theglobaluniter,3
rh0lbr00k,thehill,1
rh0lbr00k,toddstarnes,1
rh0lbr00k,tonyschwartz,1
rh0lbr00k,townhallcom,2
rh0lbr00k,treehuggingsis,1
rh0lbr00k,trump2016fan,1
rh0lbr00k,trumpamericann,1
rh0lbr00k,trumpsterMG,1
rh0lbr00k,tteegar,1
rh0lbr00k,tvillehammjamm,1
rh0lbr00k,tymadisonmom,1
rh0lbr00k,umpire43,1
rh0lbr00k,usacsmret,5
rh0lbr00k,varepall,5
rh0lbr00k,weaselzippers,1
rh0lbr00k,weknowwhatsbest,2
rh0lbr00k,wigitgetit,1
rh0lbr00k,worldnetdaily,1
rh0lbr00k,writesbooks,1
rh0lbr00k,wvcads,1
rh0lbr00k,wy4_trump,1
rh0lbr00k,yallamusic,1
rh0lbr00k,youcantlie2me,1
rh0lbr00k,zachhaller,1
rightnpr,Always_Trump,1
rightnpr,Blacks4DTrump,4
rightnpr,FoxNews,1
rightnpr,JackPosobiec,1
rightnpr,Pamela_Moore13,6
rightnpr,Pen_Air,4
rightnpr,PrisonPlanet,1
rightnpr,RealTEN_GOP,5
rightnpr,TEN_GOP,37
rightnpr,ThePatriot143,1
rightnpr,Veteran4Trump,1
rightnpr,asamjulian,1
rightnpr,realDonaldTrump,2
rightnpr,sweetatertot2,1
rightnpr,tpartynews,28
rightnpr,vivelafra,2
robbydelaware,BoingBoing,1
robbydelaware,seattlepi,1
robertebonyking,2DopeBoyz,2
robertebonyking,AnandWrites,1
robertebonyking,BlackYouthProj,1
robertebonyking,Fusion,1
robertebonyking,JamilSmith,1
robertebonyking,LorenzaOrrin,1
robertebonyking,RealMuckmaker,1
robertebonyking,TheDailyEdge,1
robertebonyking,Yamiche,1
robertebonyking,brownblaze,1
robertebonyking,paix120,1
robertebonyking,sarahkendzior,1
robertebonyking,thehill,1
rogovilia,IntheNow_tweet,1
rogovilia,RT_America,4
rogovilia,RT_com,1
rogovilia,realDonaldTrump,1
romanagafonovv,CNNPolitics,1
romanagafonovv,RT_America,4
romanagafonovv,RT_com,3
romanagafonovv,WDFx2EU7,1
romanagafonovv,thehill,1
romangorolov,RTUKnews,1
romangorolov,RT_America,3
romangorolov,RT_com,2
romangorolov,lachlan,1
romangorolov,wikileaks,1
rosieonfleek,2DopeBoyz,1
rosieonfleek,BaburRealer,2
rosieonfleek,BlackBizNow,1
rosieonfleek,BrettLoGiurato,1
rosieonfleek,ChaelMontgomery,1
rosieonfleek,CobraCommans,1
rosieonfleek,DrZubcic,1
rosieonfleek,Fusion,2
rosieonfleek,GOPLADYAMY,1
rosieonfleek,GiGicmka,1
rosieonfleek,HBCUSiriusXM142,1
rosieonfleek,HaroldWNelson,1
rosieonfleek,KelleyLCarter,1
rosieonfleek,Luvvie,2
rosieonfleek,MissJupiter1957,2
rosieonfleek,MoreAndAgain,1
rosieonfleek,NYTNational,1
rosieonfleek,NewsLycaness19,2
rosieonfleek,PayDownTheDebt,1
rosieonfleek,ReaganGomez,1
rosieonfleek,RealFKNNews,1
rosieonfleek,Shakestweetz,1
rosieonfleek,SouthernLady328,1
rosieonfleek,TheDailyEdge,1
rosieonfleek,TheRealYoG,1
rosieonfleek,TrumpDumbDumb,1
rosieonfleek,amjoyshow,1
rosieonfleek,angryblackhoemo,1
rosieonfleek,aravosis,1
rosieonfleek,aseitzwald,1
rosieonfleek,drmistercody,1
rosieonfleek,emergagent,1
rosieonfleek,fran_chambers,1
rosieonfleek,frodofied,1
rosieonfleek,jaymzrp,1
rosieonfleek,jonfavs,1
rosieonfleek,kharyp,1
rosieonfleek,kricha06,1
rosieonfleek,mashable,1
rosieonfleek,p_staatz,1
rosieonfleek,simonek2016,1
rosieonfleek,soapachu,1
rosieonfleek,starfirst,1
rosieonfleek,swin24,1
rosieonfleek,theaveragevoter,1
rosieonfleek,xxxjayglo,1
rusnevrotik,NevskyAlexandr,1
rusnevrotik,RomaAcorn,1
rusnevrotik,tina_kandelaki,1
russilanrogov,Cernovich,1
russilanrogov,PressTV,1
russilanrogov,RT_America,3
russilanrogov,RT_com,4
russilanrogov,WhiteHouseCards,1
russilanrogov,realDonaldTrump,1
russilanrogov,republicbuzz,1
ryanmaxwell_1,ByronSwartz1,1
ryanmaxwell_1,Chad_59,1
ryanmaxwell_1,CounterJihadUS,1
ryanmaxwell_1,DonaldJTrumpJr,1
ryanmaxwell_1,DrDavidDuke,1
ryanmaxwell_1,DrJillStein,2
ryanmaxwell_1,FFRNewsNet1,1
ryanmaxwell_1,GarrettSimpson_,1
ryanmaxwell_1,JeffSanchezz,1
ryanmaxwell_1,Juliet777777,1
ryanmaxwell_1,Kotcha301,1
ryanmaxwell_1,LauraWilsonGal,1
ryanmaxwell_1,LynnePatton,1
ryanmaxwell_1,MABardino,1
ryanmaxwell_1,MalPartisan,1
ryanmaxwell_1,PatriotGinger,1
ryanmaxwell_1,PatriotJewel,2
ryanmaxwell_1,Scow0857,1
ryanmaxwell_1,THETXEMBASSY,1
ryanmaxwell_1,UTHornsRawk,1
ryanmaxwell_1,amrightnow,3
ryanmaxwell_1,andersonDrLJA,1
ryanmaxwell_1,impiousdigest,1
ryanmaxwell_1,micafarha,1
ryanmaxwell_1,movement_trump,1
ryanmaxwell_1,noblebarnes87,1
ryanmaxwell_1,realDonaldTrump,1
ryanmaxwell_1,saracohennyc,1
samirgooden,804StreetMedia,1
samirgooden,APSPusa,1
samirgooden,AP_Politics,1
samirgooden,AdamParkhomenko,1
samirgooden,BEAYAHUS,1
samirgooden,BFHSNetwork,1
samirgooden,BarryDMill,1
samirgooden,Blu_PHIlosopher,1
samirgooden,Carl_Dix,1
samirgooden,DarlingEbony,1
samirgooden,DcSlumdog,1
samirgooden,Delo_Taylor,1
samirgooden,Fidelia_Gabor,1
samirgooden,GABBYiSACTiVE,1
samirgooden,GDLA,1
samirgooden,GreenPartyUS,1
samirgooden,HaroldWNelson,2
samirgooden,HillaryClinton,1
samirgooden,HoodAcademic,1
samirgooden,HuffingtonPost,1
samirgooden,JWGOP,1
samirgooden,JamilSmith,2
samirgooden,JoelLawsonDC,1
samirgooden,JoyAnnReid,1
samirgooden,LeftSentThis,1
samirgooden,MoveOn,1
samirgooden,NinaBernstein1,1
samirgooden,PatrickSvitek,1
samirgooden,RealFKNNews,1
samirgooden,ShaneGoldmacher,1
samirgooden,ShaunKing,1
samirgooden,SouthernLady328,1
samirgooden,SquareImperial,1
samirgooden,StopNuclearWar,1
samirgooden,TPM,1
samirgooden,TheDailyEdge,1
samirgooden,TichinaArnold,1
samirgooden,TimBartender,1
samirgooden,TransGriot,1
samirgooden,TwiterHero,1
samirgooden,XMorphPhoenix,1
samirgooden,adbridgeforth,1
samirgooden,alexis_levinson,1
samirgooden,blicqer,1
samirgooden,chelsmonetw,1
samirgooden,dantbarry,1
samirgooden,deray,1
samirgooden,drantbradley,1
samirgooden,forall2hear,1
samirgooden,harryallen,1
samirgooden,jayrosen_nyu,1
samirgooden,jojokejohn,4
samirgooden,kingsleyyy,1
samirgooden,kurteichenwald,1
samirgooden,missLtoe,1
samirgooden,mtaibbi,1
samirgooden,nine_oh,1
samirgooden,politifactlive,1
samirgooden,ryanjreilly,1
samirgooden,sha210,1
samirgooden,thomasclark92,1
samirgooden,trueblackpower,1
samirgooden,wikileaks,1
samirgooden,wizdom4you,1
samirgooden,wpjenna,1
schultei2,welt,1
scottgohard,GovHowardDean,1
scottgohard,HillaryClinton,1
scottgohard,JohnSmithChgo,1
scottgohard,LoveMeLuLu22,1
scottgohard,POTUS,1
sergbriantsev,LindaSuhler,1
sergbriantsev,RT_America,4
sergbriantsev,RT_com,2
sergbriantsev,ScottsHumor,1
sergbriantsev,kpru,1
sergeev_tolik,CajunKangaroo,1
sergeev_tolik,DanScavino,1
sergeev_tolik,Democrat_4Trump,1
sergeev_tolik,LudmilaKern,1
sergeev_tolik,PrisonPlanet,1
sergeev_tolik,RT_America,2
sergeev_tolik,RT_com,4
sergeev_tolik,WorldsApart_RT,1
sergeev_tolik,realDonaldTrump,1
shapka_mono,AP,1
shapka_mono,NevskyAlexandr,1
shikarnoel,RomaAcorn,1
shikarnoel,realDonaldTrump,1
shocko_10,EthanLDN,1
shocko_10,SBNLukeThomas,1
shocko_10,olearygav,1
shocko_10,piersmorgan,1
siccerthanyou,50nsexy2014,1
siccerthanyou,AceMackMW,1
siccerthanyou,Blavity,1
siccerthanyou,BobCallahan,1
siccerthanyou,DarlingEbony,1
siccerthanyou,Fidelia_Gabor,1
siccerthanyou,GOPLADYAMY,1
siccerthanyou,GreenPartyUS,1
siccerthanyou,ImThatGentleman,1
siccerthanyou,JJohnsonLaw,1
siccerthanyou,JamilSmith,2
siccerthanyou,JenniferJJacobs,1
siccerthanyou,JohnFugelsang,1
siccerthanyou,KaylinWinters2,1
siccerthanyou,L4urynKing,1
siccerthanyou,LouisFarrakhan,1
siccerthanyou,MichaelSkolnik,1
siccerthanyou,MrNegroMilitant,3
siccerthanyou,PoliticsPeach,1
siccerthanyou,RapHDTV,1
siccerthanyou,RawStory,1
siccerthanyou,Reverend_Scott,1
siccerthanyou,Russian_Starr,2
siccerthanyou,SCOTTGOHARD,1
siccerthanyou,ShaunKing,1
siccerthanyou,SocialinAlex,1
siccerthanyou,TUSK81,2
siccerthanyou,TalibKweli,1
siccerthanyou,TeaPainUSA,1
siccerthanyou,TeamJadaKiss1,1
siccerthanyou,TheBlackChannel,1
siccerthanyou,TheDailyEdge,1
siccerthanyou,TimBartender,1
siccerthanyou,Trump20never101,1
siccerthanyou,YoungDems4Trump,1
siccerthanyou,bassem_masri,1
siccerthanyou,blackplanet,1
siccerthanyou,blicqer,1
siccerthanyou,jaybeware,1
siccerthanyou,jmsexton_,1
siccerthanyou,moorbey,1
siccerthanyou,nine_oh,1
siccerthanyou,realjdobypr,2
siccerthanyou,richposlim,1
siccerthanyou,ronstew,1
siccerthanyou,samswey,1
siccerthanyou,sipsoul,1
siccerthanyou,thepoliticalcat,1
siccerthanyou,tintinnabulous,1
siccerthanyou,zimbabwekid,1
sincerepruitt,AnandWrites,1
sincerepruitt,DanteB4u,1
sincerepruitt,Fusion,3
sincerepruitt,JamilSmith,1
sincerepruitt,Luvvie,3
sincerepruitt,OANN,1
sincerepruitt,TalibKweli,1
sincerepruitt,TransGriot,1
sincerepruitt,Yamiche,1
sincerepruitt,blicqer,2
sincerepruitt,djolder,1
sincerepruitt,emergagent,1
skatewake1994,Beezer1776,1
skatewake1994,ConservBabes,1
skatewake1994,FillWerrell,1
skatewake1994,KrisParonto,1
skatewake1994,NimbleNavgater,1
skatewake1994,TomiLahren,1
skatewake1994,WalshFreedom,1
skatewake1994,benshapiro,2
skatewake1994,ca2texas,1
skatewake1994,charliekirk11,1
skatewake1994,marycmccormack,1
skatewake1994,realDonaldTrump,1
skatewake1994,thomascolumbuss,1
skatewake1994,wikileaks,1
sonderkatharina,tagesschau,1
southlonestar,America_1st_,2
southlonestar,Cernovich,1
southlonestar,FoxNews,2
southlonestar,GovMikeHuckabee,1
southlonestar,KellyannePolls,2
southlonestar,KilloughCNN,1
southlonestar,LindaSuhler,2
southlonestar,March_for_Trump,1
southlonestar,PrisonPlanet,2
southlonestar,RealAlexJones,1
southlonestar,SheriffClarke,1
southlonestar,TEN_GOP,5
southlonestar,TeamTrump,3
southlonestar,realDonaldTrump,1
southlonestar,rightnpr,1
southlonestar,tpartynews,4
southlonestar,wikileaks,1
sovasof,NevskyAlexandr,1
sovasof,realDonaldTrump,1
sovetnikstatski,HuffPostPol,1
sovetnikstatski,Ian56789,1
sovetnikstatski,K1erry,1
sovetnikstatski,PrisonPlanet,1
sovetnikstatski,RT_America,3
sovetnikstatski,RT_com,7
sovetnikstatski,SputnikInt,2
sovetnikstatski,TEN_GOP,1
sovetnikstatski,Yaro_RT,1
sovetnikstatski,ausoloda,1
sovetnikstatski,eugenbus,1
sovetnikstatski,realDonaldTrump,1
sovetnikstatski,wikileaks,1
stanley_cox_,AmericaFirst16,1
stanley_cox_,CassandraRules,1
stanley_cox_,ChristiChat,1
stanley_cox_,ConNewsNow,1
stanley_cox_,Conservative_VW,1
stanley_cox_,DVATW,1
stanley_cox_,Darren32895836,1
stanley_cox_,InnerDonald,1
stanley_cox_,Juliet777777,1
stanley_cox_,LindaSuhler,1
stanley_cox_,SandyShaffer75,1
stanley_cox_,The_Trump_Train,1
stanley_cox_,andersonDrLJA,1
stanley_cox_,immigrant4trump,1
stanley_cox_,just4funpolitic,1
stanley_cox_,michelelfrost,1
stanley_cox_,petefrt,1
stanley_cox_,realDonaldTrump,1
stanleyparris,AngryBlackLady,1
stanleyparris,AriMelber,1
stanleyparris,AustralianSambo,1
stanleyparris,Bastille_Kate,1
stanleyparris,BeauWillimon,1
stanleyparris,BlackInformant,4
stanleyparris,Blavity,1
stanleyparris,BrendanNyhan,1
stanleyparris,BrentNYT,1
stanleyparris,CNN,1
stanleyparris,CapehartJ,1
stanleyparris,CerromeRussell,1
stanleyparris,ClintSmithIII,1
stanleyparris,DShepperton,1
stanleyparris,DanteB4u,1
stanleyparris,Delo_Taylor,1
stanleyparris,EricHaywood,1
stanleyparris,FeministSpring,1
stanleyparris,Fusion,1
stanleyparris,GeorgeTakei,1
stanleyparris,HumanityCritic,1
stanleyparris,JLCauvin,2
stanleyparris,JSavoly,1
stanleyparris,JamilSmith,1
stanleyparris,JessicaTaylor,1
stanleyparris,Joe_Schmucc,1
stanleyparris,JoyAnnReid,4
stanleyparris,Karoli,1
stanleyparris,Liberienne,2
stanleyparris,MikeSpangenberg,1
stanleyparris,MileHighBrendan,1
stanleyparris,NaphiSoc,1
stanleyparris,Only4RM,1
stanleyparris,Papakila,1
stanleyparris,ReignOfApril,1
stanleyparris,Rob_Flaherty,1
stanleyparris,TalibKweli,5
stanleyparris,TheAvgBlackMan,4
stanleyparris,TheRealNews,1
stanleyparris,TheToast2016,1
stanleyparris,adair_brion,1
stanleyparris,amjoyshow,1
stanleyparris,angryblackhoemo,1
stanleyparris,baratunde,1
stanleyparris,bgg2wl,1
stanleyparris,blicqer,2
stanleyparris,bpolitics,1
stanleyparris,cecicardelle,1
stanleyparris,davidplouffe,1
stanleyparris,dbernstein,2
stanleyparris,ddiamond,1
stanleyparris,docrocktex26,1
stanleyparris,donnabrazile,3
stanleyparris,dperry913,1
stanleyparris,emokidsloveme,2
stanleyparris,farai,2
stanleyparris,ggreenwald,1
stanleyparris,insanityreport,1
stanleyparris,jaketapper,1
stanleyparris,jbarro,1
stanleyparris,jbouie,1
stanleyparris,jeeveswilliams,1
stanleyparris,jfreewright,1
stanleyparris,jkfecke,1
stanleyparris,joshtpm,1
stanleyparris,kharyp,1
stanleyparris,kylegriffin1,1
stanleyparris,lauraolin,1
stanleyparris,lowkell,1
stanleyparris,mdjacksondallas,1
stanleyparris,modernistwitch,1
stanleyparris,nealcarter,2
stanleyparris,nickconfessore,1
stanleyparris,owillis,4
stanleyparris,politicspodcast,1
stanleyparris,rembert,1
stanleyparris,samsteinhp,1
stanleyparris,sarahkendzior,1
stanleyparris,sassycrass,1
stanleyparris,sherifffruitfly,1
stanleyparris,starfishncoffee,1
stanleyparris,steph_bello,1
stanleyparris,theonlyadult,13
stanleyparris,thetrudz,1
stanleyparris,thewayoftheid,1
stanleyparris,tonyschwartz,1
stanleyparris,voxkev,1
stanleyparris,washingtonpost,1
stanleyparris,wkamaubell,1
stanleyparris,zpleat,1
staywoke88,5sose31d,1
staywoke88,ABC,1
staywoke88,ABCPolitics,1
staywoke88,AdamsFlaFan,1
staywoke88,AnnaHolmes,1
staywoke88,ApplegateCA49,1
staywoke88,BeeSaysPolitics,1
staywoke88,BelichickThis,1
staywoke88,BernieOrBustLA,1
staywoke88,BernieSanders,3
staywoke88,BeverleeHughes3,1
staywoke88,Big6domino,1
staywoke88,BkSherm1,1
staywoke88,BlackjediNow,1
staywoke88,BlckGirlsMatter,1
staywoke88,Blob_Fish,1
staywoke88,BodhisattvaKat,1
staywoke88,Burneddd,1
staywoke88,Chernynkaya,1
staywoke88,Coreybez1,1
staywoke88,Crislex,1
staywoke88,DCHomos,1
staywoke88,DailyNewsBin,1
staywoke88,Danethepain1,1
staywoke88,DarlingEbony,1
staywoke88,DebraMessing,1
staywoke88,DevilAngel1166,3
staywoke88,DrJillStein,1
staywoke88,EJLandwehr,2
staywoke88,EricBoehlert,1
staywoke88,EthicsAdvisor,2
staywoke88,FitzAaron,1
staywoke88,GadflyMorse,1
staywoke88,HAGOODMANAUTHOR,1
staywoke88,HillaryClinton,2
staywoke88,HitDaBoogiez,1
staywoke88,Hope012015,1
staywoke88,Impolitics,1
staywoke88,JChilds2015,1
staywoke88,JRehling,1
staywoke88,JSavoly,1
staywoke88,JamilahLemieux,1
staywoke88,JerryBriant,1
staywoke88,JimmyBear2,1
staywoke88,JoeBiden,1
staywoke88,JordanChariton,1
staywoke88,JoyAnnReid,2
staywoke88,KeithOlbermann,1
staywoke88,KingMiller_,1
staywoke88,LaurieM07,1
staywoke88,M_Gelin,1
staywoke88,MalcolmJamalWar,1
staywoke88,MatriarchAthena,1
staywoke88,MattGertz,1
staywoke88,MayaGoodfellow,1
staywoke88,MikeElChingon,1
staywoke88,MoeAlayan,1
staywoke88,MovieJay,1
staywoke88,NHLABOR_NEWS,1
staywoke88,NYDailyNews,1
staywoke88,NatCounterPunch,1
staywoke88,NewDay,1
staywoke88,NoBigotZone,1
staywoke88,NovemberBlue347,1
staywoke88,NubianAwakening,1
staywoke88,Nupe117,1
staywoke88,Only4RM,1
staywoke88,OnlyTruthReign,1
staywoke88,Opinionrupter,1
staywoke88,PapaESoCo,1
staywoke88,Politics_PR,1
staywoke88,PuestoLoco,1
staywoke88,RB_0007,1
staywoke88,RealMuckmaker,1
staywoke88,ReverantRevan,2
staywoke88,Salon,1
staywoke88,SamGriot,2
staywoke88,SankofaBrown,1
staywoke88,Sir_Lamar,1
staywoke88,Solutioneer72,2
staywoke88,SoniaKatiMota,2
staywoke88,Sugarcubedog,1
staywoke88,SupaScoopa_,1
staywoke88,Taniel,1
staywoke88,TheBlackChannel,1
staywoke88,TheDailyShow,1
staywoke88,TheObamanista,1
staywoke88,TheProWave,1
staywoke88,ThomasB00001,1
staywoke88,TrueFactsStated,1
staywoke88,Trump_Truther,1
staywoke88,Trumpnado2016,1
staywoke88,UrFavCharity,1
staywoke88,VABVOX,1
staywoke88,Yamiche,1
staywoke88,YourAnonNews,1
staywoke88,_davidlucas_,1
staywoke88,adamjohnsonNYC,1
staywoke88,add,1
staywoke88,adjordan,2
staywoke88,aravosis,1
staywoke88,armanwalker,1
staywoke88,baytato,1
staywoke88,bethreinhard,1
staywoke88,blackvoices,1
staywoke88,blicqer,2
staywoke88,brothajitu,1
staywoke88,catchatweetdown,1
staywoke88,craftyme25,1
staywoke88,ddale8,1
staywoke88,dierdrelewis,1
staywoke88,djbratpack,1
staywoke88,dwnews,1
staywoke88,emigre80,1
staywoke88,ethanjudelson,1
staywoke88,feistybunnygirl,1
staywoke88,felixgilman,1
staywoke88,flemingjude,1
staywoke88,fonzfranc,1
staywoke88,gregolson55,1
staywoke88,hansmollman,1
staywoke88,i_AM_theChange,1
staywoke88,imgutter718,1
staywoke88,imillhiser,1
staywoke88,jazzypeanuts,1
staywoke88,jemelehill,1
staywoke88,jojokejohn,1
staywoke88,jptrib1,1
staywoke88,khanknee,1
staywoke88,killerbee805,1
staywoke88,kimfrederi,1
staywoke88,kylegriffin1,1
staywoke88,linnyitssn,1
staywoke88,mattdpearce,1
staywoke88,matunos,1
staywoke88,melissagira,1
staywoke88,melreynoldsU,1
staywoke88,mviser,1
staywoke88,nobarriers2016,1
staywoke88,nwmalinowski,1
staywoke88,onlymeindc,1
staywoke88,pharris830,1
staywoke88,poojaslays,1
staywoke88,rqskye,1
staywoke88,sallykohn,1
staywoke88,saneprogressive,1
staywoke88,sarahjanebren,1
staywoke88,sethgs,1
staywoke88,shariline,2
staywoke88,shellytheoracle,1
staywoke88,starfirst,1
staywoke88,stevesilberman,1
staywoke88,theintercept,2
staywoke88,thepoliticalcat,7
staywoke88,timkaine,1
staywoke88,tommyc918,1
staywoke88,tonycruzdj,1
staywoke88,trueblacknews,1
staywoke88,tvkatesnow,1
staywoke88,vlexiz,1
staywoke88,wikileaks,1
stepansazono,RT_com,2
stepansazono,TrumpNewss,2
stepansazono,thehill,1
stepansazono,woodys3333,1
sternandreas404,SPIEGELONLINE,1
sternandreas404,mpitzke,1
susayung,Delo_Taylor,1
susayung,JoyAnnReid,3
susayung,MariaChappelleN,1
susayung,MissJupiter1957,1
susayung,MsPackyetti,1
susayung,OANN,1
susayung,PeoplesReport,1
susayung,SherSpooner,1
susayung,TalibKweli,1
susayung,TheDailyEdge,1
susayung,TheRevAl,1
susayung,Yamiche,1
susayung,blicqer,1
susayung,business,1
susayung,fivefifths,1
susayung,justinjm1,1
susayung,lsarsour,1
susayung,paix120,1
susayung,theintercept,1
taisiaavdeeva,HolgerEekhof,1
taisiaavdeeva,RT_America,5
taisiaavdeeva,RT_com,6
taisiaavdeeva,RealAlexJones,1
taisiaavdeeva,ValLisitsa,1
taisiaavdeeva,joshrogin,1
taisiaavdeeva,narod_detektiv,1
taisiaavdeeva,rafshmatko,1
taisiaavdeeva,theLemniscat,1
taisiaavdeeva,wikileaks,3
taraformation,BET,1
taraformation,CNNPolitics,1
taraformation,DawnJetLe,1
taraformation,DrJillStein,1
taraformation,HipHopNewsOne,1
taraformation,JoyAnnReid,1
taraformation,MCHammer,1
taraformation,MHarrisPerry,1
taraformation,MrNegroMilitant,1
taraformation,NateSilver538,1
taraformation,Patsy1207,1
taraformation,PpollingNumbers,1
taraformation,ReutersPolitics,1
taraformation,ShaunKing,1
taraformation,TalibKweli,1
taraformation,Tuniekc,1
taraformation,VeryWhiteGuy,1
taraformation,WhiteHouse,1
taraformation,anamariecox,1
taraformation,anthony9843,1
taraformation,becket,1
taraformation,blicqer,2
taraformation,hibbs101,1
taraformation,jonfavs,1
taraformation,kylegriffin1,1
taraformation,mattdpearce,1
taraformation,thehill,1
ten_gop,Always_Trump,1
ten_gop,America_1st_,10
ten_gop,AngeloJohnGage,1
ten_gop,Bikers4Trump,1
ten_gop,Blacks4DTrump,2
ten_gop,Cernovich,1
ten_gop,DBloom451,1
ten_gop,Darren32895836,1
ten_gop,Donwood72,1
ten_gop,FreeDavidKing,1
ten_gop,GopAaron,1
ten_gop,JaredWyand,1
ten_gop,KristiRobins10,1
ten_gop,Manni_syd,1
ten_gop,March_for_Trump,7
ten_gop,Millerita,1
ten_gop,NiceAndReal,1
ten_gop,Pamela_Moore13,3
ten_gop,TEN_GOP,9
ten_gop,USA_Gunslinger,1
ten_gop,_Makada_,1
ten_gop,asamjulian,1
ten_gop,cuqui0712,1
ten_gop,debraslack,1
ten_gop,deplorabletexas,1
ten_gop,dmartosko,1
ten_gop,gay4jjp,1
ten_gop,jbclemson,1
ten_gop,rightnpr,1
ten_gop,tpartynews,32
tessyelmore,JoyAnnReid,1
tessyelmore,TheDailyEdge,1
tessyelmore,aedwardslevy,1
tessyelmore,blackvoices,1
tessyelmore,elonjames,1
tessyelmore,mcurryfelidae07,1
tessyelmore,prophetsofrage,1
tessyelmore,thedailybeast,1
tezaharov,IndyVoices,1
tezaharov,PressTV,1
tezaharov,RT_America,3
tezaharov,RT_com,2
tezaharov,kpru,1
thefoundingson,0HOUR1__,1
thefoundingson,JaredWyand,8
thefoundingson,PoliticalShort,1
thefoundingson,PrisonPlanet,2
thefoundingson,SecularKafir,1
thefoundingson,TheFoundingSon,52
thefoundingson,hrtablaze,1
thefoundingson,realDonaldTrump,1
thefoundingson,realJackHu,1
thefoundingson,scrowder,1
thefoundingson,tallmaurice,1
thefoundingson,warriors_mom,1
tinatkurtz1222,tagesschau,1
todayinsyria,mutludc,1
toneporter,ATHEIST_Blessed,2
toneporter,AbhishekPrtp,1
toneporter,CumuloPhallus,1
toneporter,Daleyinsanity,1
toneporter,GeffGefferson1,1
toneporter,Goodluckbeer,1
toneporter,JD_Snapps,1
toneporter,KeswickPinhead,1
toneporter,KipperNY42,1
toneporter,Longhairleeroy,1
toneporter,Mephist0paulus,1
toneporter,Salon,1
toneporter,SebastianBae,1
toneporter,SethGoodtime,1
toneporter,TGJones_62,1
toneporter,TimKcomic,1
toneporter,Voycer100,1
toneporter,WHOAwhatthefuck,1
toneporter,Z4RT4N,1
toneporter,chiefplan1,1
toneporter,eddywaraich91,1
toneporter,googergieger,1
toneporter,iSAL9000,1
toneporter,kevin_m_hart,1
toneporter,meyer2311,1
toneporter,neverhipster,1
toneporter,p2j303,1
toneporter,randilynisin,1
toneporter,theclobra,1
toneporter,therealezway,3
tpartynews,Blacks4DTrump,7
tpartynews,BreitbartNews,1
tpartynews,DBloom451,1
tpartynews,DiamondandSilk,1
tpartynews,GOP,1
tpartynews,March_for_Trump,1
tpartynews,Pamela_Moore13,3
tpartynews,Pen_Air,1
tpartynews,RealTEN_GOP,5
tpartynews,ScottSaxman1,1
tpartynews,SouthLoneStar,1
tpartynews,TEN_GOP,47
tpartynews,TeamTrump,1
tpartynews,UTHornsRawk,1
tpartynews,Veteran4Trump,1
tpartynews,kbari12,1
tpartynews,realDonaldTrump,1
tpartynews,rightnpr,8
tpartynews,tpartynews,1
tpartynews,wikileaks,1
traceyhappymom,AdelG9,1
traceyhappymom,AlegnaDas,1
traceyhappymom,AndyHashtagger,5
traceyhappymom,AnnoGalactic,1
traceyhappymom,BabyJannyMeow,1
traceyhappymom,BadRonen,1
traceyhappymom,BardleyRex,1
traceyhappymom,Born_To_DYE,1
traceyhappymom,BuckFradley,2
traceyhappymom,BuzzFeed,1
traceyhappymom,ChrixMorgan,2
traceyhappymom,CinnaHenry,1
traceyhappymom,CulturedRuffian,1
traceyhappymom,CumuloPhallus,1
traceyhappymom,DALLASNITES,1
traceyhappymom,DFinnB,1
traceyhappymom,DanaGeezus,4
traceyhappymom,DanielAshley13,1
traceyhappymom,Dreamweasel,2
traceyhappymom,Edwardaespinoza,1
traceyhappymom,Eliud_S_Terra,1
traceyhappymom,Emptydata,1
traceyhappymom,FightNowAmerica,1
traceyhappymom,FunnyPantsTV,1
traceyhappymom,GG70882020,1
traceyhappymom,Gamiliell,1
traceyhappymom,GeffGefferson1,1
traceyhappymom,GiselleEvns,3
traceyhappymom,GreatWhiteShuck,1
traceyhappymom,HillaryClinton,2
traceyhappymom,IlikeBIGbuttand,2
traceyhappymom,JackDrees,2
traceyhappymom,JamesMorgan92,2
traceyhappymom,JohnFPLane,1
traceyhappymom,KathieMrr,2
traceyhappymom,KerrinTarr,1
traceyhappymom,KipperNY42,1
traceyhappymom,LeeCamp,1
traceyhappymom,LoLo_OOC,1
traceyhappymom,LowKeySwag412,3
traceyhappymom,MasterJediMara,1
traceyhappymom,NetAdvisor,1
traceyhappymom,NoEinLonardo,1
traceyhappymom,Obambulator,1
traceyhappymom,OnPirateSat,1
traceyhappymom,Quinntessence_,1
traceyhappymom,ReallyRealSteve,1
traceyhappymom,SeeDaneRun,1
traceyhappymom,Shane_Rodenbeck,2
traceyhappymom,ShyHoodieGirl,1
traceyhappymom,TheDChamberlin,1
traceyhappymom,TheDailyShow,1
traceyhappymom,TheZenGardner,1
traceyhappymom,ThisSideOp,1
traceyhappymom,TrivagoD,1
traceyhappymom,Venti_Poet,1
traceyhappymom,Yapyappity,1
traceyhappymom,aaronsayswhat1,1
traceyhappymom,alexypkeaton,1
traceyhappymom,bryanbehar,1
traceyhappymom,bunnyhugger75,1
traceyhappymom,cdigitech,1
traceyhappymom,charley_ck14,1
traceyhappymom,chiefplan1,7
traceyhappymom,cnnbrk,1
traceyhappymom,cutupx2,1
traceyhappymom,fatalmocking,1
traceyhappymom,hashtag_darren,1
traceyhappymom,im_srishabh21,2
traceyhappymom,jamesmarie33,1
traceyhappymom,jeffuschrist,1
traceyhappymom,kearns_neil,1
traceyhappymom,ksoileau,1
traceyhappymom,lilylanphear,1
traceyhappymom,lisa5gk,1
traceyhappymom,meyer2311,1
traceyhappymom,outrageous74,1
traceyhappymom,paleblueeyes24,1
traceyhappymom,parakeet84,1
traceyhappymom,pdiddy71,1
traceyhappymom,realdaveshelton,1
traceyhappymom,republicanbob,1
traceyhappymom,rikroku,2
traceyhappymom,robhagee,1
traceyhappymom,snowyjim1,1
traceyhappymom,stormynights10,1
traceyhappymom,theclobra,2
traceyhappymom,therealezway,3
traceyhappymom,traceyhappymom,1
traceyhappymom,weirdsavant,1
travisrespek,AngryBlackLady,1
travisrespek,AriMelber,1
travisrespek,BlackAmericaWeb,1
travisrespek,Blavity,1
travisrespek,Bossip,4
travisrespek,CerromeRussell,1
travisrespek,Channel4News,1
travisrespek,ChrissyCole,1
travisrespek,DrReneeObey,1
travisrespek,Fusion,1
travisrespek,HillaryClinton,1
travisrespek,JamilSmith,3
travisrespek,JamilahLemieux,1
travisrespek,JoyAnnReid,2
travisrespek,KELLYWEILL,1
travisrespek,LDBurnett,1
travisrespek,MarjorieIam,1
travisrespek,Power106LA,1
travisrespek,PpollingNumbers,1
travisrespek,RSwirling,1
travisrespek,RevJJackson,1
travisrespek,RyanLizza,1
travisrespek,SamuelKRoberts,1
travisrespek,SheenBean32,1
travisrespek,SonofBaldwin,1
travisrespek,SopanDeb,2
travisrespek,TalibKweli,1
travisrespek,TaraSetmayer,1
travisrespek,TefPoe,1
travisrespek,TheBeyHiveTeam,1
travisrespek,TransGriot,1
travisrespek,VanJones68,1
travisrespek,XXL,1
travisrespek,ajplus,1
travisrespek,baratunde,2
travisrespek,blicqer,1
travisrespek,blowryontv,1
travisrespek,bpolitics,1
travisrespek,chrislhayes,1
travisrespek,donilo252525,1
travisrespek,elonjames,1
travisrespek,geoffwisner,1
travisrespek,ggreenwald,2
travisrespek,goldietaylor,3
travisrespek,huffpostqueer,1
travisrespek,jasoncollins98,1
travisrespek,jbouie,2
travisrespek,jessesingal,1
travisrespek,jilltwiss,1
travisrespek,kylegriffin1,1
travisrespek,listonaj,1
travisrespek,metroadlib,1
travisrespek,ndrew_lawrence,1
travisrespek,nukirk,1
travisrespek,nxthompson,1
travisrespek,nytimes,1
travisrespek,owillis,4
travisrespek,pbump,1
travisrespek,samswey,1
travisrespek,scottbix,1
travisrespek,thehill,2
travisrespek,therealbakari,1
travisrespek,thetrudz,1
travisrespek,zackroth,1
travisrespek,zellieimani,1
trayneshacole,1Delvin,1
trayneshacole,6PAPl,1
trayneshacole,BamonFFpoetry,1
trayneshacole,BleepThePolice,7
trayneshacole,DefonceMaureen,1
trayneshacole,Justis4u,1
trayneshacole,OFFTOMARS11531,1
trayneshacole,TimberGhost7,1
trayneshacole,TrayneshaCole,2
trayneshacole,catherinemario2,1
trayneshacole,cob_iam,1
trayneshacole,dodgrlvr33,1
trayneshacole,gloed_up,36
trayneshacole,immigrantdoll,1
trayneshacole,itsninapole,1
trayneshacole,jitrbug,2
trayneshacole,stephyroze,1
trayneshacole,xnexsa,1
ttlenlen,RomaAcorn,1
ttsvetkov,BuzzFeedNews,1
ttsvetkov,ForeignPolicy,1
ttsvetkov,GraniTweet,1
ttsvetkov,KSHN,1
ttsvetkov,Khinshtein,1
ttsvetkov,McFaul,1
ttsvetkov,StanfordCISAC,1
ttsvetkov,aavst,1
usa_gunslinger,6549lmartin,1
usa_gunslinger,Always_Trump,2
usa_gunslinger,America_1st_,1
usa_gunslinger,AmericanMex067,1
usa_gunslinger,BasedFaggotFTW,1
usa_gunslinger,Cernovich,1
usa_gunslinger,ChristiChat,1
usa_gunslinger,DeplorableBride,1
usa_gunslinger,DonaldjBismarck,1
usa_gunslinger,FoxNews,2
usa_gunslinger,GOP,1
usa_gunslinger,KellyannePolls,2
usa_gunslinger,KristiRobins10,1
usa_gunslinger,LiberteeMatters,1
usa_gunslinger,LindaSuhler,3
usa_gunslinger,March_for_Trump,2
usa_gunslinger,MarshallNYC,1
usa_gunslinger,NRA,1
usa_gunslinger,NimbleNavgater,1
usa_gunslinger,NolteNC,1
usa_gunslinger,OnMessageForHer,2
usa_gunslinger,PrisonPlanet,2
usa_gunslinger,RealTEN_GOP,1
usa_gunslinger,RealVinnieJames,1
usa_gunslinger,SheriffClarke,1
usa_gunslinger,StefanMolyneux,2
usa_gunslinger,TEN_GOP,6
usa_gunslinger,TallahForTrump,1
usa_gunslinger,TeamTrump,3
usa_gunslinger,Thomas1774Paine,1
usa_gunslinger,bocavista2016,1
usa_gunslinger,cuqui0712,1
usa_gunslinger,hoodsonco,1
usa_gunslinger,hrtablaze,1
usa_gunslinger,just4funpolitic,1
usa_gunslinger,kinni00,1
usa_gunslinger,realDonaldTrump,1
usa_gunslinger,screenwriter,1
usa_gunslinger,steph93065,1
usa_gunslinger,tpartynews,1
usa_gunslinger,trumpamerican,1
usa_gunslinger,wikileaks,1
valeyina_dm,BI_Defense,1
valeyina_dm,OceanEchoes,1
valeyina_dm,RT_America,5
valeyina_dm,RT_com,7
valeyina_dm,SputnikInt,1
valeyina_dm,realDonaldTrump,1
valeyina_dm,wikileaks,1
vasilichvasili,CNN,1
vasilichvasili,Cernovich,1
vasilichvasili,IngrahamAngle,1
vasilichvasili,LatestAnonNews,1
vasilichvasili,RT_America,6
vasilichvasili,RT_com,6
vasilichvasili,RealFKNNews,2
vasilichvasili,RealScottErnst,1
vasilichvasili,fubaglady,1
vasilichvasili,narod_detektiv,1
vasilichvasili,wikileaks,1
vasilichvasili,zvezdanews,1
viborisova,NAKalinin59,1
viborisova,RT_America,1
viborisova,RT_com,4
viborisova,SputnikInt,1
wadeharriot,0IIIIIII0_GIRL,1
wadeharriot,1_Hoof_Hearted,1
wadeharriot,1skycaptain,1
wadeharriot,2ALAW,3
wadeharriot,55spots,1
wadeharriot,AIIAmericanGirI,1
wadeharriot,AJC4others,1
wadeharriot,AMTrump4PRES,1
wadeharriot,ANOMALY1,1
wadeharriot,AWRHawkins,1
wadeharriot,AbnInfVet,1
wadeharriot,AdamParkhomenko,1
wadeharriot,Adam_Taxin,1
wadeharriot,AgentSergeevna,1
wadeharriot,AlanNTE,1
wadeharriot,AlaraStarshine,1
wadeharriot,Always_Trump,3
wadeharriot,American1765,1
wadeharriot,AmericanVoterUS,1
wadeharriot,AmyMek,2
wadeharriot,AndrewArlink,1
wadeharriot,AnnCoulter,3
wadeharriot,AshleyEdam,1
wadeharriot,BDB2360,1
wadeharriot,Babbsgirl2,1
wadeharriot,BarbMuenchen,1
wadeharriot,BayShoreIsHome,1
wadeharriot,BeladonnaRogers,1
wadeharriot,BenHowe,1
wadeharriot,BenWilhelm1230,1
wadeharriot,BestRDSP,1
wadeharriot,Bidenshairplugz,1
wadeharriot,Bill_Rhodes54,1
wadeharriot,BlissTabitha,1
wadeharriot,BoSnerdley,1
wadeharriot,Boazziz,1
wadeharriot,Bobby9527,1
wadeharriot,Bodisha,1
wadeharriot,BrianPaulStuart,1
wadeharriot,BrunoAm05317727,1
wadeharriot,CClaudiabarry,1
wadeharriot,CROWENATION2016,1
wadeharriot,CTIronman,1
wadeharriot,CTPhil3,1
wadeharriot,CandaceSmith_,1
wadeharriot,CaptYonah,1
wadeharriot,CarmineZozzora,2
wadeharriot,Carolde,2
wadeharriot,CatBollar,1
wadeharriot,Cernovich,1
wadeharriot,CharMarieC,1
wadeharriot,ChatRevolve,1
wadeharriot,Chbz_,1
wadeharriot,ChrisRBarron,1
wadeharriot,ChristiChat,3
wadeharriot,CodeAud,1
wadeharriot,Cold1957,1
wadeharriot,Conservatexian,4
wadeharriot,CounterJihadUS,1
wadeharriot,Craigipedia,1
wadeharriot,CreatveMonster,1
wadeharriot,D1N49GEE,1
wadeharriot,DBHnBuckhead,1
wadeharriot,DBloom451,1
wadeharriot,DCDude1776,1
wadeharriot,DRUDGE_REPORT,2
wadeharriot,DTOMVII,1
wadeharriot,DVATW,1
wadeharriot,DailyCaller,4
wadeharriot,DanMartin_cards,1
wadeharriot,DarHuddleston,1
wadeharriot,Dar_Thatcher,1
wadeharriot,DarkStream,1
wadeharriot,Darren32895836,4
wadeharriot,DataBoots,1
wadeharriot,DclareDiane,2
wadeharriot,Deb4trump66,1
wadeharriot,Destinbeach22,1
wadeharriot,DevinSavageLive,1
wadeharriot,DiamondandSilk,1
wadeharriot,DineshDSouza,1
wadeharriot,DluhosBecky,1
wadeharriot,Dlw20161950,1
wadeharriot,Don_Vito_08,1
wadeharriot,DonaldJTrumpJr,1
wadeharriot,DonnaLedford8,1
wadeharriot,Doug_39,1
wadeharriot,DrMartyFox,2
wadeharriot,DragonForce_One,1
wadeharriot,Drudge_Siren,1
wadeharriot,Duanep5Duane,1
wadeharriot,DukeNukemSez,1
wadeharriot,EDinCali,1
wadeharriot,EjHirschberger,1
wadeharriot,ElianaBenador,1
wadeharriot,ElsiePeltz1,1
wadeharriot,ErinBSullivan,1
wadeharriot,ErosBonazzi,1
wadeharriot,Eugene_Scott,1
wadeharriot,Eusebia_Alexa,1
wadeharriot,EvelynGarone,1
wadeharriot,ExtremeBalance,1
wadeharriot,FDRLST,1
wadeharriot,FearDept,1
wadeharriot,Filledwithhope5,1
wadeharriot,FiveRights,1
wadeharriot,FoodPicsForYou,1
wadeharriot,FoxBusiness,1
wadeharriot,FoxNews,1
wadeharriot,Fr3333dom,1
wadeharriot,FranCifelli,1
wadeharriot,FreeDavidKing,2
wadeharriot,GDLtothePDX,1
wadeharriot,GOPReload,1
wadeharriot,Gabriel4Trump16,1
wadeharriot,GaetaSusan,3
wadeharriot,GartrellLinda,1
wadeharriot,GideonHenry,1
wadeharriot,GigiTracyXO,1
wadeharriot,GiselleEvns,1
wadeharriot,Glaivester,1
wadeharriot,GnadeGary,1
wadeharriot,GolanMay,1
wadeharriot,GoldStarMomTX55,1
wadeharriot,GopSux2,1
wadeharriot,GotDeanerys,1
wadeharriot,GovMikeHuckabee,1
wadeharriot,GrimReaper913,1
wadeharriot,HannibalBarca65,1
wadeharriot,HarveyAckerman,1
wadeharriot,HawksAffair,1
wadeharriot,HillarysHammer,1
wadeharriot,HlLLARYCLINT0N,1
wadeharriot,HomerWhite,1
wadeharriot,Homimp1,1
wadeharriot,HoustonWelder,1
wadeharriot,Hyperslw4Trump,1
wadeharriot,ISABELVERDECIA,1
wadeharriot,I_AmAmerica,1
wadeharriot,ImDeeplorable,2
wadeharriot,Im_blowing_up,1
wadeharriot,InGodIDoTrust,2
wadeharriot,Independent,1
wadeharriot,InfowarsReports,1
wadeharriot,InvestWatchBlog,1
wadeharriot,JAmy208,1
wadeharriot,JLPtalk,1
wadeharriot,JRubinBlogger,1
wadeharriot,JTSantucci,1
wadeharriot,JUDAHsCHILDREN,1
wadeharriot,JamesABaade,1
wadeharriot,JamesOKeefeIII,1
wadeharriot,JamieW1776,1
wadeharriot,JaredWyand,3
wadeharriot,JayFivekiller,1
wadeharriot,JeffreyMDavids1,1
wadeharriot,JewhadiTM,1
wadeharriot,JimHumbert,1
wadeharriot,JoeHNewYork,2
wadeharriot,JoeMilord,1
wadeharriot,Joe_America1776,2
wadeharriot,JohnFromCranber,1
wadeharriot,JohnKStahlUSA,7
wadeharriot,JohnPena03,1
wadeharriot,Johnatsrs1949,1
wadeharriot,JohnnyFoxRox,1
wadeharriot,Jrgreen737,1
wadeharriot,JudicialWatch,1
wadeharriot,Juliet777777,1
wadeharriot,JuneW12345,1
wadeharriot,KathyShelton_,1
wadeharriot,KatrinaPierson,1
wadeharriot,KeeponTrumppin,1
wadeharriot,KellyannePolls,4
wadeharriot,KilloughCNN,1
wadeharriot,KissAFroggy,1
wadeharriot,Knight276,1
wadeharriot,LVNancy,1
wadeharriot,Lagartija_Nix,1
wadeharriot,LauraLeeBordas,1
wadeharriot,LighteningBoldt,1
wadeharriot,LindaRockers,1
wadeharriot,LindaSuhler,5
wadeharriot,Linnlondon1,1
wadeharriot,LivNow,1
wadeharriot,LogicalCampaign,1
wadeharriot,LouDobbs,5
wadeharriot,MAGANIFICENT,1
wadeharriot,MIKE1669,1
wadeharriot,MZHemingway,1
wadeharriot,Maddog5827,1
wadeharriot,MarieMa49685063,1
wadeharriot,Markallenjobe1,1
wadeharriot,MartyBonkowski,1
wadeharriot,MaxCUA,1
wadeharriot,McDebida,1
wadeharriot,MeettheClooneys,1
wadeharriot,MegMegaBlocks,1
wadeharriot,Miami4Trump,5
wadeharriot,MightyBusterBro,1
wadeharriot,MiltonWolfMD,1
wadeharriot,MissLizzyNJ,2
wadeharriot,MonicaCrowley,1
wadeharriot,MoronPres,1
wadeharriot,MorvantCheryl,1
wadeharriot,MrsScottBaio,1
wadeharriot,MyInfoLaura1,1
wadeharriot,NHRAMom,1
wadeharriot,NRA,1
wadeharriot,NYCCouncil,1
wadeharriot,Nan33S,1
wadeharriot,NataliasDad,1
wadeharriot,NeilTurner_,1
wadeharriot,NetworksManager,3
wadeharriot,NewsTodayUS2,1
wadeharriot,Nigel22222,1
wadeharriot,NimbleNavgater,1
wadeharriot,NoCaliphate,1
wadeharriot,NoahGrayCNN,1
wadeharriot,NolteNC,2
wadeharriot,NubianAwakening,2
wadeharriot,OffGridInThePNW,1
wadeharriot,Old_Bern_Kenobi,1
wadeharriot,Onelifetogive,1
wadeharriot,Orangeblood2012,1
wadeharriot,Ou812DT,1
wadeharriot,PETERtheROMANc,1
wadeharriot,PFencesMusic,1
wadeharriot,PJMorum,1
wadeharriot,PMgeezer,2
wadeharriot,PatDollard,6
wadeharriot,PatVPeters,1
wadeharriot,PatriotCzar,1
wadeharriot,PatriotGeorgia,1
wadeharriot,Patriot_MM,1
wadeharriot,PattiSM74,1
wadeharriot,PhxKen,1
wadeharriot,PizzaPartyBen,2
wadeharriot,Pjw20161951,1
wadeharriot,PolFurn,1
wadeharriot,PolitiBunny,1
wadeharriot,PoliticalFire76,1
wadeharriot,PoliticalShort,1
wadeharriot,PolyPatriot,1
wadeharriot,PrisonPlanet,2
wadeharriot,RNRLouisiana,1
wadeharriot,RNcat50,1
wadeharriot,RPW260567,1
wadeharriot,RWs352,1
wadeharriot,R_Daneel_0livaw,1
wadeharriot,R_del_Mar,1
wadeharriot,Rambobiggs,1
wadeharriot,RapefugeeWatch,2
wadeharriot,RealDJTrumpTeam,1
wadeharriot,RealDonald4Pres,1
wadeharriot,RealJamesWoods,3
wadeharriot,RealMuckmaker,1
wadeharriot,RealNinjetta,1
wadeharriot,RedNationRising,1
wadeharriot,Reid_CO,1
wadeharriot,ReignsFreedom,2
wadeharriot,Reince,1
wadeharriot,Renokenopam,1
wadeharriot,RepStevenSmith,1
wadeharriot,RepublicanChick,1
wadeharriot,RhonUSA,1
wadeharriot,Ricky_Vaughn99,1
wadeharriot,Rightway4USA,1
wadeharriot,RitzyBacon2,1
wadeharriot,Rockprincess818,1
wadeharriot,Roy___Rogers,1
wadeharriot,SCUBAVeteran,1
wadeharriot,STRONG_OPED,1
wadeharriot,SamPeiffer,1
wadeharriot,SamWhiteTky,1
wadeharriot,SandraTXAS,1
wadeharriot,ScottPresler,3
wadeharriot,Scrufey21,1
wadeharriot,SeanY35,1
wadeharriot,SerendipityDizl,1
wadeharriot,SheBWicked,1
wadeharriot,ShennaFoxMusic,1
wadeharriot,SheriffClarke,1
wadeharriot,ShillForHillary,1
wadeharriot,Shooters_Wife,1
wadeharriot,ShowoffByDesign,1
wadeharriot,SidNOLE,1
wadeharriot,SmurfBoobs,1
wadeharriot,Snitfit,1
wadeharriot,SonofLiberty357,2
wadeharriot,SouthBoulder,1
wadeharriot,SpecialKMB1969,3
wadeharriot,StatesPoll,1
wadeharriot,Stevenwhirsch99,2
wadeharriot,Stonewall_77,1
wadeharriot,Sully21,1
wadeharriot,Superman6869,1
wadeharriot,TEN_GOP,4
wadeharriot,TPoliticmanager,1
wadeharriot,TRUMPMOVEMENTUS,1
wadeharriot,TRUMPWOMENMATT1,1
wadeharriot,TRUMP_PREZ,1
wadeharriot,TammyNayh,1
wadeharriot,Tanya_USA,1
wadeharriot,TeaParty_CA,1
wadeharriot,TeamTrump,3
wadeharriot,TeamTrumpAZ,1
wadeharriot,Tex1944,1
wadeharriot,ThankYouDonald,1
wadeharriot,TheDuran_com,1
wadeharriot,TheFoundingSon,1
wadeharriot,TheLastRefuge2,1
wadeharriot,TheOliverStone,1
wadeharriot,TheRealFixNow,1
wadeharriot,TheRightRush,1
wadeharriot,TheTrumpLady,1
wadeharriot,The_Trump_Train,1
wadeharriot,ThinkSayGo,1
wadeharriot,TimberlineD,1
wadeharriot,TomiLahren,1
wadeharriot,ToscaAusten,1
wadeharriot,TruckerBobS,1
wadeharriot,Trump4Pres0225,1
wadeharriot,TrumpLion1776,1
wadeharriot,TrumpVolume,1
wadeharriot,TrumpWeLikeYou,1
wadeharriot,Trump_Videos,1
wadeharriot,Trump_time,1
wadeharriot,Trumparama,1
wadeharriot,TruthseekerOO7,1
wadeharriot,USAneedsTRUMP,2
wadeharriot,UTHornsRawk,2
wadeharriot,UnPoliticalPrty,1
wadeharriot,UpYoursTwitr,1
wadeharriot,V_of_Europe,1
wadeharriot,Varneyco,1
wadeharriot,VeBo1991,1
wadeharriot,Vendetta92429,1
wadeharriot,Veteran4Trump,2
wadeharriot,VickiMDonovan,1
wadeharriot,VictoriaValor,1
wadeharriot,VinnieVagabond,1
wadeharriot,VioletaCarieles,2
wadeharriot,VivaLaAmes,3
wadeharriot,VoteTrumpPics,1
wadeharriot,WDFx2EU7,6
wadeharriot,WDFx2EU8,1
wadeharriot,WSCP1,1
wadeharriot,WSJ,1
wadeharriot,WayneDupreeShow,1
wadeharriot,WeLoveJillStein,1
wadeharriot,WellThought_Out,1
wadeharriot,WenMaMa2,1
wadeharriot,WesleyRickard,2
wadeharriot,Whitewolfpacker,1
wadeharriot,WhoWolfe,1
wadeharriot,WillisShepherd,1
wadeharriot,WyverShago,1
wadeharriot,Xamerican,1
wadeharriot,YeeeeMut,1
wadeharriot,YoungDems4Trump,1
wadeharriot,YoungLa03783349,1
wadeharriot,Youth4Palin,1
wadeharriot,Zeke311,1
wadeharriot,ZornowCharlie,1
wadeharriot,_Makada_,2
wadeharriot,_Proud_American,1
wadeharriot,afezio1952,1
wadeharriot,akawhit1,1
wadeharriot,alaskantexanQCT,1
wadeharriot,amrightnow,1
wadeharriot,asamjulian,1
wadeharriot,atensnut,1
wadeharriot,avanconia,1
wadeharriot,babe_elder,1
wadeharriot,belvdere,1
wadeharriot,best_ever_potus,1
wadeharriot,bethyw,1
wadeharriot,betseyross,1
wadeharriot,bfraser747,2
wadeharriot,blakehounshell,1
wadeharriot,blhills,1
wadeharriot,bloodless_coup,1
wadeharriot,bocavista2016,1
wadeharriot,bpolitics,1
wadeharriot,carlous365,1
wadeharriot,carol_holman,3
wadeharriot,carolinagirl63,1
wadeharriot,cbinflux,2
wadeharriot,cdnrod,1
wadeharriot,chng0115,1
wadeharriot,christymatson64,1
wadeharriot,cjharrispretzer,1
wadeharriot,col_nj,1
wadeharriot,colettey6,1
wadeharriot,connellmcshane,1
wadeharriot,cwllwc,2
wadeharriot,dawngpsalm63,1
wadeharriot,dcexaminer,6
wadeharriot,debsellsslc,1
wadeharriot,deweylasv,1
wadeharriot,dmon4ever,1
wadeharriot,dognamedbob99,1
wadeharriot,eaaknighterrant,1
wadeharriot,ejw62_,1
wadeharriot,erictucker,1
wadeharriot,exposeliberals,1
wadeharriot,floridaguy267,1
wadeharriot,flyer1618,1
wadeharriot,foxnation,1
wadeharriot,frankgaffney,1
wadeharriot,gerfingerpoken,1
wadeharriot,gerfingerpoken2,5
wadeharriot,getitihope,1
wadeharriot,glen_lees,1
wadeharriot,gneumann_wkow,1
wadeharriot,gpduhon,1
wadeharriot,grampa194235,1
wadeharriot,gramps97,1
wadeharriot,greeneyes0084,1
wadeharriot,guardian,1
wadeharriot,gurbsr,1
wadeharriot,gurby1,1
wadeharriot,healthandcents,2
wadeharriot,heifer109,1
wadeharriot,hmrose180,1
wadeharriot,hollyammon,2
wadeharriot,immigrant4trump,1
wadeharriot,immigrant_legal,1
wadeharriot,instapundit,1
wadeharriot,intrumpswords,1
wadeharriot,jamieb373,1
wadeharriot,janimine,1
wadeharriot,jb19tele,1
wadeharriot,jdavis3,1
wadeharriot,jeanibanez,1
wadeharriot,jenniferglynn,1
wadeharriot,jennyjopgirl,1
wadeharriot,jhjanie1,1
wadeharriot,jimlibertarian,1
wadeharriot,jko417,2
wadeharriot,jmsexton_,1
wadeharriot,jobbers7,1
wadeharriot,johnmknox,1
wadeharriot,johnx5555,1
wadeharriot,jojoh888,1
wadeharriot,jpcognito,1
wadeharriot,jpm05880,1
wadeharriot,k_mcq,1
wadeharriot,karen_erotoo1,1
wadeharriot,kay_spire,1
wadeharriot,kayleighmcenany,1
wadeharriot,kc8ysl,1
wadeharriot,keiferla,1
wadeharriot,kupajo322,1
wadeharriot,kurteichenwald,1
wadeharriot,kylie_oneil75,1
wadeharriot,larryelder,1
wadeharriot,larryvance47,1
wadeharriot,latinaafortrump,1
wadeharriot,lauracgilleslil,2
wadeharriot,liliankim7,1
wadeharriot,lnnavymom,1
wadeharriot,lori_konecki,1
wadeharriot,lorizellmill,1
wadeharriot,magnifier661,3
wadeharriot,malmobon,1
wadeharriot,marcannem96,1
wadeharriot,markagallolv,1
wadeharriot,markgundy,1
wadeharriot,markknoller,1
wadeharriot,mattzap,1
wadeharriot,mauricehd1,1
wadeharriot,mavrick803,1
wadeharriot,meanguitar,1
wadeharriot,methanedetector,1
wadeharriot,michaeljohns,1
wadeharriot,mikandynothem,1
wadeharriot,mike_pence,2
wadeharriot,mikiebarb,1
wadeharriot,miller_gwen,1
wadeharriot,mitchellvii,9
wadeharriot,mljackson12,1
wadeharriot,mlong5000,1
wadeharriot,morehouse64,1
wadeharriot,mrwalsh8,1
wadeharriot,mschlapp,1
wadeharriot,nancyrutas,1
wadeharriot,nationaljournal,1
wadeharriot,nationdivided,1
wadeharriot,newsbusters,1
wadeharriot,newtgingrich,1
wadeharriot,nn99org,1
wadeharriot,no1from_nowhere,1
wadeharriot,nycmia,1
wadeharriot,nypost,1
wadeharriot,obamolizer,1
wadeharriot,ofccadjust,1
wadeharriot,ooyuzobama,1
wadeharriot,pamellalala,1
wadeharriot,patrioticpepe,1
wadeharriot,pawpatrol2015,1
wadeharriot,people_noises,1
wadeharriot,pkfanderson,1
wadeharriot,pnehlen,1
wadeharriot,ppc59,1
wadeharriot,presidentdiary,1
wadeharriot,railgirl1952,1
wadeharriot,ramzpaul,1
wadeharriot,realDenaldTrump,1
wadeharriot,realDonaldTrump,7
wadeharriot,redostoneage,1
wadeharriot,redsteeze,2
wadeharriot,revdojoe,1
wadeharriot,rharrisonfries,1
wadeharriot,robyns323,1
wadeharriot,rtoberl,1
wadeharriot,santiagos58,2
wadeharriot,sarajholla,1
wadeharriot,saratrump1,1
wadeharriot,sassylassee,1
wadeharriot,sassysassyred,1
wadeharriot,scalpatriot,1
wadeharriot,scrowder,1
wadeharriot,seanhannity,1
wadeharriot,seanspicer,1
wadeharriot,shirleyjean1776,1
wadeharriot,silentrunning12,1
wadeharriot,sjh2222,1
wadeharriot,skifflegirl,1
wadeharriot,sl_patriot,1
wadeharriot,slone,1
wadeharriot,snepcni,1
wadeharriot,socialism_sucks,1
wadeharriot,sokeijarhead,1
wadeharriot,southernkimmy,1
wadeharriot,ss31704_s,1
wadeharriot,steph93065,2
wadeharriot,thebryanhorn,1
wadeharriot,thefinn12345,1
wadeharriot,theglobaluniter,1
wadeharriot,thehill,3
wadeharriot,theleftfails,1
wadeharriot,tjemery1,1
wadeharriot,toby_dorena,2
wadeharriot,toddstarnes,2
wadeharriot,tonyzump,1
wadeharriot,torbahax,1
wadeharriot,toreilly,1
wadeharriot,trump2016fan,1
wadeharriot,trump_support16,1
wadeharriot,trumpflorida16,1
wadeharriot,trumpquility1,1
wadeharriot,ubaldo_angelo,1
wadeharriot,ufeellucky,1
wadeharriot,uwsp46,1
wadeharriot,venus58,1
wadeharriot,vivelafra,1
wadeharriot,vpenley,1
wadeharriot,warriorwithaF,1
wadeharriot,wavysor,1
wadeharriot,weknowwhatsbest,3
wadeharriot,wikileaks,2
wadeharriot,yobynnad1127,1
wadeharriot,zerohedge,1
watchmewalkin,0hour,1
watchmewalkin,100PercFEDUP,1
watchmewalkin,304TheRevTJ,1
watchmewalkin,360WiseWest1,1
watchmewalkin,ACLU,1
watchmewalkin,AHMalcolm,1
watchmewalkin,ARmastrangelo,1
watchmewalkin,AlStephenson2,1
watchmewalkin,AlanSmith2127,1
watchmewalkin,America4Trump_,1
watchmewalkin,AmericanBand911,1
watchmewalkin,AngDonlon,1
watchmewalkin,AsaretheAfrikan,1
watchmewalkin,BKAdams1984,1
watchmewalkin,Barack_and_Joe,1
watchmewalkin,BeautifulA__,1
watchmewalkin,BethWeber1,1
watchmewalkin,Bipartisanism,1
watchmewalkin,BobbyTBD,1
watchmewalkin,BradleeDean1,1
watchmewalkin,Brambleman,1
watchmewalkin,BrittPettibone,1
watchmewalkin,BroderickGreer,1
watchmewalkin,BruceBourgoine,1
watchmewalkin,BryanDawsonUSA,1
watchmewalkin,BuzzFeed,1
watchmewalkin,CC4Future,1
watchmewalkin,CNN,1
watchmewalkin,CallawayBOT,3
watchmewalkin,CarlKenner,1
watchmewalkin,ChadLivengood,1
watchmewalkin,CharlesMBlow,1
watchmewalkin,CharlesOrtel,1
watchmewalkin,Chesam57,1
watchmewalkin,ChristelijkNws,1
watchmewalkin,ConnieAmidei,1
watchmewalkin,Conservative_VW,2
watchmewalkin,CorrectRecord,1
watchmewalkin,CounterJihadUS,1
watchmewalkin,DFAaction,1
watchmewalkin,DabneyPorte,1
watchmewalkin,Dailytakes,1
watchmewalkin,DavidCornDC,1
watchmewalkin,Delo_Taylor,2
watchmewalkin,Democrat_4Trump,1
watchmewalkin,DianaMiller5,1
watchmewalkin,Disney_StarWars,1
watchmewalkin,DivintyMary,1
watchmewalkin,Dngrmse2001S,1
watchmewalkin,DrJillStein,1
watchmewalkin,EJLandwehr,1
watchmewalkin,EasyEarl,1
watchmewalkin,EileenLeft,1
watchmewalkin,EricBoehlert,1
watchmewalkin,EversFam,1
watchmewalkin,Eyes_of_justice,1
watchmewalkin,FacMagnaAmerica,1
watchmewalkin,FelicityMorse,1
watchmewalkin,FieldNigra,1
watchmewalkin,FiveRights,1
watchmewalkin,Forbes,1
watchmewalkin,FoxNews,1
watchmewalkin,FranCifelli,1
watchmewalkin,FreePatriot1611,1
watchmewalkin,Fuerza_Mundial,1
watchmewalkin,Fusion,1
watchmewalkin,GPUSyouth,1
watchmewalkin,GatorsEite23,1
watchmewalkin,GeorgiaLogCabin,1
watchmewalkin,GlennFranco68,1
watchmewalkin,Glicklich_Facts,1
watchmewalkin,GoDemIdaho,1
watchmewalkin,GoLeftYoungMan,1
watchmewalkin,Greekstudent12,1
watchmewalkin,Groovindave,1
watchmewalkin,HBJager,1
watchmewalkin,HeyTammyBruce,1
watchmewalkin,HillaryClinton,3
watchmewalkin,Honey17011,1
watchmewalkin,HumanistPundit,2
watchmewalkin,InsecureDonald,1
watchmewalkin,IrishCrow72,1
watchmewalkin,JackPosobiec,1
watchmewalkin,JamillaTweets,1
watchmewalkin,JasonMillerinDC,2
watchmewalkin,JeffersonObama,1
watchmewalkin,JillReneeJorda3,1
watchmewalkin,JoeDayspring,1
watchmewalkin,Joerayment,1
watchmewalkin,JohnFromCranber,1
watchmewalkin,JohnKStahlUSA,1
watchmewalkin,JonathanCohn,1
watchmewalkin,JordanChariton,2
watchmewalkin,JuddLegum,1
watchmewalkin,JustWhatNowWhy,1
watchmewalkin,KatrinaNation,1
watchmewalkin,KeeganNYC,1
watchmewalkin,KeithOlbermann,1
watchmewalkin,KellyannePolls,1
watchmewalkin,Kwicherbichen,1
watchmewalkin,LaurenJonesGOP,1
watchmewalkin,Lawrence,1
watchmewalkin,LeahR77,1
watchmewalkin,Lee_in_Iowa,1
watchmewalkin,LessGovMoreFun,1
watchmewalkin,LindaSuhler,2
watchmewalkin,LosinDonald,1
watchmewalkin,LouisePentland,1
watchmewalkin,Lucky5713,1
watchmewalkin,ManMet80,1
watchmewalkin,MarkDice,1
watchmewalkin,MarlowNYC,1
watchmewalkin,MassDeception1,1
watchmewalkin,MaxDfs123,1
watchmewalkin,MetroUK,1
watchmewalkin,MichaelCohen212,1
watchmewalkin,MoonAngelWings,1
watchmewalkin,MrJamesonNeat,1
watchmewalkin,MuslimIQ,1
watchmewalkin,MyInfo76880872,1
watchmewalkin,NETRetired,1
watchmewalkin,NatCounterPunch,1
watchmewalkin,NeilTurner_,1
watchmewalkin,NewDay,1
watchmewalkin,NewRepublic,1
watchmewalkin,Nigel_Farage,1
watchmewalkin,NinaBernstein1,1
watchmewalkin,NoThiefs,2
watchmewalkin,NubianAwakening,2
watchmewalkin,ObamaMalik,1
watchmewalkin,OmanReagan,2
watchmewalkin,PMbeers,1
watchmewalkin,P_Wog,1
watchmewalkin,Paterie1,1
watchmewalkin,PatriotGeorgia,1
watchmewalkin,PhinsDiehard,1
watchmewalkin,PoliticsPeach,1
watchmewalkin,PollyTickal,1
watchmewalkin,PrisonPlanet,1
watchmewalkin,ProfCAnderson,1
watchmewalkin,Progress4OHIO,1
watchmewalkin,PrometheusLaw,5
watchmewalkin,RaceForTheWH,1
watchmewalkin,Rambobiggs,1
watchmewalkin,RapefugeeWatch,1
watchmewalkin,RealAlexJones,2
watchmewalkin,RealJamesWoods,2
watchmewalkin,RedNationRising,1
watchmewalkin,Redistrict,2
watchmewalkin,RitaHisgenBoone,1
watchmewalkin,RonBrownstein,1
watchmewalkin,Rrrrnessa,1
watchmewalkin,SAliboyy,1
watchmewalkin,Sam6869,1
watchmewalkin,SandraKH8,1
watchmewalkin,SandraTXAS,2
watchmewalkin,ScottAdamsSays,1
watchmewalkin,Scott_Gilmore,1
watchmewalkin,SenSanders,1
watchmewalkin,SenWarren,1
watchmewalkin,SethMacFarlane,2
watchmewalkin,Shabbosgoy,1
watchmewalkin,Shane_Pagel,1
watchmewalkin,ShawnMichaelR,1
watchmewalkin,SlutWalkDC,1
watchmewalkin,SopanDeb,3
watchmewalkin,StevenBeschloss,1
watchmewalkin,Stevenwhirsch99,1
watchmewalkin,StopStopHillary,2
watchmewalkin,TRUMPMOVEMENTUS,2
watchmewalkin,TalibKweli,1
watchmewalkin,TeaPartyBot,1
watchmewalkin,TeamTrump,1
watchmewalkin,TeenageCloseted,1
watchmewalkin,Teri423,1
watchmewalkin,TheBradBlog,1
watchmewalkin,TheUndine3,1
watchmewalkin,Timmbarton123T,1
watchmewalkin,TransGriot,3
watchmewalkin,Trevornoah,1
watchmewalkin,TrumpHelpUS,1
watchmewalkin,TrumpMarijuana,1
watchmewalkin,TrumpSuperPAC,1
watchmewalkin,TweetingYarnie,1
watchmewalkin,WDFx2EU7,1
watchmewalkin,WTOP,1
watchmewalkin,WalkerBragman,1
watchmewalkin,Ward4Anderson,1
watchmewalkin,WhiteHouse,1
watchmewalkin,WillametteM,1
watchmewalkin,Women4Trump,1
watchmewalkin,WoobieTuesday,1
watchmewalkin,YerOpinion,1
watchmewalkin,Zac_Petkanas,1
watchmewalkin,ZaibatsuNews,1
watchmewalkin,ZulaQi,1
watchmewalkin,_Makada_,2
watchmewalkin,adbridgeforth,1
watchmewalkin,aduanebrown,1
watchmewalkin,airborne870724,1
watchmewalkin,ali,1
watchmewalkin,altacomadc,1
watchmewalkin,andendall,1
watchmewalkin,anthony76730120,1
watchmewalkin,askboomer1949,1
watchmewalkin,bassomar_omy,1
watchmewalkin,baxblog,1
watchmewalkin,bfraser747,1
watchmewalkin,billmckibben,1
watchmewalkin,bimmerella,1
watchmewalkin,blicqer,2
watchmewalkin,bomani_jones,1
watchmewalkin,boycotkochbros,1
watchmewalkin,businessinsider,1
watchmewalkin,cecicardelle,1
watchmewalkin,changemation,1
watchmewalkin,charliekirk11,1
watchmewalkin,chirprn,1
watchmewalkin,cjcmichel,1
watchmewalkin,cjsienna55,1
watchmewalkin,conor64,1
watchmewalkin,cut_the_crap_ec,1
watchmewalkin,danielgullo,2
watchmewalkin,darjbrock,1
watchmewalkin,debdennis01,1
watchmewalkin,dexter_doggie,1
watchmewalkin,dianepe44651138,1
watchmewalkin,disspat,1
watchmewalkin,dodi70,1
watchmewalkin,donnabrazile,1
watchmewalkin,drumbeats4peace,1
watchmewalkin,eaglefeather43,1
watchmewalkin,edhenry,1
watchmewalkin,ernestlevans,2
watchmewalkin,gbantiquer,1
watchmewalkin,gerfingerpoken,1
watchmewalkin,ggreenwald,1
watchmewalkin,grimreapess,1
watchmewalkin,halsteadg048,1
watchmewalkin,hankgreen,1
watchmewalkin,hinterlandg,1
watchmewalkin,homegypsy,1
watchmewalkin,hookbill,1
watchmewalkin,hookjan,1
watchmewalkin,igorvolsky,3
watchmewalkin,jchaltiwanger,1
watchmewalkin,jeanthorpe,1
watchmewalkin,jennifernvictor,1
watchmewalkin,jeremyscahill,1
watchmewalkin,jerseymes,1
watchmewalkin,jhawkins826,1
watchmewalkin,jknipebrown,1
watchmewalkin,jko417,1
watchmewalkin,jlangdale,2
watchmewalkin,johncardillo,1
watchmewalkin,jonletman,1
watchmewalkin,jpm05880,1
watchmewalkin,jpodhoretz,1
watchmewalkin,jstines3,1
watchmewalkin,karencollinsnyc,1
watchmewalkin,kim,1
watchmewalkin,kurteichenwald,1
watchmewalkin,kylegriffin1,1
watchmewalkin,larryelder,1
watchmewalkin,leahmcelrath,1
watchmewalkin,lhfang,1
watchmewalkin,luvsonofthunder,1
watchmewalkin,maglin2,1
watchmewalkin,marie52d,1
watchmewalkin,marstu67,1
watchmewalkin,mattmfm,1
watchmewalkin,mattyglesias,1
watchmewalkin,mcspocky,1
watchmewalkin,meg_platt,1
watchmewalkin,mikandynothem,1
watchmewalkin,mitchellvii,1
watchmewalkin,mjacob4404,1
watchmewalkin,mmfa,1
watchmewalkin,mrtstur,1
watchmewalkin,nezy_esfandiari,1
watchmewalkin,nickgourevitch,1
watchmewalkin,num1_fan,1
watchmewalkin,nycsouthpaw,1
watchmewalkin,nytimes,1
watchmewalkin,offgridrr,1
watchmewalkin,paulmcl,1
watchmewalkin,perfectsliders,1
watchmewalkin,peterdaou,1
watchmewalkin,petpanther0,1
watchmewalkin,pharmasean,1
watchmewalkin,pollyantics,1
watchmewalkin,potus2016app,2
watchmewalkin,pqpolitics,1
watchmewalkin,ramzpaul,1
watchmewalkin,realDonaldTrump,1
watchmewalkin,realkingrobbo,1
watchmewalkin,restructures,1
watchmewalkin,riotwomennn,1
watchmewalkin,rlocker12,1
watchmewalkin,rrich2312,1
watchmewalkin,saletan,1
watchmewalkin,sarahkendzior,1
watchmewalkin,scrowder,1
watchmewalkin,seanhannity,2
watchmewalkin,seanmdav,2
watchmewalkin,shdtlz,2
watchmewalkin,silentrunning12,1
watchmewalkin,someone92883220,1
watchmewalkin,songbirdcd,1
watchmewalkin,starfirst,1
watchmewalkin,stip_jasman,1
watchmewalkin,sumohan7,1
watchmewalkin,tajadancer,1
watchmewalkin,taleofterrier,1
watchmewalkin,thehill,2
watchmewalkin,tmj4,1
watchmewalkin,torbahax,2
watchmewalkin,tssoliai,1
watchmewalkin,upayr,1
watchmewalkin,upukcab,1
watchmewalkin,vicpelt,1
watchmewalkin,weknowwhatsbest,1
watchmewalkin,wikileaks,3
watchmewalkin,wmleemert,1
watchmewalkin,yankfan2010,1
watchmewalkin,zesty_leftwing,1
westernwindwes,ByronSwartz1,1
westernwindwes,I_AmAmerica,1
westernwindwes,IngrahamAngle,1
westernwindwes,JaredWyand,1
westernwindwes,JohnFromCranber,1
westernwindwes,Juliet777777,2
westernwindwes,LeroyLovesUSA,2
westernwindwes,LessGovMoreFun,1
westernwindwes,MABardino,1
westernwindwes,RealAlexJones,1
westernwindwes,RyanMaxwell_1,1
westernwindwes,SheriffClarke,1
westernwindwes,TalkNerdyToMe72,1
westernwindwes,WayneDupreeShow,1
westernwindwes,YoungBLKRepub,1
westernwindwes,amrightnow,3
westernwindwes,amronsomar,1
westernwindwes,andersonDrLJA,1
westernwindwes,beny_benson,1
westernwindwes,cristinalaila1,1
westernwindwes,firstcircle12,2
westernwindwes,hollandpatrickk,2
westernwindwes,impiousdigest,1
westernwindwes,jpm05880,1
westernwindwes,magnifier661,1
westernwindwes,micafarha,1
westernwindwes,patrick_hostis,1
westernwindwes,realDonaldTrump,2
westernwindwes,riogithief,1
westernwindwes,saracohennyc,1
whitehousecards,HillaryClinton,1
whitehousecards,realDonaldTrump,2
willisbonnerr,ABCPolitics,1
willisbonnerr,AaronBlake,1
willisbonnerr,BLKROCKET,1
willisbonnerr,BlackYouthProj,1
willisbonnerr,BoogsMalone,1
willisbonnerr,BruceBartlett,1
willisbonnerr,DrXPsychologist,1
willisbonnerr,EPWVLaw,1
willisbonnerr,FeministaJones,1
willisbonnerr,Fusion,1
willisbonnerr,IdekLoyda,1
willisbonnerr,MissJupiter1957,1
willisbonnerr,MsPackyetti,1
willisbonnerr,RawStory,1
willisbonnerr,SladePowers,1
willisbonnerr,TheRevAl,1
willisbonnerr,TruthOuter,1
willisbonnerr,blicqer,2
willisbonnerr,brownblaze,1
willisbonnerr,carminemac,1
willisbonnerr,eTruePolitics,1
willisbonnerr,em2wice,1
willisbonnerr,girllifetexts,1
willisbonnerr,guardian,1
willisbonnerr,jojokejohn,1
willisbonnerr,joshtpm,1
willisbonnerr,msjbe20a,2
willisbonnerr,necs,1
willisbonnerr,nmeyersohn,1
willisbonnerr,rochelleriley,1
willisbonnerr,rolandsmartin,1
willisbonnerr,sfcpoll,1
willisbonnerr,thehill,1
willisbonnerr,valorstreet15,1
willisbonnerr,voxdotcom,1
wokefromday1,Blackamazon,2
wokefromday1,BleacherReport,1
wokefromday1,BuzzFeedNews,1
wokefromday1,DJ_KOOL_ANT,1
wokefromday1,Delo_Taylor,1
wokefromday1,DemAwakening,1
wokefromday1,DonCheadle,1
wokefromday1,Duckpon12,1
wokefromday1,Fusion,2
wokefromday1,HipHopNewsOne,1
wokefromday1,JoyAnnReid,4
wokefromday1,KeithOlbermann,1
wokefromday1,LeLe5417,1
wokefromday1,Limeylizzie,1
wokefromday1,MsPackyetti,1
wokefromday1,PostPolls,1
wokefromday1,Rewire_News,1
wokefromday1,SchoofsFeed,1
wokefromday1,SherSpooner,1
wokefromday1,TEN_GOP,1
wokefromday1,TheDailyEdge,1
wokefromday1,TheRevAl,1
wokefromday1,TwiterHero,1
wokefromday1,USATOpinion,1
wokefromday1,WeNeedHillary,1
wokefromday1,blicqer,2
wokefromday1,djolder,1
wokefromday1,docrocktex26,1
wokefromday1,dreamelder,1
wokefromday1,fivefifths,1
wokefromday1,justinjm1,1
wokefromday1,keithboykin,1
wokefromday1,latimes,1
wokefromday1,pooter03,1
wokefromday1,rochelleriley,1
wokefromday1,thehill,1
wokefromday1,trueblacknews,1
worldofhashtags,3DzD,1
worldofhashtags,4everKnighttt,1
worldofhashtags,4eye76,1
worldofhashtags,ABitContrary,1
worldofhashtags,ATHEIST_Blessed,2
worldofhashtags,Adrienne_GG,1
worldofhashtags,AlexKollet,1
worldofhashtags,Alisonnj,1
worldofhashtags,Amiewriter,1
worldofhashtags,AndyBentley1,1
worldofhashtags,AndyHashtagger,9
worldofhashtags,Arcturus_9,1
worldofhashtags,AtomicElbow1,1
worldofhashtags,AwkwardlyReeRee,1
worldofhashtags,Ay_men2,2
worldofhashtags,BEaHEROplease,1
worldofhashtags,BardleyRex,2
worldofhashtags,Beavercranium,1
worldofhashtags,Billy_Pentz,1
worldofhashtags,Blu3RSX,1
worldofhashtags,BobDelaney7,1
worldofhashtags,Booth_Prince,7
worldofhashtags,Born_To_DYE,1
worldofhashtags,CSwifeLKmom,1
worldofhashtags,CaptainFindhorn,2
worldofhashtags,CaseyHern,1
worldofhashtags,Chap_O_Matic,1
worldofhashtags,ChrixMorgan,8
worldofhashtags,ConwayTweety78,1
worldofhashtags,CooterMr,1
worldofhashtags,CrankyGordon,1
worldofhashtags,CurtCBryant,1
worldofhashtags,CurtisBigMan,2
worldofhashtags,DBFR118,1
worldofhashtags,DOriginalDonald,1
worldofhashtags,Daleyinsanity,1
worldofhashtags,DanaGeezus,16
worldofhashtags,DanielAshley13,1
worldofhashtags,DavidTheNative,1
worldofhashtags,Deadly_Legion,2
worldofhashtags,Diibs9,1
worldofhashtags,DimwittedGenius,1
worldofhashtags,DrEricBruin,1
worldofhashtags,DrProfessor756,2
worldofhashtags,Dreamweasel,4
worldofhashtags,Edwardaespinoza,1
worldofhashtags,EgotasticFT,2
worldofhashtags,ElPenguinito,1
worldofhashtags,Emptydata,1
worldofhashtags,FaithPeaceLove2,1
worldofhashtags,FeeBooths,9
worldofhashtags,FightNowAmerica,1
worldofhashtags,FiveRights,1
worldofhashtags,FunnyFarmer10,1
worldofhashtags,GG70882020,1
worldofhashtags,GadflyMorse,1
worldofhashtags,Gentleman_John,1
worldofhashtags,GiselleEvns,8
worldofhashtags,Goodluckbeer,1
worldofhashtags,GreatWordsmith,1
worldofhashtags,HassanMoKhan,4
worldofhashtags,HereIs_Kev,2
worldofhashtags,HeyItsChadAlan,1
worldofhashtags,HillaryCuntin,1
worldofhashtags,HurtsWhenIP23,1
worldofhashtags,HydroTech12,1
worldofhashtags,IBeatDeadHorses,1
worldofhashtags,Iamgoodtome,1
worldofhashtags,ImGayNotStupid,1
worldofhashtags,JD_Snapps,1
worldofhashtags,JamesMorgan92,1
worldofhashtags,James__Raymond,1
worldofhashtags,JimKilbane,1
worldofhashtags,JimmyAll,1
worldofhashtags,JoMC1703,1
worldofhashtags,JohnFPLane,1
worldofhashtags,JonnieConcrete,1
worldofhashtags,KZastrau,1
worldofhashtags,KeswickPinhead,2
worldofhashtags,Kid_Minneapolis,1
worldofhashtags,LADaddy,1
worldofhashtags,LSUArsenalCorey,1
worldofhashtags,LiamKersting,1
worldofhashtags,LoLo_OOC,1
worldofhashtags,Longhairleeroy,1
worldofhashtags,Mephist0paulus,1
worldofhashtags,Mikey_Pisano,1
worldofhashtags,Mr_khenny,1
worldofhashtags,NimbleNavgater,1
worldofhashtags,NrouteHQ,1
worldofhashtags,Ogreing,1
worldofhashtags,OhThatJim,1
worldofhashtags,PepeSupremist,1
worldofhashtags,Peters1Aaron,1
worldofhashtags,PotTopicz,2
worldofhashtags,PresidentJeffPJ,3
worldofhashtags,PunmasterP,1
worldofhashtags,RBLX_livinggame,1
worldofhashtags,RaymondSiwale,1
worldofhashtags,ReadTheHornNews,1
worldofhashtags,Redlinesi10,2
worldofhashtags,RobShelburne,1
worldofhashtags,Rpiper07,1
worldofhashtags,Runn4UrLives,1
worldofhashtags,SayDeah,1
worldofhashtags,ScottThom3,1
worldofhashtags,SebastianBae,1
worldofhashtags,SemeiMuCasa,1
worldofhashtags,Shane_Rodenbeck,6
worldofhashtags,ShoKnowMo,1
worldofhashtags,SishirChetri,1
worldofhashtags,SoarMich,1
worldofhashtags,SonnyUndercover,1
worldofhashtags,StevenEveral,1
worldofhashtags,Stevens1125,1
worldofhashtags,StitchyPooh15,1
worldofhashtags,TGJones_62,2
worldofhashtags,THEManOf_Steel_,1
worldofhashtags,Tall_Midg3t,1
worldofhashtags,TheFoundingSon,1
worldofhashtags,TheRealMattheos,1
worldofhashtags,TheTrutherTank,1
worldofhashtags,ThisSideOp,1
worldofhashtags,Thor_2000,1
worldofhashtags,TrivagoD,1
worldofhashtags,TrumpWeiners4,1
worldofhashtags,Trump_ette2016,2
worldofhashtags,TuttlePatriarch,1
worldofhashtags,TysonFromABQ,1
worldofhashtags,UnderVisualsNYC,1
worldofhashtags,WilsonFrontier,1
worldofhashtags,Wisco,1
worldofhashtags,WoolyWoolhouse,1
worldofhashtags,XQueenAckermanX,1
worldofhashtags,YourVoteAmerica,1
worldofhashtags,YukikoAsakura,2
worldofhashtags,Zooeyyxx,1
worldofhashtags,_SayCheesecake,1
worldofhashtags,alexypkeaton,1
worldofhashtags,alwaztypin,1
worldofhashtags,ameegraham,1
worldofhashtags,antic5,1
worldofhashtags,beerscouts,1
worldofhashtags,booklover3414,1
worldofhashtags,btechfan,1
worldofhashtags,butterfenga,1
worldofhashtags,cdigitech,1
worldofhashtags,chevere4ever,1
worldofhashtags,ckagey,1
worldofhashtags,cooleddie_74,1
worldofhashtags,daacpa,1
worldofhashtags,dangstephen2sa1,1
worldofhashtags,dannyreallife,2
worldofhashtags,dannythehappies,1
worldofhashtags,darleneturner53,2
worldofhashtags,deathofcivility,1
worldofhashtags,dexmonte1,2
worldofhashtags,don_haworth,2
worldofhashtags,dwttennis,1
worldofhashtags,eddywaraich91,4
worldofhashtags,edfomeara,1
worldofhashtags,edooGtreboR,1
worldofhashtags,edward_shore,1
worldofhashtags,effiekling,1
worldofhashtags,fatalmocking,1
worldofhashtags,fedbizop,1
worldofhashtags,frostbytefalls,1
worldofhashtags,geoffclark37,1
worldofhashtags,giveitago2,1
worldofhashtags,googergieger,7
worldofhashtags,gosa_kahkok,1
worldofhashtags,holycrapchrix,1
worldofhashtags,iCrazyDavey,1
worldofhashtags,im_srishabh21,2
worldofhashtags,itssimonsfault,1
worldofhashtags,jarvok01,3
worldofhashtags,jaylsisak,1
worldofhashtags,jensimeo,1
worldofhashtags,jm_meunier,1
worldofhashtags,kauffeemann,1
worldofhashtags,kshark001,1
worldofhashtags,latoyajackson,1
worldofhashtags,leftyguitar1,2
worldofhashtags,linkis50,1
worldofhashtags,livewbeth,2
worldofhashtags,lokikittie,1
worldofhashtags,luvstern1,1
worldofhashtags,lyndseybell98,1
worldofhashtags,marildeo,1
worldofhashtags,mburnettt,1
worldofhashtags,meyer2311,1
worldofhashtags,monalisa4068,1
worldofhashtags,mrdonmacneill,1
worldofhashtags,murfdom,1
worldofhashtags,neverhipster,2
worldofhashtags,nikhammik,1
worldofhashtags,nolansdad55,2
worldofhashtags,o_al_aqeel,1
worldofhashtags,outrageous74,2
worldofhashtags,pdiddy71,2
worldofhashtags,phoutz,1
worldofhashtags,randilynisin,2
worldofhashtags,realIgorTot,1
worldofhashtags,republicanbob,1
worldofhashtags,ringgoldsandra,1
worldofhashtags,rohan_kumar99,1
worldofhashtags,scaglioned,1
worldofhashtags,screechmonkey,1
worldofhashtags,sheabrowning,1
worldofhashtags,shewhoisgreat,1
worldofhashtags,shopgirl012974,1
worldofhashtags,sparklefade89,1
worldofhashtags,squatchdiary,1
worldofhashtags,steve_sobel,1
worldofhashtags,stevennelson899,1
worldofhashtags,stormynights10,4
worldofhashtags,stuckinbetween3,1
worldofhashtags,supereeves_,1
worldofhashtags,tacoeater,3
worldofhashtags,tbchicago1,1
worldofhashtags,thoughtfloss,1
worldofhashtags,timcogan,1
worldofhashtags,tjrocks18,1
worldofhashtags,tookaz,1
worldofhashtags,towerclimber007,1
worldofhashtags,travisj0331,1
worldofhashtags,treedoesstandup,1
worldofhashtags,truthusmaximus,1
worldofhashtags,tunaofthesky,4
worldofhashtags,uncle_gong,1
worldofhashtags,visionnairasoc,1
worldofhashtags,waba4,1
worldofhashtags,wendymncees143,1
worldofhashtags,whoulooknat,1
worldofhashtags,wwsnoopy1,1
worldofhashtags,xNICKTAYLORx,1
worldofhashtags,xWallWriterx,1
worldofhashtags,xXpcstevens,1
worldofhashtags,zamgirl1,1
youjustctrlc,ABC7,1
youjustctrlc,AnandWrites,1
youjustctrlc,AriMelber,1
youjustctrlc,BrandonEaston,1
youjustctrlc,DebFischerNE,1
youjustctrlc,Dreamdefenders,1
youjustctrlc,EricBoehlert,1
youjustctrlc,FleshmanKaren,1
youjustctrlc,Independent,2
youjustctrlc,JamilSmith,1
youjustctrlc,JoyAnnReid,1
youjustctrlc,JusticeWillett,1
youjustctrlc,KeshRue,1
youjustctrlc,MarkRuffalo,1
youjustctrlc,MissJupiter1957,1
youjustctrlc,MsPackyetti,1
youjustctrlc,MtRushmorePod,1
youjustctrlc,NBCNightlyNews,1
youjustctrlc,NoTotally,1
youjustctrlc,No_Cut_Card,1
youjustctrlc,PiaGlenn,1
youjustctrlc,PrinceHAK33M,1
youjustctrlc,RedBeKnowing,1
youjustctrlc,ShaunKing,1
youjustctrlc,Shvartacus,1
youjustctrlc,Sifill_LDF,1
youjustctrlc,SopanDeb,1
youjustctrlc,SoulRevision,1
youjustctrlc,TalibKweli,1
youjustctrlc,TheJusticeDept,1
youjustctrlc,YahooNews,1
youjustctrlc,ZerlinaMaxwell,1
youjustctrlc,angryblackhoemo,1
youjustctrlc,blicqer,2
youjustctrlc,brianklaas,1
youjustctrlc,daniecal,1
youjustctrlc,deray,2
youjustctrlc,gelliottmorris,1
youjustctrlc,ggreenwald,1
youjustctrlc,keithboykin,3
youjustctrlc,latimes,1
youjustctrlc,nytimes,1
youjustctrlc,nytpolitics,2
youjustctrlc,profblmkelley,1
youjustctrlc,rizzoTK,1
youjustctrlc,romper,1
youjustctrlc,sacca,1
youjustctrlc,samswey,1
youjustctrlc,sfpelosi,1
youjustctrlc,shadowandact,1
youjustctrlc,theshrillest,2
zistti,tina_kandelaki,1
zzzacharyzzz,AnonIntelGroup,1
zzzacharyzzz,AzaniaJustice,1
zzzacharyzzz,BFHSNetwork,2
zzzacharyzzz,Blu_PHIlosopher,1
zzzacharyzzz,BroderickGreer,1
zzzacharyzzz,CNNgo,1
zzzacharyzzz,ColossILL,1
zzzacharyzzz,DryerBuzz,1
zzzacharyzzz,EWErickson,1
zzzacharyzzz,Fusion,1
zzzacharyzzz,HH_REVOLUTION,1
zzzacharyzzz,HillaryClinton,1
zzzacharyzzz,HotNewHipHop,1
zzzacharyzzz,ImAngelaBassett,1
zzzacharyzzz,JacloPac,1
zzzacharyzzz,JamilSmith,3
zzzacharyzzz,JamilesLartey,1
zzzacharyzzz,JoyAnnReid,1
zzzacharyzzz,MrNegroMilitant,3
zzzacharyzzz,RaceForward,1
zzzacharyzzz,Russian_Starr,1
zzzacharyzzz,ShaunKing,1
zzzacharyzzz,TheDailyEdge,1
zzzacharyzzz,TransGriot,2
zzzacharyzzz,adamjohnsonNYC,1
zzzacharyzzz,bigkim46,1
zzzacharyzzz,blicqer,1
zzzacharyzzz,ggreenwald,1
zzzacharyzzz,jayrosen_nyu,1
zzzacharyzzz,joshforprogress,2
zzzacharyzzz,kdog0126,1
zzzacharyzzz,kylegriffin1,2
zzzacharyzzz,madamecain,1
zzzacharyzzz,rolandsmartin,1
zzzacharyzzz,sinbadbad,1
zzzacharyzzz,tchop__StL,1
zzzacharyzzz,theaveragevoter,1
zzzacharyzzz,thehill,1
zzzacharyzzz,tintinnabulous,1
